ply
format ascii 1.0
element vertex 7241
property float x
property float y
property float z
end_header
-38.792200 94.354300 280.124000
-38.514900 94.444600 279.542000
-37.847600 94.521000 277.888000
-38.158750 94.496500 278.687500
-37.001400 94.520500 275.545000
-37.295050 94.506850 276.355500
-37.596900 94.504900 277.201000
-36.414559 18.295869 350.816631
-36.667354 17.839312 351.587224
-36.138643 18.953328 349.974256
-36.325638 18.502446 350.541514
-36.013182 19.402100 349.550000
-36.084550 94.510250 273.072500
-36.398800 94.528700 273.919000
-36.705750 94.534850 274.750000
-35.984267 19.747876 349.401802
-35.936361 20.440690 349.087404
-35.867598 21.243705 348.645610
-35.869771 21.940545 348.425877
-35.327700 94.522700 271.069000
-35.551700 94.516800 271.669000
-35.783700 94.516300 272.287000
-34.880760 17.424542 352.560365
-34.561924 17.742714 351.712822
-34.692700 94.527450 269.255500
-34.980200 94.528800 270.065000
-35.196500 94.529800 270.693000
-33.814900 94.515800 266.875000
-34.054650 94.515750 267.547000
-34.396200 94.519200 268.445000
-33.024340 -80.413780 340.379045
-32.908500 -79.548118 340.222676
-32.882150 5.917350 270.059000
-33.186300 5.671900 270.932000
-32.800383 94.130690 269.308095
-33.019282 94.113523 269.864102
-33.417445 94.078325 270.836452
-32.957700 94.485250 264.515500
-33.255400 94.494000 265.375000
-33.525050 94.500850 266.056500
-32.534000 6.273850 269.163000
-32.216250 6.786460 268.362750
-32.004900 7.212190 267.813000
-32.544005 24.762658 345.128570
-32.658872 25.251257 345.244759
-32.206219 94.140190 267.680596
-32.448478 94.143289 268.367091
-32.674986 94.148253 268.983086
-32.138500 94.513300 262.235000
-32.372700 94.497200 262.914000
-32.685300 94.496200 263.766000
-31.370557 4.504139 271.130596
-31.473834 4.440723 271.295632
-31.735500 7.922790 267.082000
-31.843967 7.583147 267.397333
-31.600475 8.373020 266.730750
-31.332880 9.165834 266.008400
-31.783367 15.972440 354.889801
-31.354554 16.351652 353.737267
-31.629344 16.119817 354.466251
-31.355435 94.118305 265.381617
-31.633839 94.107823 266.127120
-31.866952 94.123588 266.749109
-31.402600 94.525900 260.389000
-31.658800 94.534950 260.979500
-31.928100 94.516900 261.669000
-30.579129 -60.528085 347.209101
-31.149909 4.648948 270.645516
-30.575464 5.337661 269.083459
-30.883254 4.909205 269.909869
-30.789000 10.382200 264.531000
-31.006725 9.944795 265.153500
-30.493500 10.883000 263.727000
-30.667800 10.610650 264.196000
-31.065267 16.577296 352.952228
-30.783032 16.804930 352.235217
-30.506902 94.098696 263.044138
-30.723512 94.106459 263.649131
-30.959870 94.109092 264.305127
-30.597000 94.473500 258.151000
-30.875900 94.496250 258.911500
-31.171800 94.508000 259.758000
-29.643538 3.930993 271.856932
-30.149506 6.236192 267.928614
-30.298065 5.867669 268.327825
-29.874048 7.125687 267.174106
-30.026797 6.666490 267.584369
-29.744462 7.550682 266.815114
-30.391900 11.020600 263.463000
-29.823833 11.826367 262.179000
-30.134167 11.374300 262.821333
-29.846933 94.100284 261.263144
-30.168994 94.103201 262.124139
-30.289393 94.090937 262.443144
-29.825200 94.535900 255.990000
-29.985250 94.474250 256.493500
-30.289100 94.459950 257.307500
-28.997414 -76.200474 340.377084
-28.914949 4.631152 270.088707
-29.188889 4.284043 270.844715
-29.447795 4.025646 271.543655
-29.479952 8.432537 266.119360
-29.162758 9.399949 265.313141
-29.307610 8.970951 265.693552
-28.918951 9.990825 264.649971
-29.022660 9.751655 264.947607
-28.927509 94.106223 258.785650
-29.191867 94.106097 259.531147
-29.465424 94.103806 260.256146
-28.113213 -68.081980 338.856217
-28.124916 -67.885301 339.030283
-28.151695 -67.716941 339.346401
-28.573908 5.328063 269.113426
-28.787591 4.871718 269.700426
-28.312650 6.040926 268.394227
-28.075767 6.755525 267.785304
-28.771556 10.268267 264.274313
-28.202077 10.997501 262.723900
-28.522403 10.659319 263.584091
-28.696014 10.421772 264.056225
-28.507987 53.520769 343.226798
-28.483162 53.748175 343.218732
-28.357031 54.425114 343.100343
-28.429492 54.826373 343.338653
-28.123329 94.092615 256.566166
-28.386684 94.083863 257.264669
-28.654544 94.088631 258.003163
-27.835987 -72.924782 337.554673
-27.968508 7.188661 267.485188
-27.800196 7.818550 267.011142
-27.925865 7.361674 267.347042
-27.533607 8.698438 266.297343
-27.675104 8.255724 266.666920
-27.384982 9.222282 265.901379
-27.236030 9.744780 265.484415
-27.377153 11.761080 260.466470
-27.693999 11.472642 261.314632
-27.951414 11.237400 262.027765
-27.907411 29.974944 342.734062
-27.918624 94.092583 256.022169
-27.085083 10.182373 265.100830
-26.820021 10.770271 264.392613
-26.490076 11.282223 263.508199
-26.869007 12.314053 259.113158
-26.964158 12.184059 259.362232
-26.326173 -85.280133 331.617783
-26.009307 -84.556019 331.155700
-25.666446 -67.706193 341.498451
-25.887345 -67.575758 342.207474
-26.211425 -67.336187 343.354993
-26.299096 -67.193835 343.750433
-26.379760 -67.037266 344.101848
-25.891270 -47.416726 253.890980
-25.990359 -46.928475 254.307532
-25.997907 -46.513005 254.434460
-25.986072 -46.223469 254.489293
-25.911860 -44.894279 259.257147
-25.885261 -44.432790 259.343458
-25.813592 -43.630496 259.359325
-25.809498 -42.851111 259.449281
-25.899641 -42.243358 259.708976
-25.624820 -37.659657 354.748723
-25.659079 -37.332323 355.034703
-25.788199 -37.037087 355.427314
-25.730694 -36.775949 355.393107
-25.818149 2.347305 271.889973
-25.903233 2.273703 272.027277
-25.643166 2.496212 271.510347
-25.724638 11.990378 261.475928
-25.945869 11.824410 262.064273
-26.209233 11.595698 262.754702
-24.867978 -73.553366 338.479760
-24.804861 -68.895529 338.384207
-24.879314 -68.622553 338.715637
-25.132105 -68.140425 339.712933
-25.530005 -67.800217 341.027814
-25.169088 -49.851855 251.865636
-25.189172 -49.324244 251.986083
-25.204141 -49.023757 252.059910
-25.268312 -48.596778 252.241498
-25.439286 -37.977744 353.274180
-25.533235 -37.827766 354.100955
-25.410859 2.841077 270.819530
-24.913352 3.824042 269.370308
-25.067739 3.471047 269.819837
-24.803922 4.095364 269.092435
-25.040834 12.488641 259.633367
-25.274978 12.315415 260.298232
-25.500206 12.154348 260.888579
-25.257093 54.928514 343.407083
-24.662570 -73.095249 338.037526
-24.551199 -72.580840 337.746725
-24.469924 -71.952103 337.514600
-24.619486 -69.700795 337.759091
-24.704436 -69.295666 338.038282
-24.037111 -44.627526 254.378860
-24.277129 -44.391988 254.978001
-24.648094 4.536141 268.672911
-24.746502 4.264972 268.943243
-24.341814 5.525021 267.859892
-24.480051 5.066269 268.221350
-24.232284 5.956275 267.549786
-24.040141 6.759924 267.017584
-24.176190 13.522326 257.297300
-24.045600 13.786523 256.937002
-23.528089 -83.057168 333.398323
-23.303576 -66.188345 344.571826
-23.462581 -65.976929 344.913082
-23.463427 -58.033600 251.763748
-23.423096 -57.172480 251.665217
-23.418801 -56.408337 251.733583
-23.456752 -55.579384 251.898559
-23.440595 -54.791370 251.859898
-23.307349 -54.110354 251.489029
-23.216795 -46.438153 252.022943
-23.345092 -46.169370 252.405605
-23.611758 -45.777791 253.138355
-23.738813 -45.502721 253.500012
-23.850315 -45.125987 253.826927
-23.974011 -44.758525 254.202861
-23.966322 7.107043 266.795683
-23.765849 7.906414 266.285033
-23.884405 7.460996 266.582754
-23.622778 8.394970 265.893560
-23.348470 9.204021 265.185240
-23.888423 14.182780 256.505933
-23.610321 14.920831 255.752868
-23.756211 14.514272 256.135263
-23.291903 15.827365 254.939661
-23.437010 15.403701 255.299898
-23.202153 16.144258 254.689714
-22.578535 -97.797692 338.104766
-22.622384 -97.474007 338.181304
-22.925502 -96.666436 339.020995
-22.990968 -88.500080 329.936922
-22.672556 -70.654374 342.329193
-22.937730 -70.206090 343.024859
-23.116233 -69.715035 343.513955
-23.153464 -69.407098 343.657938
-23.137452 -66.388241 344.204530
-22.504210 -58.694397 342.555712
-22.629309 -58.267829 342.766887
-23.182446 -53.697218 251.197988
-23.058312 -53.178866 250.934221
-22.956026 -52.396146 250.757197
-22.877395 -51.600553 250.646960
-22.721457 -50.429871 250.392624
-22.769859 -50.869210 250.457426
-22.701187 -49.994286 250.365356
-22.694815 -49.482426 250.384060
-22.700498 -49.063743 250.442498
-22.769668 -48.423099 250.661550
-22.904032 -47.963414 251.026444
-23.016692 -47.533197 251.412131
-23.127935 -46.820283 251.746306
-22.666644 -35.407475 261.447814
-22.507088 -34.896103 261.313285
-22.426028 -29.174620 261.387106
-22.538604 -28.922776 261.695046
-22.750194 -28.454836 262.312374
-22.822908 -28.140382 262.599676
-22.693632 -27.304777 262.338292
-22.798464 -27.789377 262.603624
-22.666253 -26.776885 262.279648
-22.836092 -25.939816 262.802763
-22.886957 10.213510 263.947054
-23.043972 9.890141 264.381262
-22.483163 10.902307 262.888645
-22.696006 10.560870 263.441723
-23.053770 16.648752 254.323261
-23.125524 16.395799 254.495485
-23.008191 17.066679 254.194223
-22.305661 -71.489049 341.376041
-22.390718 -59.016831 342.361693
-22.365425 -34.404864 260.988318
-22.241706 -33.757455 260.673433
-22.305880 -34.129137 260.851629
-22.149151 -33.189034 260.425904
-22.063719 -32.370119 260.215829
-22.057213 -31.581471 260.244740
-22.079533 -30.807282 260.391656
-22.159993 -30.140221 260.667691
-22.261164 -29.719489 260.949941
-22.349724 -29.405834 261.197300
-21.905941 1.344943 269.851188
-21.659043 1.851550 269.166955
-22.390023 11.040353 262.633317
-21.975313 11.546756 261.541849
-22.189954 11.295751 262.105110
-22.033328 54.873866 343.761840
-20.825171 -44.072676 255.676610
-20.829039 -43.877538 255.778146
-20.841818 -36.527981 256.615490
-20.987268 -36.153893 257.065065
-21.111915 -35.868728 257.460554
-21.280873 -35.631746 257.923201
-20.853393 -21.069086 266.127910
-21.029979 -20.486526 266.679405
-21.243242 -20.079367 267.322996
-21.279945 -19.995093 267.391188
-21.493912 2.366450 268.703418
-21.547365 2.194625 268.850590
-21.352221 2.831572 268.291465
-21.140790 3.722997 267.684613
-21.255947 3.269869 268.012703
-20.916411 4.622663 267.122708
-21.018224 4.250595 267.370019
-20.832282 4.967550 266.890465
-20.935337 12.435465 258.792125
-20.852710 86.869186 253.241810
-20.837100 87.496361 253.188153
-20.847004 88.437399 253.133357
-20.401781 -99.402600 339.279782
-20.044757 -98.933368 338.567899
-20.742320 -43.429265 255.726043
-20.638024 -42.787022 255.527813
-20.535806 -41.964697 255.296377
-20.478881 -41.162724 255.150654
-20.436734 -40.377517 255.119385
-20.428134 -39.692008 255.171961
-20.459606 -38.851807 255.353834
-20.544187 -38.031917 255.650834
-20.630724 -37.468662 255.904613
-20.725758 -37.069549 256.223338
-20.787098 -36.756850 256.430264
-20.070237 -24.086362 263.838341
-20.087480 -23.674202 263.944237
-20.043560 -22.928770 263.859653
-20.305228 -22.258034 264.429053
-20.654665 -21.807571 265.461760
-20.748596 -21.489996 265.798292
-20.715291 5.406343 266.562446
-20.520044 6.024976 266.039981
-20.247663 6.896934 265.312854
-20.376292 6.468972 265.659012
-20.027466 7.588414 264.720390
-20.101838 7.338029 264.920125
-20.631263 12.686218 257.950035
-20.078870 13.398632 256.390749
-20.310674 13.002179 257.061391
-20.053567 67.751369 253.341162
-20.105532 69.178224 253.356839
-20.099422 69.967486 253.164434
-20.128538 70.753663 253.260426
-20.163601 71.725582 253.324326
-20.163674 72.504858 253.165242
-20.160595 73.236312 253.131559
-20.236780 74.052014 253.203843
-20.273329 74.747440 253.201718
-20.285137 75.264809 253.164484
-20.321319 76.444704 253.143743
-20.370315 77.812276 253.079319
-20.443247 78.744017 253.252437
-20.444464 79.502884 253.091522
-20.507149 80.347181 253.191643
-20.487172 81.129245 253.145354
-20.547196 81.651852 253.202130
-20.544065 82.863365 253.086249
-20.668750 83.597852 253.199534
-20.700359 84.550760 253.145336
-20.694804 85.131188 253.058044
-20.715517 85.970608 253.059960
-20.771648 86.475915 253.127470
-20.799308 87.541907 253.142686
-20.733587 89.418065 252.732646
-20.779250 89.130687 252.904783
-20.410352 90.152332 251.797537
-20.583412 89.815261 252.364637
-19.654594 -104.167979 346.214191
-19.472459 -103.457812 345.855638
-19.797862 -98.581380 338.086896
-19.403695 -53.229565 251.033996
-19.316904 -52.358100 250.964772
-19.280366 -51.575647 250.909123
-19.283451 -50.902104 250.970957
-19.256067 -49.719807 251.052735
-19.262364 -49.210286 251.074813
-19.267595 -48.630606 251.173728
-19.273713 -48.213480 251.232963
-19.412988 -47.775100 251.613272
-19.619828 -47.371355 252.192825
-19.687337 -46.817756 252.450933
-19.643455 -45.863683 252.412826
-19.635386 -45.191290 252.489369
-19.692715 -44.789724 252.695373
-19.785004 -44.355168 253.116560
-19.262939 -31.475666 261.038542
-19.354620 -30.815536 261.427692
-19.384913 -30.391011 261.561983
-19.405626 -29.991103 261.674473
-19.444559 -29.190041 261.856892
-19.425293 -28.394517 261.846902
-19.392214 -27.591691 261.776254
-19.429750 -26.811015 261.907508
-19.507248 -26.136535 262.161350
-19.605233 -25.706531 262.417691
-19.726708 -25.215113 262.744808
-19.883478 -24.720419 263.187282
-19.963874 -24.489918 263.451722
-19.949124 7.837151 264.513637
-19.685594 8.534809 263.791401
-19.843759 8.117012 264.232276
-19.317232 9.304646 262.848396
-19.503311 8.954928 263.309086
-19.797715 14.120822 255.551627
-19.953250 13.701365 256.011653
-19.558229 14.856088 254.882326
-19.303860 15.754792 254.213239
-19.411264 15.359138 254.511841
-19.377612 40.910047 253.576466
-19.390536 41.352173 253.617228
-19.358079 41.864083 253.588164
-19.363620 42.296546 253.610064
-19.392693 42.846170 253.638730
-19.407482 43.670297 253.518872
-19.417828 43.336832 253.638375
-19.473371 44.560279 253.557709
-19.498817 44.107819 253.602254
-19.480140 45.245897 253.540308
-19.482469 45.879295 253.549385
-19.534855 46.885901 253.707686
-19.542090 48.601670 253.516896
-19.551469 49.416164 253.554018
-19.634593 50.034640 253.622889
-19.557256 51.690627 253.423783
-19.635065 53.094015 253.394386
-19.697041 54.017367 253.488796
-19.673918 54.972499 253.466064
-19.679767 55.608160 253.351153
-19.717239 56.499766 253.380720
-19.750056 57.503973 253.568616
-19.709211 58.067737 253.356859
-19.768642 58.679462 253.398309
-19.737864 59.516008 253.267786
-19.756285 60.312297 253.333606
-19.842238 61.030767 253.450332
-19.807643 61.793088 253.324537
-19.901964 62.751712 253.294135
-19.909773 63.654300 253.330861
-19.958225 64.507087 253.354797
-19.983427 65.181050 253.346295
-19.936745 66.039141 253.279216
-19.945069 66.899765 253.279340
-19.973335 67.479762 253.252505
-19.518081 90.351583 249.309280
-19.770351 90.364256 250.002709
-18.629807 -95.636747 335.705009
-18.465642 -57.007142 248.086873
-18.532849 -56.401863 248.395853
-18.590984 -55.972672 248.744114
-18.712193 -55.731394 249.179086
-18.917179 -55.438549 249.760371
-18.810433 -54.836287 249.389043
-18.805903 -54.315179 249.323582
-18.406512 -34.402595 258.579184
-18.454591 -33.964974 258.790892
-18.462625 -33.223880 258.913469
-18.510561 -32.635872 259.053298
-18.728461 -32.252053 259.534399
-19.104196 -31.838113 260.495207
-18.429399 -18.594593 267.817963
-18.471896 -18.248584 267.975510
-18.524791 -17.906512 268.181794
-18.624886 -17.200112 268.489535
-18.663498 -16.672941 268.682988
-18.726543 -16.329965 268.925676
-18.865171 -15.871196 269.247637
-18.424995 -2.192656 268.660845
-19.162745 9.577232 262.457817
-18.776637 10.295313 261.387881
-18.995533 9.891552 262.004530
-18.506089 10.814987 260.657882
-18.631117 10.566107 261.004841
-19.050846 16.648718 253.520656
-19.134247 16.333508 253.767595
-18.928511 17.139900 253.179859
-18.679170 18.030131 252.482189
-18.802436 17.621445 252.810848
-18.431623 18.835530 251.800616
-18.545768 18.502623 252.112000
-18.405447 20.754659 251.585726
-18.522707 21.031804 251.872187
-18.640238 21.310248 252.166648
-18.854267 21.765192 252.744983
-19.123078 90.297152 248.485825
-17.648059 -61.029022 245.432100
-17.723757 -60.809660 245.636402
-17.823721 -60.391333 245.943215
-17.937578 -59.890926 246.311287
-18.034230 -59.459880 246.628689
-18.158573 -58.884801 247.045958
-18.236404 -58.515842 247.283534
-18.308390 -57.992554 247.562856
-18.381987 -57.468232 247.839183
-17.603183 -37.719728 255.993412
-17.639403 -37.646152 256.057599
-17.778779 -37.141805 256.533150
-17.966976 -36.558118 257.169697
-18.107977 -36.102054 257.667738
-18.195439 -35.538741 257.952432
-18.279528 -34.881504 258.246447
-18.366383 -34.556455 258.470950
-17.709577 -19.805582 265.939088
-18.058614 -19.404929 266.789134
-18.314550 -19.026006 267.504853
-18.344937 -1.915094 268.499158
-18.232350 -1.203833 268.202825
-18.081304 -0.387292 267.796018
-17.965145 0.320335 267.508225
-17.800058 1.309079 267.032712
-17.861704 0.956346 267.237218
-17.693413 1.842856 266.717691
-18.378873 11.061860 260.330913
-17.834479 11.937349 258.892839
-18.123881 11.532681 259.652631
-18.307595 11.211430 260.143654
-18.366892 19.066763 251.616403
-18.194195 19.793053 251.108347
-18.275173 19.382611 251.347100
-18.213420 20.124698 251.119953
-18.321747 20.496201 251.352391
-17.614342 83.592886 253.546354
-17.614444 84.102003 253.502042
-17.644480 85.237064 253.425093
-17.720337 86.048140 253.532727
-17.760188 85.976265 253.600876
-17.719802 86.792096 253.408399
-17.753357 87.658550 253.371266
-17.769298 88.337542 253.301787
-17.731683 89.103570 253.115404
-17.612533 89.728279 252.757610
-16.828653 -99.599082 337.957800
-17.061286 -62.162926 243.792156
-17.372276 -61.855629 244.468997
-17.511384 -61.628531 244.844532
-17.566227 -61.365740 245.130096
-17.191502 -48.809074 254.240486
-17.213590 -48.665527 254.380637
-17.310779 -48.265653 254.584463
-17.390976 -47.580314 254.610318
-17.259820 -46.494889 254.278143
-17.069278 -45.914379 254.055021
-16.939917 -45.184815 253.819972
-16.905120 -44.394221 253.729262
-16.887148 -43.617001 253.715070
-16.886520 -42.847246 253.743153
-16.874757 -42.001576 253.824215
-16.872965 -41.227309 253.941395
-16.925633 -40.573443 254.099120
-17.116043 -40.121314 254.486875
-17.298511 -39.588907 254.866175
-17.350477 -39.027415 255.156813
-17.388912 -38.626957 255.359465
-17.487241 -38.075343 255.699020
-16.998821 -27.221811 263.100754
-16.900375 -26.842167 263.071351
-16.844502 -26.298016 263.155863
-16.878042 -25.871288 263.336574
-17.016424 -25.384563 263.787223
-17.132130 -24.979373 264.178322
-17.121006 -24.463650 264.253621
-16.907215 -23.526805 263.741568
-17.010904 -23.983985 264.026206
-16.805301 -23.049549 263.490457
-16.988097 -21.345007 263.926960
-17.144301 -21.170832 264.325171
-17.367181 -20.869825 264.934937
-17.478983 -20.380758 265.358471
-17.543100 2.375452 266.325034
-17.591353 2.205295 266.457245
-17.255566 3.071046 265.596542
-17.396565 2.733042 265.939609
-17.069844 3.521447 265.120080
-16.870705 4.399219 264.605834
-16.815917 4.835639 264.367768
-16.962300 12.717782 256.536785
-17.195833 12.495237 257.191232
-17.494334 12.247379 258.012955
-16.824719 57.980441 253.959416
-16.825701 60.293261 253.839526
-16.824608 61.138075 253.869084
-16.922162 61.906009 253.842295
-16.810050 62.849857 253.648152
-16.971019 63.491345 253.855430
-16.920050 64.393656 253.736873
-16.975354 66.094946 253.764412
-16.991221 66.665327 253.724359
-16.993509 67.566259 253.638702
-17.078671 68.286636 253.832343
-17.082476 68.964524 253.730610
-17.025033 70.122248 253.532785
-17.068229 70.759894 253.541544
-17.079958 71.395591 253.548497
-17.143954 71.726406 253.641901
-17.178552 72.339073 253.661529
-17.205926 73.207294 253.646321
-17.255840 74.235880 253.573319
-17.266982 73.742733 253.699187
-17.240433 74.753885 253.561444
-17.265063 75.116364 253.616686
-17.309009 75.887342 253.540163
-17.311542 75.481203 253.645525
-17.299412 76.353078 253.487627
-17.333493 77.175622 253.525248
-17.384083 77.219862 253.618986
-17.348151 78.015287 253.552790
-17.391887 78.768353 253.536393
-17.419289 79.553646 253.391252
-17.468666 80.333534 253.511175
-17.501326 81.259648 253.519495
-17.546109 82.038893 253.529813
-17.572828 82.857491 253.535900
-17.585616 83.323198 253.517128
-17.584835 84.502846 253.387227
-17.594479 84.850752 253.370731
-17.282124 90.352016 251.858885
-17.459805 90.022472 252.376296
-16.762659 -99.353988 337.727228
-16.329434 -97.969676 336.531915
-16.243255 -97.284572 336.436800
-16.304216 -96.576129 336.559638
-16.216650 -50.434331 251.185585
-16.441156 -50.046446 251.756718
-16.758573 -22.692232 263.390058
-16.721539 -21.982782 263.314049
-16.573095 5.533931 263.739588
-16.745085 5.089545 264.155459
-16.232684 6.214223 262.856719
-16.443481 5.790041 263.400874
-16.008578 6.715039 262.253526
-16.066202 6.554476 262.404809
-16.624394 13.340562 255.523526
-16.781797 12.954170 256.035577
-16.412101 13.988570 254.901330
-16.168211 14.889212 254.233589
-16.267387 14.490436 254.523378
-16.044529 15.311016 253.910700
-16.602250 30.763463 246.614847
-16.541721 31.889201 246.379579
-16.557392 31.482623 246.456093
-16.508800 32.454981 246.258019
-16.451742 33.263675 246.055896
-16.416601 34.000522 245.961597
-16.395594 34.739184 245.893449
-16.396260 35.566747 245.861141
-16.421537 36.400860 245.875523
-16.477839 37.167958 245.976412
-16.557373 37.871093 246.197780
-16.598398 38.325283 246.441981
-16.596928 38.463678 246.495991
-16.372214 41.150367 253.956203
-16.410571 41.971029 254.003925
-16.378570 42.730805 253.890482
-16.396284 43.374523 253.885631
-16.427064 44.256380 253.933093
-16.466371 45.140842 253.966760
-16.411987 45.947641 253.836152
-16.474284 46.887317 253.855106
-16.529444 47.578251 253.942771
-16.540351 49.016305 253.976185
-16.587540 50.152322 253.883478
-16.616945 50.785021 253.884341
-16.622987 51.507466 253.831385
-16.635431 52.336028 253.932497
-16.609248 53.227026 253.805711
-16.607182 54.028963 253.771999
-16.650552 54.912655 253.793266
-16.688345 55.611590 253.831441
-16.754738 56.451117 253.892793
-16.702004 57.065294 253.731204
-16.776110 57.702425 253.869100
-16.767195 58.778505 253.858709
-16.718268 59.286013 253.769432
-16.799023 60.709807 253.784313
-15.593356 -67.518218 247.589495
-15.639051 -66.946741 247.718158
-15.835483 -52.445577 249.835158
-15.212096 -34.573732 258.315683
-15.303080 -33.996695 258.581317
-15.384897 -33.252113 258.869377
-15.469276 -32.766365 259.107115
-15.560362 -32.363195 259.395541
-15.694037 -31.893411 259.789811
-15.820769 -31.481933 260.102155
-15.876114 -30.771647 260.425059
-15.856846 -29.965010 260.509446
-15.863488 -29.187076 260.618959
-15.884352 -28.762347 260.743913
-15.909361 -28.430369 260.903996
-15.899518 6.991992 261.980469
-15.672672 7.752231 261.314277
-15.802497 7.321321 261.689034
-15.440288 8.606599 260.627615
-15.553397 8.174067 260.946421
-15.280662 9.101023 260.162864
-15.904121 15.866102 253.548787
-15.965299 15.628890 253.712969
-15.772348 16.359701 253.178589
-15.534138 17.254894 252.503921
-15.659136 16.839767 252.840068
-15.293715 18.138408 251.843605
-15.414301 17.725116 252.176817
-15.212999 18.449625 251.619698
-15.293082 23.785875 251.618025
-15.262650 24.194897 251.695044
-15.554487 90.315041 246.988758
-15.777351 90.323188 247.933746
-14.771066 -60.090954 246.296131
-14.946975 -60.504906 246.567251
-14.552923 -59.556629 245.831536
-14.488356 -46.917266 255.142013
-15.094466 -36.554824 257.446250
-15.096129 -36.236487 257.784667
-15.136100 -35.571593 258.010963
-15.189517 -34.991646 258.204056
-15.142074 9.454278 259.828492
-14.810678 10.180456 258.957218
-15.007043 9.778344 259.489790
-14.484863 10.767805 258.142216
-14.658548 10.446511 258.584855
-15.042180 19.012407 251.134654
-15.128200 18.705810 251.391919
-14.883273 19.570398 250.678860
-14.674251 20.361294 250.101232
-14.553754 21.171272 249.733000
-14.664778 22.029934 249.940606
-14.839976 22.564588 250.381576
-15.001289 22.952668 250.791097
-15.171247 23.343076 251.213323
-14.421292 74.070393 254.201746
-14.415575 74.641698 254.161620
-14.462185 75.561814 254.194859
-14.440218 76.377937 254.101847
-14.428702 77.030330 254.114441
-14.486621 77.958387 254.073312
-14.523328 78.840170 254.113805
-14.592828 79.539909 254.093889
-14.593826 80.401558 254.026353
-14.629719 81.220392 254.059861
-14.702973 81.997099 254.129730
-14.725451 82.806150 254.066419
-14.768062 83.641686 254.038568
-14.791159 84.381517 254.056763
-14.840223 85.233046 254.105219
-14.813401 86.141821 253.942690
-14.865871 86.740360 253.986819
-14.900018 87.455166 253.991989
-14.907297 88.431402 253.953796
-14.824709 89.237064 253.537002
-14.854485 88.936012 253.668492
-14.562669 90.096669 252.785805
-14.704363 89.806688 253.162578
-14.116050 -101.109000 343.396500
-13.921433 -100.291333 342.645000
-14.108300 -99.948900 343.073000
-13.964002 -71.741207 251.086310
-13.635953 -64.523679 242.754984
-13.613764 -60.600865 242.719339
-13.854955 -60.590397 243.338405
-14.336870 -58.760134 245.312879
-14.200883 -58.010142 244.961891
-14.092881 -57.201745 244.742216
-14.002302 -56.407513 244.565011
-13.886570 -55.598386 244.321152
-13.700319 -54.743932 243.889898
-13.794272 -55.142680 244.105164
-13.635086 -54.052768 243.753467
-13.689755 -53.593506 243.908278
-13.847359 -53.359429 244.327059
-14.068075 -53.190647 244.819093
-14.173738 -50.560458 254.127182
-14.022822 -49.944190 253.759582
-13.954177 -49.338369 253.568211
-14.260220 -46.544344 254.701203
-13.923335 -45.963499 253.988123
-13.664871 -45.179380 253.354231
-13.752569 -45.562198 253.627897
-13.629217 -43.754597 253.114346
-14.064614 -42.430084 254.338331
-14.108495 -41.963942 254.624378
-14.072575 -41.186373 254.596544
-13.890809 -40.459478 254.201228
-13.701352 -39.843753 253.720693
-13.634522 -39.046444 253.591808
-13.681041 -38.649964 253.776920
-13.695095 -37.985601 253.893251
-13.713264 -37.226680 253.975678
-13.774835 -36.668999 254.244512
-13.762688 -36.447931 254.498595
-13.643267 -6.600073 262.693857
-13.721601 -6.012142 262.970939
-13.783161 -5.570037 263.160271
-13.901649 -5.062081 263.388016
-13.971391 -4.489522 263.513366
-13.698908 -1.723989 263.327906
-13.691111 -0.815502 263.189052
-13.688805 -1.254979 263.259427
-13.681113 -0.377898 263.152085
-13.639319 0.144851 263.050347
-14.332171 11.078196 257.744048
-13.926392 11.902527 256.589826
-14.123878 11.502370 257.156908
-13.660773 12.460876 255.847386
-13.808279 12.143439 256.265181
-13.873765 14.098403 346.807481
-14.319224 26.190846 249.254627
-14.173478 27.112901 248.750325
-14.206420 26.716258 248.933574
-14.183196 27.604159 248.647349
-13.795693 28.399612 247.654136
-14.125501 28.077529 248.405469
-13.673357 38.779642 246.633434
-13.914868 39.272490 247.169679
-13.610238 41.474431 254.698546
-13.623314 44.377416 254.577988
-13.617873 45.400726 254.498440
-13.628609 46.033337 254.445472
-13.613808 46.786917 254.421249
-13.626480 47.795862 254.447235
-13.628055 48.016401 254.392904
-13.660237 48.499099 254.431143
-13.677595 49.299613 254.430426
-13.664129 49.848954 254.378481
-13.697711 50.283778 254.403028
-13.714237 50.597000 254.414702
-13.777648 51.718977 254.518954
-13.780918 52.376766 254.498120
-13.729250 53.276992 254.272912
-13.723035 53.790265 254.277741
-13.756066 54.407219 254.330417
-13.803560 54.696137 254.428456
-13.743798 55.622404 254.286713
-13.820422 55.475921 254.445637
-13.789782 56.386945 254.285833
-13.869702 57.294777 254.354960
-13.898768 57.806347 254.386864
-13.910593 58.220655 254.440747
-13.898145 58.909571 254.354659
-13.909342 58.492370 254.420935
-13.911035 59.592787 254.328243
-13.922229 60.404361 254.315241
-14.005326 61.180389 254.434045
-13.931316 61.985300 254.237115
-14.010163 62.829390 254.364272
-14.027163 63.628011 254.329467
-14.066060 63.772009 254.458342
-14.070179 64.442508 254.306653
-14.112221 64.987573 254.287037
-14.121948 66.110286 254.266417
-14.160590 66.814501 254.280528
-14.183780 67.623773 254.334692
-14.181022 68.413717 254.252160
-14.195769 69.239513 254.253860
-14.250311 69.968991 254.175429
-14.267166 70.621846 254.141018
-14.259412 71.759223 254.174957
-14.301116 72.416364 254.215621
-14.340543 73.208232 254.241317
-14.370206 73.607511 254.158558
-14.364113 77.233440 253.983808
-14.193051 90.353401 251.756423
-14.367706 90.248215 252.232560
-13.454563 -64.180132 242.365313
-13.584535 -64.430854 242.690793
-13.342080 -63.743336 241.928645
-13.244620 -62.845021 241.693881
-13.224316 -62.017120 241.692899
-13.241640 -61.222985 241.813270
-13.376202 -60.730305 242.161745
-13.571744 -44.348677 253.035768
-13.597132 -43.915252 253.063008
-13.569720 0.593935 262.901670
-13.503861 1.202209 262.744470
-13.312230 2.167986 262.235524
-13.427353 1.719089 262.539218
-13.220254 2.681890 261.988654
-13.019784 3.638736 261.406724
-12.857288 4.242713 260.994034
-13.364938 9.197382 345.267696
-13.494426 9.688133 345.481915
-13.560718 9.909362 345.608854
-13.556170 12.725350 255.572852
-13.360002 13.365100 255.014952
-13.479490 12.957872 255.359487
-13.117488 14.332374 254.299968
-13.215163 13.935817 254.588610
-12.983947 14.835988 253.964807
-12.808265 15.493238 253.483663
-13.534412 28.593579 246.942057
-13.303348 29.147023 246.126842
-13.289058 29.962641 246.026680
-13.299729 30.790842 246.022234
-13.308444 31.619906 246.012379
-13.297268 32.445019 245.977435
-13.298501 33.188248 245.953965
-13.306675 33.933990 245.948627
-13.323940 34.762992 245.941010
-13.337129 35.594430 245.946375
-13.360577 36.428765 245.960787
-13.405270 37.190416 246.036916
-13.501335 37.964398 246.244975
-13.553878 40.965895 254.697290
-13.502139 42.039207 254.449506
-13.561730 42.835594 254.592697
-13.517842 43.729833 254.381038
-13.556793 43.422598 254.508753
-13.545098 44.784497 254.422991
-13.569968 45.058739 254.494863
-13.589583 47.009816 254.383910
-13.244186 90.358117 249.231172
-12.049028 -43.666292 256.277830
-12.107216 -42.887303 256.569882
-12.062132 -42.034227 256.535865
-12.006121 -41.503611 256.430067
-12.654779 -34.694391 258.605547
-12.693804 -34.058671 258.870482
-12.702919 -33.206543 259.010382
-12.698413 -32.429611 259.062001
-12.677166 -31.650156 259.082091
-12.638801 -30.779116 259.061720
-12.585784 -29.990191 258.985863
-12.563702 -29.168978 259.017433
-12.525492 -28.388518 258.974892
-12.480272 -27.633457 258.913705
-12.430961 -26.754966 258.796846
-12.410306 -25.978510 258.758739
-12.362714 -25.229369 258.704387
-12.328114 -24.434373 258.700453
-12.308729 -23.619986 258.650043
-12.301350 -22.760092 258.709381
-12.308688 -21.955750 258.761181
-12.328014 -21.211719 258.826291
-12.338231 -20.347947 258.868894
-12.331182 -19.570856 258.885342
-12.328965 -18.678169 258.921958
-12.347623 -17.992705 259.025550
-12.382753 -17.510196 259.176833
-12.400300 -17.081377 259.245665
-12.442955 -16.501894 259.372724
-12.721204 4.659948 260.631856
-12.533472 5.179909 260.192500
-12.304696 5.948029 259.587649
-12.095871 6.888089 259.010094
-12.174820 6.470201 259.245085
-12.029383 7.395104 258.769170
-12.721447 15.804565 253.244619
-12.489380 16.609851 252.602258
-12.588256 16.218574 252.883661
-12.229114 17.498597 251.863094
-12.349187 17.100411 252.195639
-12.083512 17.970372 251.460924
-12.054059 81.464333 254.215533
-12.089500 82.061215 254.205911
-12.080448 82.820499 254.121047
-12.101038 83.624536 254.169198
-12.165906 84.489833 254.192165
-12.152201 85.281210 254.035303
-12.214427 86.110110 254.145264
-12.281549 86.948490 254.144006
-12.290158 87.433274 254.096248
-12.264431 88.316750 254.030835
-12.134029 89.433091 253.495071
-12.246977 89.013148 253.890409
-12.060590 89.783349 253.272728
-11.500162 -68.216550 244.665762
-11.416794 -67.749629 244.410021
-11.283751 -67.102399 244.205070
-11.203484 -51.926078 245.582554
-11.387293 -51.770566 246.059442
-11.627020 -51.592500 246.789238
-11.232304 -48.855123 253.482453
-11.433127 -48.390446 254.038513
-11.493975 -47.847585 254.364144
-11.528784 -47.450038 254.529536
-11.498361 -46.769367 254.579839
-11.342616 -46.035538 254.278412
-11.401444 -46.310554 254.413951
-11.299480 -45.227849 254.126622
-11.464930 -44.811428 254.526957
-11.614044 -44.606722 254.938037
-11.855524 -44.220097 255.690020
-11.918150 -41.030903 256.251742
-11.587325 -40.194106 255.600441
-11.848685 -40.666195 256.083592
-11.256044 -39.865560 254.945800
-11.981942 7.731802 258.630198
-11.849716 8.504690 258.278936
-11.911202 8.084689 258.458542
-11.769945 9.180470 258.026906
-11.596972 10.370927 257.582398
-11.650416 10.037066 257.731915
-11.507595 10.787314 257.337828
-11.281229 11.516907 256.729607
-11.373107 11.289417 256.964885
-11.955526 18.377665 251.097831
-11.849070 18.843526 250.772428
-11.639531 19.720241 250.163608
-11.749325 19.311675 250.460074
-11.417010 20.758102 249.564815
-11.491370 20.358612 249.768292
-11.346206 21.238099 249.342871
-11.287578 21.974867 249.137546
-11.393103 22.661614 249.350025
-11.527450 23.128181 249.697296
-11.620716 23.468693 249.927190
-11.729698 24.298980 250.290051
-11.372900 25.325800 249.272816
-11.498430 24.890954 249.744876
-11.331577 26.064415 249.134464
-11.330419 26.814632 249.105599
-11.311593 27.519424 249.052980
-11.222632 28.045648 248.875745
-11.200763 51.083681 254.714281
-11.225394 52.282588 254.749086
-11.277047 56.377115 254.701417
-11.248930 57.136328 254.571707
-11.269857 57.862214 254.539966
-11.223005 58.459458 254.340080
-11.279297 58.835865 254.494059
-11.295090 59.546282 254.576087
-11.371193 60.456653 254.608575
-11.381290 61.462821 254.617330
-11.400431 61.978272 254.599310
-11.392019 62.818306 254.513575
-11.441769 63.610497 254.495099
-11.459720 64.517509 254.516613
-11.447157 65.148259 254.457147
-11.420898 66.102698 254.355806
-11.428609 66.428142 254.392095
-11.482355 66.893940 254.491608
-11.534447 67.978104 254.328402
-11.537161 67.576317 254.449554
-11.537715 68.154106 254.336371
-11.570455 68.615588 254.452975
-11.576678 69.533094 254.318225
-11.634468 69.110430 254.462054
-11.589117 69.975844 254.325928
-11.645476 70.763750 254.371356
-11.678844 70.790946 254.428936
-11.656633 71.635111 254.348361
-11.699214 72.588229 254.333179
-11.702864 73.202524 254.351611
-11.752548 74.055121 254.283447
-11.829757 73.793704 254.478790
-11.759307 74.764308 254.329540
-11.768524 75.572496 254.264250
-11.815336 76.164465 254.347918
-11.906950 76.631279 254.441968
-11.889038 77.323346 254.328774
-11.913865 76.898486 254.465436
-11.909109 77.983708 254.298548
-11.940496 78.757657 254.264238
-11.973803 79.633690 254.272261
-11.958950 80.439301 254.222972
-11.957704 80.985440 254.135452
-11.790074 90.107996 252.548214
-11.889471 89.988171 252.836016
-10.698350 -76.185150 255.701000
-10.562167 -75.643167 255.364667
-10.581181 -72.165116 249.405843
-10.418215 -71.495988 248.783373
-10.492465 -71.827410 249.066051
-11.090107 -66.619958 243.703742
-10.818088 -66.188277 243.080502
-10.424422 -65.317696 241.853396
-10.533434 -53.227197 243.650454
-10.669148 -52.892927 244.027139
-10.804003 -52.569722 244.426561
-11.036290 -52.148565 245.113231
-11.032281 -49.942456 252.898264
-10.995176 -49.208224 252.964499
-10.784991 -39.277363 253.436989
-10.689762 -38.822226 253.111360
-10.661600 -38.048661 253.066847
-10.621025 -37.231221 253.015076
-10.606777 -36.344014 253.061285
-10.704864 -35.619945 253.373708
-10.755776 -35.233897 253.630479
-10.757318 -35.076068 253.720443
-10.421060 -1.992342 259.869400
-10.427675 -1.198938 259.951750
-10.438720 -0.406053 259.945600
-10.433200 0.388423 259.932750
-10.410500 1.005192 259.878000
-11.114157 11.851364 256.298218
-10.858719 12.397622 255.616416
-10.578977 13.145900 254.836695
-10.433402 13.632407 254.406421
-10.562129 28.672473 247.121613
-10.736113 28.547762 247.563730
-11.152606 28.176564 248.738355
-10.414917 29.020764 246.560340
-10.401889 30.902458 246.412111
-10.401424 31.396942 246.389799
-10.408126 34.037404 246.331024
-10.429160 34.867855 246.336571
-10.443734 35.698337 246.339207
-10.467852 36.283492 246.370965
-10.488836 36.702614 246.401914
-10.525278 37.207525 246.459532
-10.621279 37.984761 246.675511
-10.761866 38.619078 247.010529
-10.993294 39.195974 247.540219
-10.926533 40.661423 254.705198
-10.944034 41.244229 254.812981
-10.897092 41.659480 254.711988
-10.931954 43.556384 254.899152
-10.988574 44.503492 254.798526
-10.986459 45.255421 254.729851
-11.029013 45.839290 254.812157
-10.965897 46.752396 254.640080
-11.030838 47.492142 254.714806
-11.077371 48.416823 254.784199
-11.056418 49.251418 254.677269
-11.051781 50.041308 254.533877
-11.087768 50.728234 254.508197
-11.130113 51.637295 254.722568
-11.136626 52.454079 254.675854
-11.121992 53.235693 254.555490
-11.171652 53.911430 254.539151
-11.164973 54.799390 254.515815
-11.147843 55.561936 254.544775
-11.175812 56.771417 254.500266
-11.173089 56.922611 254.480197
-11.191329 58.279461 254.332897
-10.688523 90.193381 249.420726
-10.267818 -75.209943 255.071122
-10.097656 -74.818402 254.630075
-10.338236 -70.984704 248.534594
-10.198542 -65.090954 241.522998
-10.019326 -64.405137 241.073852
-9.938559 -63.615477 240.878764
-9.897674 -62.859779 240.839329
-9.952139 -62.005913 241.040028
-10.014702 -61.173107 241.310969
-10.082280 -60.743884 241.532350
-10.188088 -60.324558 241.877190
-10.170274 -59.614958 241.985785
-10.048811 -58.816108 241.769923
-9.907621 -57.688760 241.555864
-9.963020 -58.131403 241.643093
-9.870477 -57.184985 241.499222
-9.876433 -56.619069 241.531925
-9.930196 -56.169449 241.717291
-10.016903 -55.578841 242.019457
-10.072599 -54.897286 242.264040
-10.114819 -54.530754 242.448101
-10.243960 -54.039691 242.824854
-9.738810 -50.780292 249.200845
-9.927199 -50.501407 249.718953
-10.004463 -50.329215 250.049994
-9.647250 -45.222800 254.802000
-9.642480 -44.716500 255.147000
-9.736518 -44.325825 255.502250
-9.823403 -43.638700 255.566500
-9.863064 -42.849760 255.574200
-9.874386 -42.028580 255.889800
-9.824994 -41.160200 255.972000
-9.760260 -40.352700 255.833250
-9.674560 -39.830850 255.521000
-10.019905 -33.933200 256.963500
-9.960048 -33.235780 256.914000
-10.010856 -32.376100 257.026200
-10.049600 -31.608125 257.219750
-10.090000 -30.841280 257.428800
-10.107767 -30.154767 257.549333
-10.111550 -29.724400 257.611000
-10.099775 -29.197400 257.612250
-10.104280 -28.410540 257.653600
-10.107100 -27.628500 257.730500
-10.117060 -26.849180 257.818400
-10.092560 -25.972020 257.829600
-10.090800 -25.186400 257.878500
-10.078500 -24.352750 257.884500
-10.054000 -23.604125 257.870000
-10.020800 -22.810440 257.825400
-9.985972 -22.018575 257.784750
-9.963606 -21.226520 257.737800
-9.921945 -20.433150 257.653500
-9.868288 -19.543725 257.532000
-9.842260 -18.752660 257.491800
-9.812600 -17.961950 257.426000
-9.798876 -17.175540 257.434800
-9.786085 -16.386850 257.407250
-9.777376 -15.598960 257.388000
-9.747592 -14.810900 257.348000
-9.730350 -14.021460 257.311800
-9.726785 -13.235375 257.321750
-9.719682 -12.537675 257.317250
-9.700438 -11.576080 257.326400
-9.693845 -10.790850 257.366250
-9.727540 -10.005992 257.459000
-9.770940 -9.488770 257.599000
-9.791027 -9.143487 257.690000
-9.824148 -8.449098 257.823400
-9.883917 -7.621120 258.012500
-9.963210 -6.883760 258.256333
-9.991650 -6.538630 258.405000
-10.037440 -6.019868 258.588600
-10.120725 -5.232582 258.891750
-10.176133 -4.621530 259.115000
-10.207200 -4.185610 259.222000
-10.253480 -3.575240 259.365800
-9.622347 -2.501339 259.092903
-10.355375 -2.778695 259.619250
-9.651158 -2.158510 259.177803
-9.692870 -1.811461 259.283331
-9.770511 -1.206815 259.506700
-9.821997 -0.346421 259.676499
-9.812996 0.430530 259.696272
-9.967077 1.275009 259.701285
-10.076664 1.978157 259.684589
-10.019342 2.722171 259.606827
-10.026353 3.632813 259.542836
-9.995777 4.416713 259.455161
-9.972665 5.199426 259.381689
-9.930221 6.026868 259.346829
-10.188520 6.803508 259.158000
-9.692827 6.813925 259.432729
-10.176175 7.592255 259.095000
-9.665050 7.587097 259.339013
-10.045483 8.416887 258.984165
-9.638526 8.274989 259.242181
-10.075225 9.164940 258.757750
-10.003706 9.946034 258.559000
-9.878686 10.805880 258.116200
-9.726230 11.468800 257.575000
-9.768820 11.308500 257.727000
-10.315689 14.037218 254.067637
-10.044945 14.935866 253.343688
-10.178471 14.520323 253.698179
-9.781615 15.813845 252.619718
-9.907161 15.410133 252.960811
-9.664696 16.207728 252.296694
-10.390212 29.416583 246.426620
-10.386698 29.994516 246.428598
-10.396035 30.490511 246.432772
-10.397872 31.809902 246.377240
-10.389797 32.385850 246.355102
-10.395138 33.209945 246.333335
-9.602760 77.549500 254.743000
-9.606090 78.324000 254.704000
-9.630218 78.809598 254.831497
-9.653820 79.568220 254.703800
-9.680552 80.411376 254.850056
-9.678334 81.215969 254.792568
-9.704053 82.021083 254.842822
-9.758885 82.810507 254.861323
-9.756884 83.645624 254.766812
-9.776178 84.492509 254.788622
-9.805528 85.104591 254.743449
-9.852541 86.037886 254.749330
-9.860426 86.789514 254.685073
-9.885653 87.606341 254.684287
-9.884364 88.413759 254.583891
-9.806549 89.252494 254.205315
-9.860371 89.073085 254.444205
-9.607180 90.000800 253.432000
-9.695069 89.787006 253.827969
-9.098190 -48.941400 252.683000
-8.963468 -48.424000 252.629800
-8.931202 -47.565620 252.675400
-8.918500 -46.792450 252.722000
-8.944396 -46.054680 252.962400
-8.951492 -45.192840 253.396400
-9.253450 -45.401200 253.871000
-9.547753 -45.129167 254.585667
-8.959950 -38.625350 253.287500
-9.299170 -39.098700 253.946000
-8.832062 -38.013025 253.096500
-8.808425 -37.490900 253.071000
-8.838420 -34.951650 253.410000
-8.972600 -34.490700 253.903000
-9.047890 -34.291500 254.232000
-9.153230 -34.209300 254.445000
-9.446910 -33.970000 255.910000
-9.387812 -27.646406 257.255100
-9.449315 -26.918462 257.522123
-9.481712 -26.507930 257.700918
-9.516728 -26.007863 257.845934
-9.555536 -25.192904 257.983491
-9.539069 -24.272266 258.061493
-9.527328 -23.620623 258.090349
-9.513040 -22.844944 258.074869
-9.482696 -21.977928 257.988860
-9.415653 -21.194266 257.857813
-9.347914 -20.406047 257.731662
-9.302692 -19.627689 257.639978
-9.261529 -18.850226 257.556733
-9.212570 -17.987301 257.459741
-9.156165 -17.204713 257.374100
-9.131431 -16.431798 257.333466
-9.091468 -15.570881 257.255362
-9.063522 -14.798058 257.207247
-9.042325 -14.026645 257.184798
-9.026569 -13.168103 257.132729
-9.002645 -12.397177 257.087453
-8.969972 -11.624560 257.047092
-8.983477 -10.827806 257.114627
-9.013161 -10.003526 257.186612
-9.016364 -9.236550 257.219152
-9.026452 -8.381840 257.283740
-9.077435 -7.618581 257.487803
-9.110656 -7.194839 257.591773
-9.159487 -6.772569 257.697396
-9.249003 -5.957637 257.927802
-9.351485 -5.153148 258.244635
-9.397617 -4.642531 258.392463
-9.421559 -4.299751 258.462147
-9.493847 -3.610375 258.706161
-9.569354 -2.927920 258.964404
-9.589689 8.786241 259.135872
-9.547518 9.211168 259.048849
-9.413833 10.151520 258.697262
-9.220225 10.986744 258.178298
-9.334895 10.565094 258.487455
-9.158918 11.830299 257.171552
-9.086087 11.387431 257.820775
-9.199640 12.616000 255.742000
-9.378400 12.289667 256.335667
-8.893227 13.264867 254.793333
-9.062015 12.873450 255.327000
-9.516444 16.685454 251.883403
-9.558606 16.532090 252.016776
-9.376215 17.166445 251.467972
-9.148968 17.957553 250.811173
-8.927267 18.917404 250.166829
-9.025618 18.508730 250.456549
-8.842793 19.390839 249.918695
-8.806456 23.882352 249.624640
-8.824102 24.304838 249.746143
-9.048605 41.064150 254.991000
-9.062704 42.849640 255.119000
-9.090830 44.464825 255.089250
-9.163830 44.245700 255.238000
-9.093985 45.178400 255.072000
-9.106727 45.796433 255.092000
-9.168465 46.270900 255.249500
-9.146790 46.955500 255.178500
-9.144630 46.611950 255.237500
-9.178460 47.557280 255.135800
-9.187590 48.151000 255.007000
-9.180690 49.030700 255.242000
-9.209467 49.945275 255.081000
-9.211790 51.049433 255.011667
-9.195020 51.267300 254.970000
-9.191030 52.683600 254.906500
-9.130680 53.314100 255.074032
-9.221650 53.866600 255.104000
-8.802657 54.234968 255.268259
-9.220130 54.811975 255.009500
-8.824464 55.017460 255.277734
-9.125921 55.652723 255.026006
-8.834544 55.270961 255.265917
-9.110489 56.414929 255.033391
-8.959917 57.237397 255.090131
-8.893055 57.499066 255.210231
-9.256625 58.120450 254.955750
-8.881480 57.774891 255.291715
-9.152998 58.795988 255.084650
-9.155727 59.649089 255.024671
-9.003660 59.322819 255.267923
-9.240819 60.517641 255.031510
-8.956719 61.227025 255.048494
-9.139584 61.984348 255.050568
-9.225895 62.950468 254.998087
-9.043069 62.671832 255.200427
-9.255449 63.571844 255.039454
-9.231931 64.405307 254.968302
-9.399680 65.246367 254.959333
-9.219685 66.051481 254.933250
-9.246570 66.911022 254.991905
-9.469510 67.812400 254.868500
-9.210542 67.627602 255.240722
-9.349786 68.414079 255.000519
-9.321889 69.221650 254.938844
-9.369959 69.985928 254.952622
-9.373491 70.762479 254.857864
-9.372301 71.578472 254.849031
-9.387762 72.409684 254.959816
-9.420077 73.259611 254.973826
-9.432214 73.993299 254.826951
-9.471577 74.915338 254.899835
-9.495099 75.607735 254.865962
-9.538073 76.440451 254.878480
-9.525964 77.186437 254.852709
-9.567482 78.121808 254.871717
-9.578798 78.852132 254.954059
-9.537903 79.513886 254.826877
-8.828830 90.382400 250.753000
-9.002140 90.383700 251.213000
-9.405360 90.390000 252.524000
-9.490231 90.195856 253.284251
-9.331100 90.408800 252.378000
-8.270647 -76.285007 253.996591
-8.538744 -76.722924 254.615506
-8.112339 -75.447005 253.542445
-8.155677 -75.827330 253.643996
-8.073452 -75.072903 253.461564
-8.313743 -72.859396 249.864626
-8.679030 -72.220100 249.350500
-8.506382 -72.682483 249.740853
-8.571980 -71.727400 249.011000
-8.105568 -68.239652 242.678580
-8.380939 -51.575185 245.329086
-8.467110 -51.371020 245.785022
-8.047180 -48.993300 250.111000
-8.301620 -48.868200 250.879500
-8.471560 -48.759200 251.459000
-8.331511 -47.398516 252.434958
-8.336946 -46.961534 252.632667
-8.369501 -46.503136 252.911151
-8.395542 -45.945392 253.117601
-8.410735 -45.179665 253.114256
-8.427492 -44.616623 253.127359
-8.277773 -38.839474 253.388516
-8.546499 -39.168210 253.888381
-8.154391 -37.963364 253.154930
-8.469504 -37.116009 253.117578
-8.451667 -36.405708 253.140001
-8.419798 -35.606066 253.226297
-8.392558 -35.088318 253.398175
-8.266180 -34.647110 253.702157
-8.384234 -34.008476 254.088140
-8.469228 -33.726865 254.406477
-8.016118 -25.607516 257.033150
-8.091962 -25.192847 257.335911
-8.138282 -24.774765 257.554670
-8.170830 -24.353808 257.718428
-8.194658 -23.583145 257.905185
-8.178259 -22.796618 257.924283
-8.126619 -22.001712 257.811327
-8.062610 -21.196735 257.683866
-8.015341 -20.576774 257.568260
-8.031835 -0.406871 258.084923
-8.081245 0.290842 258.251022
-8.123774 0.995367 258.389367
-8.136363 1.347365 258.412165
-8.162173 2.003438 258.534787
-8.184637 2.836680 258.658208
-8.211508 3.625939 258.734355
-8.256908 4.415758 258.840101
-8.267800 5.207104 258.894196
-8.275873 5.997354 258.946192
-8.276650 6.788607 258.961787
-8.267235 7.576197 258.920085
-8.252101 8.451962 258.838582
-8.170110 9.226162 258.605888
-8.037417 10.092707 258.203892
-8.097075 9.669284 258.414884
-8.274187 12.671315 255.658693
-8.549671 12.276907 256.414447
-8.409880 13.319123 254.713033
-8.623617 13.996475 253.991000
-8.413125 14.817500 253.369750
-8.500870 14.417600 253.640000
-8.197560 15.715367 252.660667
-8.288285 15.320700 252.967000
-8.061900 16.211400 252.210667
-8.766004 19.795339 249.721643
-8.663378 20.355593 249.430076
-8.542510 21.156976 249.060890
-8.476235 21.968858 248.845721
-8.571032 22.815713 249.003975
-8.729650 23.520530 249.411166
-8.753216 24.722051 249.594966
-8.676913 25.187567 249.352431
-8.657966 26.010620 249.260221
-8.652580 26.841430 249.226113
-8.611557 27.574140 249.093963
-8.046805 28.426597 247.488352
-8.320497 28.158609 248.452046
-8.043757 38.104687 246.984219
-8.212548 38.760980 247.414638
-8.462500 40.644130 255.334391
-8.557205 41.378105 255.437232
-8.541830 41.787387 255.402551
-8.578474 42.770277 255.404904
-8.531908 43.306571 255.161952
-8.581059 43.855436 255.376625
-8.634052 44.285011 255.460623
-8.648058 45.130088 255.321903
-8.674413 46.003218 255.390455
-8.693410 46.793074 255.479209
-8.658994 47.480282 255.036584
-8.671812 47.621490 255.300268
-8.697414 48.314071 255.485009
-8.683855 48.822690 255.291288
-8.747824 49.807309 255.335743
-8.763333 50.811163 255.310730
-8.749379 51.444360 255.234136
-8.741028 52.313126 255.215762
-8.744855 53.115233 255.119313
-8.786936 54.567629 255.248216
-8.763442 56.063276 254.978476
-8.026150 82.930253 254.895050
-8.007199 83.340735 254.806565
-8.019158 84.321598 254.794251
-8.054367 85.291083 254.747444
-8.060153 85.995890 254.729839
-8.080997 86.762951 254.710931
-8.075626 87.567667 254.628936
-8.056023 88.457362 254.493625
-8.029473 88.970091 254.308331
-8.585863 90.356773 250.883050
-7.831735 -74.852249 253.041439
-7.944322 -68.086598 242.450300
-7.804346 -67.623414 242.091327
-7.584530 -66.577123 241.559057
-7.649381 -66.939721 241.702670
-7.502092 -66.020704 241.386047
-7.458928 -65.185113 241.335851
-7.439467 -64.376034 241.384845
-7.385693 -63.545574 241.356770
-7.414059 -62.748282 241.473134
-7.567756 -62.052116 241.946893
-7.736970 -61.648914 242.449165
-7.665148 -61.287141 242.169995
-7.245827 -60.539172 241.226542
-7.285849 -52.986741 242.286461
-7.345294 -52.463168 242.624255
-7.250005 -50.491700 247.026000
-7.292600 -50.276000 247.194000
-7.374930 -49.920225 247.581500
-7.543777 -49.476700 248.282000
-7.580739 -49.182073 249.236680
-7.509354 -48.994485 249.752256
-7.370559 -48.427257 250.159843
-7.381313 -47.904598 250.420435
-7.841699 -42.085726 252.384265
-7.244381 -27.444601 254.529213
-7.851864 -26.058915 256.516077
-7.979255 -25.764770 256.915240
-7.987866 -20.136530 257.510007
-7.962954 -19.604560 257.397452
-7.910881 -18.893871 257.254794
-7.851496 -18.007437 257.098036
-7.805740 -17.217495 256.991532
-7.774126 -16.429532 256.922130
-7.707826 -15.373694 256.768274
-7.743974 -15.815589 256.831861
-7.668583 -14.756268 256.665720
-7.638523 -13.969795 256.588469
-7.610530 -13.184603 256.529418
-7.589973 -12.399762 256.480817
-7.574501 -11.616573 256.450917
-7.548953 -10.832114 256.405417
-7.548707 -10.049054 256.413817
-7.557696 -9.181012 256.447319
-7.562908 -8.400190 256.477270
-7.583345 -7.619158 256.544621
-7.596667 -6.752232 256.616323
-7.619371 -5.972297 256.724875
-7.629970 -5.538749 256.789626
-7.637406 -5.105022 256.836626
-7.675503 -4.412989 256.995228
-7.726165 -3.627925 257.175127
-7.792176 -2.758533 257.362027
-7.842011 -2.064946 257.535961
-7.868965 -1.718509 257.631429
-7.932170 -1.192214 257.823126
-7.820896 11.106206 257.444562
-7.932323 10.686293 257.847302
-7.487238 11.736559 256.350703
-7.681336 11.423398 256.987381
-7.248196 12.070412 255.582014
-7.834222 13.536806 254.382137
-7.980989 13.205329 254.798475
-7.688321 14.010168 253.952453
-7.460524 14.816003 253.306874
-7.237519 15.607521 252.708938
-7.302601 15.376342 252.895004
-7.957055 16.615600 251.876000
-7.732510 17.515500 251.153000
-7.836412 17.097750 251.480500
-7.629204 17.992680 250.820200
-7.445007 18.967100 250.234333
-7.506445 18.564950 250.444500
-7.341024 19.625880 249.900000
-7.223230 20.605200 249.506667
-7.269305 20.197650 249.654500
-7.272846 24.371940 249.740800
-7.248595 25.452700 249.572500
-7.289037 25.042100 249.687333
-7.224450 26.084300 249.495250
-7.217863 26.714867 249.445667
-7.800222 28.651449 246.897890
-7.741353 29.191723 246.597161
-7.735229 30.013391 246.554650
-7.732702 30.836022 246.525767
-7.732135 31.661478 246.512698
-7.741383 32.406011 246.512480
-7.756170 33.150835 246.516405
-7.766050 33.976209 246.502415
-7.784157 34.806172 246.519288
-7.808399 35.635211 246.529007
-7.836724 36.386015 246.572684
-7.897733 37.150813 246.676906
-7.983366 37.758254 246.850367
-7.271498 40.470002 255.307200
-7.274845 40.971718 255.278912
-7.290047 41.915478 255.219036
-7.332595 42.671637 255.235434
-7.301435 43.573201 255.150417
-7.362776 43.585135 255.251409
-7.249658 44.077376 255.071128
-7.377470 44.762810 255.218733
-7.348139 45.152834 255.122842
-7.323787 46.021838 255.125810
-7.384060 46.927715 255.173156
-7.370555 47.595098 255.261706
-7.323097 48.286681 255.041709
-7.330259 49.506543 255.067008
-7.402659 49.123603 255.221227
-7.387225 50.213987 255.123934
-7.378934 50.570697 255.106396
-7.419555 51.738742 255.125225
-7.455133 52.683069 255.197182
-7.449301 52.424277 255.206331
-7.458102 52.858366 255.193081
-7.468963 53.036872 255.211979
-7.362314 54.088208 254.938376
-7.416343 54.691389 255.030029
-7.454884 55.625273 255.132092
-7.497362 56.460087 255.138679
-7.460713 57.224653 255.083573
-7.471025 58.041225 255.129104
-7.499279 58.627006 255.057100
-7.506037 59.584042 255.007217
-7.515287 60.267305 255.037075
-7.543028 61.321813 255.040552
-7.594928 62.016274 255.008152
-7.588961 62.856047 255.036737
-7.533889 63.591167 254.893915
-7.550264 64.535663 254.898372
-7.585818 65.396593 254.887877
-7.634412 66.314996 255.012349
-7.610538 66.887145 254.965687
-7.634240 67.675646 254.925568
-7.643584 68.162468 254.883288
-7.660376 69.141761 254.924475
-7.653205 69.998163 254.908567
-7.691280 70.863334 254.941236
-7.711262 71.654918 254.927948
-7.736263 72.367027 254.960872
-7.757318 73.283517 254.921145
-7.759577 74.046695 254.803906
-7.819624 74.637701 254.855900
-7.829397 75.547693 254.905043
-7.825367 76.430423 254.882286
-7.845703 77.306946 254.834366
-7.848815 78.015149 254.829626
-7.845579 78.891441 254.795622
-7.874197 79.613938 254.826707
-7.927691 80.394963 254.860258
-7.969306 81.132087 254.916584
-7.948244 81.963173 254.868957
-7.985151 82.507409 254.921044
-7.968872 83.680711 254.739370
-7.945073 89.330268 254.064458
-7.543147 89.950843 252.672272
-7.708086 89.832971 253.181338
-7.859585 89.662535 253.745935
-6.403386 -76.043069 254.165465
-6.626510 -76.247275 254.568756
-6.519628 -75.662855 253.914922
-6.432850 -68.129800 242.554000
-6.426920 -67.625380 242.575200
-6.413060 -67.042000 242.590000
-6.950486 -60.174490 240.705666
-6.963184 -59.816652 240.516143
-6.451796 -54.718201 239.782604
-6.617647 -54.035499 240.347163
-6.893305 -53.398091 241.191911
-7.122334 -53.142067 241.804254
-7.051900 -50.948300 246.374000
-7.141970 -50.769250 246.719000
-6.642663 -50.844927 247.648372
-6.728301 -50.518577 248.030584
-6.849617 -50.008327 248.432956
-7.105529 -49.334422 249.215212
-6.468389 -36.893114 251.627649
-6.442082 -36.597122 251.595812
-6.408783 -35.613927 251.562915
-6.406431 -32.096960 251.676894
-6.446933 -31.603152 251.823010
-6.487853 -31.112115 251.985328
-6.539746 -30.696209 252.161088
-6.622912 -29.964484 252.479067
-6.690032 -29.487152 252.754392
-6.793728 -28.998969 253.085444
-6.894071 -28.607144 253.430385
-6.994532 -28.211567 253.749990
-7.149670 -27.657646 254.299337
-6.861158 12.782391 254.321109
-7.006305 12.466441 254.797956
-6.601416 13.586026 253.507650
-6.719236 13.189390 253.875127
-6.493690 14.011677 253.174407
-6.412796 14.413262 252.918177
-7.156464 15.866062 252.500225
-6.941814 16.664827 251.873372
-7.060304 16.254797 252.220072
-6.698694 17.533273 251.178262
-6.814672 17.131734 251.504273
-6.600737 18.007951 250.902454
-6.411501 19.048036 250.317431
-6.469045 18.650125 250.503034
-7.135874 21.269220 249.232600
-7.072697 21.925400 249.039000
-7.057776 22.773480 249.016600
-7.127490 23.560325 249.321000
-7.194610 27.053300 249.386000
-7.175117 27.637625 249.311500
-6.789080 28.621300 247.682500
-7.052035 28.385400 248.557500
-7.141490 28.122700 249.075500
-6.417417 29.291200 246.785333
-6.408586 29.959240 246.760200
-6.405048 30.795320 246.715800
-6.405648 31.635000 246.704200
-6.406537 32.391975 246.701250
-6.404442 33.147500 246.682800
-6.402932 33.988360 246.678000
-6.423036 34.830160 246.683400
-6.440162 35.594925 246.721500
-6.451650 36.359220 246.764000
-6.502510 37.224380 246.880800
-6.563670 37.927033 247.083000
-6.605120 38.286300 247.250000
-6.710247 38.775875 247.651250
-6.892585 39.273250 248.166000
-6.411524 79.125554 255.568259
-6.448054 79.565573 255.605060
-6.426900 80.406680 255.512324
-6.428660 81.353023 255.455772
-6.490801 82.049704 255.462251
-6.472216 82.907864 255.412978
-6.503113 83.607113 255.420281
-6.557955 84.420868 255.506872
-6.602586 85.206295 255.490619
-6.635869 86.050675 255.402939
-6.670770 86.920658 255.393771
-6.697542 87.617650 255.390025
-6.717666 88.485668 255.370825
-6.654706 89.248484 255.060793
-6.412442 89.986751 254.348931
-6.544402 89.900085 254.651832
-6.217419 -75.411118 253.546398
-6.267197 -75.717227 253.707127
-6.246802 -74.868623 253.322217
-6.329885 -68.315250 242.317500
-5.636332 -67.307090 242.950575
-6.026450 -66.851255 242.815542
-5.699887 -66.662422 243.295594
-6.298252 -65.935175 242.253500
-6.347440 -66.398200 242.423000
-5.691296 -66.344936 243.343952
-6.233712 -65.219350 242.090000
-5.605937 -65.510900 243.299398
-6.156932 -64.437280 242.012000
-6.123420 -63.614540 242.070200
-6.164780 -62.820480 242.236400
-5.692000 -61.240200 240.457000
-6.323677 -58.862229 239.001934
-6.214832 -56.081307 239.014218
-6.249791 -55.786409 239.131392
-6.311275 -55.353086 239.340394
-6.362425 -55.073773 239.511031
-5.681370 -51.044867 241.979333
-5.897950 -50.800450 242.792000
-6.019930 -50.700700 243.250000
-6.394118 -51.059268 246.771087
-5.734501 -50.815059 247.700904
-5.841819 -50.005215 248.242187
-5.795470 -49.191890 248.426921
-5.746744 -48.330594 248.420627
-5.845863 -47.884141 248.719969
-5.910915 -47.491662 248.902743
-6.062364 -46.787280 249.497337
-6.136872 -46.546602 249.800198
-6.041290 -46.295732 249.740055
-6.391341 -35.426533 251.540807
-6.379880 -34.821981 251.518860
-6.380409 -33.963781 251.517967
-6.376199 -33.193807 251.531025
-6.384470 -32.516642 251.605386
-5.654567 -23.570428 255.825089
-5.779978 -23.360191 256.246113
-5.729316 -22.963873 256.559631
-6.006885 -22.695099 257.194745
-5.953984 -22.371591 257.447322
-6.164530 -21.992142 257.843371
-6.211264 -21.191084 258.101342
-6.189958 -20.369725 258.133058
-6.175224 -19.588521 258.064139
-6.108697 -18.801161 257.970141
-6.056312 -18.005608 257.775579
-6.064466 -17.199593 257.527972
-5.895692 -17.242127 257.732294
-5.910404 -16.352497 257.422769
-5.857360 -16.723965 257.639328
-5.822381 -15.595829 257.226164
-5.768513 -14.816164 257.116340
-5.760430 -14.092595 256.985906
-5.752340 -13.148584 256.745086
-5.784435 -13.583260 256.831618
-5.713340 -12.363237 256.622650
-5.684246 -11.579896 256.545876
-5.650851 -10.796528 256.461897
-5.648529 -10.014009 256.460204
-5.646790 -9.234663 256.437414
-5.649436 -8.367370 256.453529
-5.658216 -7.588841 256.512101
-5.669617 -6.810501 256.557476
-5.672081 -6.030924 256.595240
-5.676550 -5.252564 256.672207
-5.669564 -4.385632 256.683511
-5.668415 -3.605102 256.714871
-5.688524 -2.824788 256.757655
-5.691509 -2.044826 256.786019
-5.689750 -1.611261 256.808773
-5.687442 -1.177434 256.810777
-5.682555 -0.223298 256.778984
-5.686030 -0.656814 256.807732
-5.676294 0.210523 256.776733
-5.678404 0.557899 256.806540
-5.676711 1.164791 256.810596
-5.661884 2.031763 256.775692
-5.659753 2.813065 256.768750
-5.664420 3.593893 256.764415
-5.666923 4.287971 256.768428
-5.673518 4.636291 256.810239
-5.694375 5.157696 256.862770
-5.751632 6.025309 257.037947
-5.875376 6.821502 257.318490
-5.945271 7.343261 257.510526
-5.967609 7.784973 257.694803
-5.654178 8.313317 257.495767
-5.954847 8.471943 257.803485
-5.920638 9.183894 257.904611
-5.918573 9.888035 257.905350
-5.900452 10.999628 257.513418
-5.974446 10.582191 257.743570
-5.746880 11.407360 257.038180
-6.299115 14.918508 252.572888
-6.378658 14.573617 252.816085
-6.083100 15.898100 251.886328
-6.177320 15.490365 252.195061
-5.962017 16.382334 251.480651
-5.777216 17.192915 250.867187
-5.672415 17.760428 250.521762
-6.320514 19.613088 250.054221
-6.215808 20.418996 249.753057
-6.108926 21.307676 249.461200
-6.167522 20.902933 249.618143
-6.035346 22.034543 249.213415
-6.051147 22.855178 249.158842
-6.180881 23.558644 249.479490
-6.255384 23.901191 249.680007
-6.334440 24.429366 249.932766
-6.289389 25.256051 249.832000
-6.256735 25.991202 249.718973
-6.251322 26.736850 249.686318
-6.208867 27.803094 249.557356
-6.237670 27.397809 249.639005
-5.794896 28.429480 248.572986
-6.056813 28.158551 249.206977
-5.650345 38.066627 247.459756
-5.788096 38.618374 247.808300
-5.950001 39.086872 248.188552
-5.607447 51.049226 255.723047
-5.623992 51.433219 255.946243
-5.619644 52.633510 255.604169
-5.605870 53.191201 255.911117
-5.633085 53.961444 255.737912
-5.657579 54.641721 255.653749
-5.634353 55.608437 255.711259
-5.652843 56.415644 255.655974
-5.650939 57.148465 255.690134
-5.700794 57.979254 255.648247
-5.723525 58.799606 255.648207
-5.700859 59.612149 255.630645
-5.710870 60.316520 255.677383
-5.803032 61.246950 255.672551
-5.794310 62.071302 255.659211
-5.795012 62.727724 255.643344
-5.830899 63.533855 255.675951
-5.809122 64.429303 255.603054
-5.839495 65.199623 255.613693
-5.865781 65.969221 255.610336
-5.845034 66.796233 255.534960
-5.892856 67.663412 255.593333
-5.932330 68.620275 255.636913
-5.946527 69.156086 255.538992
-5.916907 70.024934 255.510870
-5.975544 70.792063 255.531991
-6.037821 71.608290 255.585957
-6.024195 72.396869 255.498332
-6.066961 73.288257 255.542208
-6.030403 73.970853 255.452527
-6.090812 74.822609 255.504303
-6.138999 75.653171 255.503351
-6.126948 76.315052 255.492694
-6.178263 77.233795 255.470446
-6.170432 78.000187 255.440190
-6.166767 78.698982 255.436180
-6.162274 79.668593 255.352803
-6.112567 80.415211 255.242098
-6.198504 81.152257 255.377005
-6.155357 82.062995 255.301553
-6.166520 82.952327 255.270732
-6.168608 83.873642 255.207215
-6.156202 84.133232 255.190055
-6.183667 84.595367 255.251160
-6.241735 85.239014 255.289780
-6.275449 86.230504 255.317011
-6.299814 86.760684 255.317140
-6.256476 87.587399 255.130426
-6.273900 88.395691 255.055457
-6.183213 89.231143 254.709817
-6.225602 90.136265 248.236680
-5.902174 90.315342 253.366442
-6.118556 90.099365 254.009189
-6.275858 90.670609 248.261122
-5.497083 -68.997460 242.669638
-5.447378 -68.380875 242.357513
-5.465578 -68.402772 242.434020
-5.524619 -67.711872 242.612335
-5.581593 -65.651280 243.259112
-5.520537 -65.043123 243.136715
-5.358012 -64.449374 242.740812
-5.083871 -63.515918 242.062255
-4.859086 -62.567529 241.571027
-4.919390 -62.840490 241.707529
-4.802363 -62.383672 241.444530
-5.465510 -60.851800 239.871000
-5.193720 -60.195400 239.078000
-5.329370 -60.520250 239.469000
-4.982087 -59.644050 238.605500
-4.892190 -59.182500 238.421000
-4.865850 -57.883133 238.510333
-4.886468 -57.256180 238.648000
-4.894610 -56.454700 238.746600
-4.896510 -55.651480 238.840800
-4.933928 -54.963050 239.063000
-5.007780 -54.513750 239.314000
-5.047958 -53.969920 239.429600
-4.973192 -53.145420 239.426000
-5.070997 -52.322850 239.834250
-5.235325 -51.792425 240.411250
-5.466817 -51.371167 241.220667
-4.906652 -51.106840 242.755889
-5.228515 -50.997380 243.672605
-5.544705 -50.940214 244.574747
-4.803104 -50.953573 245.164743
-5.549080 -51.023924 247.329776
-4.885860 -25.823617 253.180979
-4.940550 -25.595704 253.382414
-5.084855 -25.035301 253.876013
-4.994674 -24.467582 254.231417
-5.228294 -24.227539 254.647613
-4.993894 -23.817022 254.755238
-5.357055 -23.544237 255.446163
-5.457982 -23.102757 256.046093
-5.591055 -13.780826 257.026649
-5.556603 -13.177027 256.942637
-5.480014 -12.229756 256.756794
-5.508253 -12.657699 256.825561
-5.442399 -11.546127 256.686520
-5.412673 -10.777465 256.643428
-5.408579 -10.009863 256.616519
-5.402119 -9.158706 256.610210
-5.398132 -8.393185 256.630653
-5.391188 -7.628837 256.658864
-5.399689 -6.776611 256.699524
-5.419190 -6.013432 256.762778
-5.420368 -5.502982 256.788000
-5.422711 -5.077963 256.806908
-5.412546 -4.397778 256.810006
-5.401186 -3.459995 256.827372
-5.412672 -2.779348 256.885363
-5.416331 -2.013787 256.883589
-5.407085 -1.162269 256.883250
-5.389925 -0.396126 256.866246
-5.348933 0.456845 256.840056
-5.337445 1.223308 256.807947
-5.552327 7.698229 257.284825
-5.557685 10.962130 257.420152
-5.265312 11.790813 256.449805
-5.434459 11.352501 257.111787
-5.102845 12.536380 254.941476
-5.103751 12.150094 255.693983
-4.884262 13.180138 254.216531
-4.974953 12.858946 254.526816
-5.577294 18.259698 250.229976
-5.508162 18.828781 249.995250
-5.376312 19.898673 249.526037
-5.433589 19.485852 249.731940
-5.320566 20.471441 249.343708
-5.232044 21.215131 249.091782
-5.175342 21.957962 248.897856
-5.192231 22.718941 248.950169
-5.333285 23.527763 249.390619
-5.396343 23.878760 249.602750
-5.442261 24.409269 249.718445
-5.386846 25.322171 249.526921
-5.406509 24.909360 249.609158
-5.376535 25.992409 249.454536
-5.360664 26.748890 249.385302
-5.312509 27.572566 249.205229
-5.238707 28.577027 247.512789
-4.977942 28.127441 248.061314
-5.350638 29.253493 247.089264
-5.340781 29.989738 247.037262
-5.352158 30.729835 247.020971
-5.353903 31.552161 247.002863
-5.360675 32.376522 246.996405
-5.368617 33.199585 246.980757
-5.390351 34.026914 246.996847
-5.410653 34.856062 247.018324
-5.427928 35.602089 247.042994
-5.467332 36.353685 247.086381
-5.516119 37.030027 247.164421
-5.551718 37.453992 247.239080
-5.014221 38.018042 247.458659
-5.002212 38.579439 247.895310
-5.109410 38.848479 248.125654
-5.420878 40.690700 255.836668
-5.353795 41.209243 255.803683
-5.501419 41.948544 255.668797
-5.333853 41.909027 256.012332
-5.387180 42.749160 255.941338
-5.391005 42.509838 256.021170
-5.433018 43.767048 255.758795
-5.373530 44.287486 255.765735
-5.467886 45.147163 255.718341
-5.470305 45.990023 255.746099
-5.496586 46.880440 255.763699
-5.567940 47.616215 255.703434
-5.510624 48.429694 255.802393
-5.526806 49.038598 255.718320
-5.551054 49.963732 255.677643
-5.567771 50.991413 255.837421
-5.597096 50.719006 256.015810
-5.566690 51.692174 255.600597
-5.510779 52.171120 255.810477
-5.553861 53.302919 255.541719
-5.574364 54.001776 255.620494
-5.579342 54.663616 255.782385
-5.580144 55.485342 255.393520
-5.562049 56.259561 255.620031
-5.592451 57.306822 255.358509
-5.155917 90.290597 251.218449
-5.291589 90.444231 251.191745
-5.444855 90.413327 251.593438
-4.418522 -69.871958 242.237114
-4.486603 -69.949041 242.400658
-4.392260 -69.154441 241.987803
-4.393854 -68.345055 242.102538
-4.458931 -67.899466 242.336481
-4.547212 -67.493488 242.671647
-4.666731 -66.768586 243.105829
-4.671111 -66.019213 243.139399
-4.551740 -65.094043 242.831868
-4.326645 -64.210905 242.351364
-4.403723 -64.512538 242.521036
-4.159339 -63.311698 241.811849
-4.095353 -63.003779 241.540673
-4.457771 -61.873553 240.757311
-4.634892 -62.145627 241.138963
-4.271461 -61.571143 240.272574
-4.080588 -51.844214 240.429650
-4.342195 -51.507518 241.137012
-4.614929 -51.263080 241.905954
-4.080572 -51.665902 242.790660
-4.327374 -51.479865 243.547550
-4.517210 -51.279384 244.166433
-4.605660 -51.123872 244.508843
-4.021234 -31.373623 250.092616
-4.074192 -30.768626 250.266002
-4.096915 -30.385484 250.398146
-4.122215 -29.973748 250.506943
-4.192209 -29.244450 250.778013
-4.287545 -28.595265 251.142356
-4.348230 -28.282664 251.321916
-4.486875 -27.646239 251.757250
-4.031794 -26.716615 251.908819
-4.497230 -26.746970 252.253607
-4.349893 -26.094574 252.541046
-4.321893 -25.647218 252.820043
-4.500437 -25.102607 253.319288
-4.694167 -24.562986 253.881533
-4.621747 12.626003 254.948803
-4.515787 13.457471 254.113932
-4.489860 13.030241 254.566016
-4.646277 14.252707 253.479656
-4.430503 13.937886 253.795792
-4.361564 14.807204 253.296830
-4.373738 15.742768 252.610507
-4.238781 15.317158 253.040574
-4.140064 16.708377 251.826697
-4.229743 16.318435 252.137019
-4.034419 17.125105 251.492342
-4.619743 28.580622 246.912057
-4.596079 29.158068 246.836526
-4.593449 29.996479 246.818644
-4.596150 30.836455 246.812762
-4.598294 31.592295 246.805078
-4.602998 32.347400 246.790894
-4.597829 33.183460 246.752414
-4.604652 34.026845 246.764929
-4.617734 34.787729 246.789242
-4.633478 35.550869 246.826253
-4.649861 36.398908 246.870766
-4.728931 37.215627 247.050096
-4.786591 37.634131 247.211855
-3.795381 -62.424276 240.643343
-3.988528 -62.726731 241.202515
-3.441675 -61.827928 239.614004
-3.621876 -62.119708 240.119170
-3.274927 -61.531643 239.123836
-3.278678 -58.071520 239.513098
-3.290591 -57.198696 239.667946
-3.211555 -56.648673 239.375031
-3.453703 -52.521141 239.835181
-3.502448 -52.267811 240.278740
-3.601255 -52.028167 241.043373
-3.676235 -51.960631 241.332333
-3.866278 -51.821004 242.031251
-3.317214 -50.753257 246.898967
-3.367287 -49.895860 246.761541
-3.235412 -49.098831 246.191192
-3.217248 -48.352126 246.243451
-3.291395 -47.576688 246.595699
-3.412463 -46.902983 247.030659
-3.504419 -46.523612 247.334550
-3.577989 -46.002993 247.664174
-3.594289 -45.181427 247.795897
-3.583069 -44.419372 247.795456
-3.576881 -43.582740 247.851778
-3.587229 -42.923196 247.952952
-3.596768 -42.512721 248.027399
-3.585387 -42.003649 248.021599
-3.574529 -41.322787 247.998704
-3.574436 -41.184328 248.014293
-3.600258 -40.422659 248.171827
-3.726986 -39.639033 248.574330
-3.706275 -38.800169 248.615835
-3.627768 -38.001804 248.412146
-3.608960 -37.248421 248.451451
-3.626226 -36.425677 248.601408
-3.657155 -35.942416 248.745771
-3.716351 -35.544014 248.970364
-3.477848 -34.838962 249.309557
-3.917932 -34.622543 249.672826
-3.323021 -33.939221 249.511554
-3.952314 -34.048469 249.787642
-3.319502 -33.198407 249.574233
-3.962006 -33.205721 249.836779
-3.321954 -32.784476 249.595383
-3.687431 -32.370377 249.796336
-3.534645 -31.679116 249.807776
-3.396083 -30.826078 249.892577
-3.444974 -30.020084 250.102653
-3.492229 -29.458846 250.297791
-3.545183 -29.059385 250.474246
-3.622738 -28.511834 250.737612
-3.762986 -27.878113 251.111754
-3.841314 -27.496565 251.359978
-3.957206 -27.027965 251.700368
-3.858080 15.939914 252.780191
-3.936688 15.629064 252.988795
-3.716852 16.428916 252.391843
-3.586871 17.331231 251.651448
-3.581207 16.915497 252.004955
-3.668146 18.097120 250.997842
-3.496850 17.801880 251.311133
-3.696744 19.082212 250.377856
-3.558236 18.580663 250.758341
-3.641333 19.568615 250.170519
-3.573064 20.306166 249.940776
-3.441117 21.460591 249.541226
-3.478647 21.052350 249.675165
-3.393263 22.031770 249.344050
-3.376089 22.959383 249.260308
-3.426926 23.393706 249.420122
-3.499613 23.829915 249.672459
-3.602710 24.382799 249.999516
-3.617473 25.147265 250.044152
-3.610303 25.987604 249.972471
-3.589376 26.825882 249.896376
-3.549238 27.577527 249.781657
-3.224768 28.376908 248.770087
-3.416474 28.199951 249.379905
-3.265373 39.010868 248.518149
-2.849513 -75.447641 254.136845
-2.747901 -75.183531 253.929168
-2.736246 -70.694442 242.966517
-2.619157 -70.979105 243.422221
-2.707207 -69.940432 242.551565
-2.679698 -69.175622 242.526353
-2.709735 -68.383228 242.692542
-2.754126 -67.607291 242.935556
-2.631770 -66.858201 242.621995
-2.466701 -66.387232 242.151542
-3.158168 -61.267282 238.802685
-3.099537 -59.289691 238.744550
-3.125918 -58.753544 238.902741
-3.087902 -56.233970 239.062128
-2.974600 -53.808747 238.908402
-3.020018 -53.513517 239.078732
-3.107927 -53.086605 239.376486
-2.446282 -51.268441 243.376012
-2.540416 -51.254202 245.448923
-2.514934 -51.192198 243.629048
-2.715724 -51.019344 244.169179
-2.901176 -51.114056 246.642613
-3.117976 -50.726443 247.457577
-2.990793 -50.077834 247.628095
-3.023336 -49.148552 247.454277
-2.918648 -48.404350 247.084263
-2.923293 -47.654834 247.067085
-3.013030 -46.799418 247.455669
-3.101216 -45.973203 247.823608
-3.109203 -45.156109 247.898234
-3.079537 -44.404652 247.878178
-3.065193 -43.661858 247.906887
-3.066477 -43.175843 247.979141
-3.068022 -42.768003 248.019026
-3.047204 -41.965029 248.019516
-3.036756 -41.174265 248.040944
-3.064045 -40.376381 248.134233
-3.144786 -39.673669 248.376922
-3.130431 -38.776117 248.490624
-3.021926 -37.920230 248.355883
-3.012560 -37.259339 248.354272
-3.081124 -36.460089 248.570560
-3.123602 -35.823086 248.740745
-3.166247 -35.354958 248.934315
-3.156457 18.984511 250.741365
-3.029867 19.864805 250.351397
-3.079030 19.464523 250.500924
-2.952769 20.433486 250.157442
-2.857569 21.239986 249.885094
-2.767907 22.286398 249.566121
-2.798920 21.882684 249.676276
-2.752472 22.530698 249.509666
-2.798016 23.286512 249.553350
-2.869956 23.709380 249.722035
-3.039185 24.512081 250.213407
-3.058342 25.267642 250.302752
-3.041815 26.010575 250.249032
-3.014079 26.749348 250.160782
-2.984523 27.565205 250.029378
-2.904393 28.693639 247.671043
-2.601460 28.441094 249.175273
-2.877018 28.123674 249.769074
-2.822034 29.120570 247.340209
-2.816355 30.067708 247.277870
-2.811309 30.816790 247.227742
-2.813707 31.573522 247.231619
-2.807661 32.744222 247.196154
-2.810593 32.411400 247.215677
-2.797341 33.161909 247.171407
-2.816588 33.980563 247.209135
-2.833596 34.767438 247.222645
-2.859478 35.613681 247.263398
-2.865347 36.377034 247.304175
-2.905130 37.156752 247.460982
-2.820831 37.970105 247.808217
-2.468638 38.246798 248.052525
-3.100313 38.414363 247.977297
-2.768977 38.764435 248.410829
-2.847402 39.220411 248.949643
-2.424094 61.779022 256.387265
-2.439742 67.728589 256.201962
-2.464023 68.393320 256.179956
-2.453305 69.520908 255.995704
-2.487062 69.208182 256.178794
-2.473829 69.811041 255.965810
-2.482891 70.306994 256.075897
-2.488366 70.843949 256.015474
-2.464453 72.450418 256.118811
-2.483075 73.033233 256.024525
-2.531277 73.953436 255.968466
-2.524910 74.627330 255.973849
-2.531655 75.587648 255.944894
-2.557761 76.484939 255.979586
-2.560907 77.106291 255.956248
-2.626953 77.588772 256.006208
-2.589044 78.388301 255.812154
-2.641846 77.675368 256.018272
-2.604156 78.808785 255.929589
-2.590891 79.441441 255.897275
-2.696715 79.952557 256.021718
-2.707701 80.321010 255.972298
-2.709652 80.444701 256.045818
-2.736524 81.531056 255.951033
-2.740320 81.095374 256.087668
-2.717917 82.037642 255.890769
-2.747034 82.746961 255.889869
-2.752667 83.620424 255.850517
-2.758102 84.394995 255.861420
-2.772177 85.217081 255.840560
-2.824291 85.997216 255.854835
-2.830244 86.708748 255.854267
-2.871272 87.545515 255.893974
-2.846183 88.380138 255.731171
-2.785282 89.239332 255.475373
-2.443255 90.345994 254.307900
-2.606045 90.004827 254.805262
-2.724688 89.628037 255.227858
-2.322115 -69.952368 242.824983
-2.293407 -69.194726 242.776692
-2.314498 -68.475136 242.856225
-2.252022 -65.714104 241.490918
-2.340580 -66.006557 241.752184
-2.135431 -65.276980 241.177872
-1.925415 -64.369536 240.589789
-1.843105 -63.575656 240.404248
-1.904997 -62.806518 240.649286
-1.905482 -62.081758 240.727479
-1.646615 -61.124350 239.987645
-1.750120 -61.396874 240.299917
-1.674257 -58.568156 240.272239
-1.779799 -58.328973 240.656224
-1.919738 -58.029980 241.131716
-1.860304 -57.349181 241.085265
-1.607335 -56.757050 240.341143
-1.600415 -54.486248 240.521858
-1.624069 -54.283244 240.707271
-1.675281 -53.907515 240.876284
-1.726727 -53.265804 240.991115
-1.793472 -52.421744 241.268916
-2.012309 -51.754112 242.006540
-2.253110 -51.431774 242.784384
-1.801626 -51.400406 243.351989
-2.359823 -51.278485 245.085881
-1.681642 -20.985142 254.801118
-1.792282 -20.659274 255.199561
-1.883652 -20.274632 255.561689
-1.980059 -19.862392 255.934338
-2.033647 -19.452298 256.123329
-2.093871 -18.784387 256.375373
-2.109600 -18.011655 256.460614
-2.081053 -17.231215 256.419244
-2.052303 -16.451733 256.365973
-2.032867 -15.586405 256.327594
-2.012157 -14.808987 256.291752
-2.000794 -14.029852 256.272245
-2.001585 -13.169275 256.297941
-1.997771 -12.392461 256.307710
-2.008884 -11.618981 256.340535
-2.021408 -10.758954 256.437474
-2.071599 -9.990143 256.587241
-2.112133 -9.307096 256.719214
-2.148161 -8.882784 256.841142
-2.174756 -8.618008 256.924268
-2.219643 -7.587742 257.104795
-2.243661 -6.813955 257.206717
-2.264105 -5.951999 257.317485
-2.279808 -5.175935 257.437527
-2.274047 -4.397137 257.450090
-2.272667 -3.618556 257.463419
-2.294853 -2.840901 257.535934
-2.316612 -1.975965 257.631308
-2.327874 -1.197181 257.662133
-2.351666 -0.373929 257.734059
-2.350458 0.363007 257.756634
-2.349151 1.229849 257.779223
-2.353639 2.008477 257.778273
-2.365034 2.789164 257.800449
-2.380336 3.570754 257.834340
-2.391145 4.438036 257.867073
-2.358709 5.218638 257.748438
-2.295076 6.338096 257.588325
-2.320198 5.908940 257.689871
-2.273227 6.853804 257.477100
-2.199599 7.593978 257.166442
-2.063294 8.557000 256.665377
-2.112633 8.136105 256.873347
-1.944151 9.237503 256.314746
-1.800490 10.168748 255.910919
-1.851342 9.824862 256.055568
-1.705735 10.759198 255.631434
-1.622661 11.340144 255.358391
-2.271488 28.715575 248.175806
-2.141015 29.177185 247.666945
-2.111745 29.974427 247.515127
-2.117447 30.743501 247.514479
-2.111987 31.562593 247.479351
-2.116795 32.387535 247.470010
-2.136365 33.211841 247.472699
-2.148277 34.037140 247.474571
-2.169963 34.865756 247.502355
-2.190125 35.613026 247.531550
-2.229001 36.363961 247.590357
-2.289761 37.204053 247.691188
-2.369735 37.729786 247.836954
-2.010775 41.095919 256.413025
-2.087944 42.032188 256.396908
-2.074700 42.457848 256.331405
-2.109897 43.811538 256.358013
-2.119034 44.688831 256.404808
-2.102364 45.310142 256.336563
-2.119092 46.022142 256.305451
-2.106066 46.633410 256.310636
-2.136876 47.418039 256.301166
-2.148791 48.570080 256.358334
-2.128670 49.241243 256.275333
-2.141250 50.027341 256.273213
-2.184667 50.527525 256.336676
-2.158289 51.374338 256.268171
-2.167027 52.741834 256.289850
-2.124242 53.272267 256.063250
-2.128034 53.784132 256.070152
-2.209716 54.824726 256.279231
-2.254793 55.699960 256.349740
-2.232056 56.318640 256.110972
-2.276917 57.147665 256.263977
-2.293501 57.970592 256.260476
-2.281972 58.862893 256.146596
-2.293649 59.402923 256.157364
-2.312605 60.612651 256.168897
-2.314904 61.132611 256.228962
-2.365788 61.931696 256.268567
-2.341636 62.663013 256.155057
-2.349121 63.482764 256.132173
-2.323305 64.317127 256.061168
-2.348778 64.908128 256.006824
-2.371166 67.522313 256.103189
-1.270076 -78.708327 258.956728
-1.147701 -78.046699 258.616184
-1.102664 -77.211523 258.520945
-1.271747 -62.862579 240.630516
-1.337965 -62.595838 240.904171
-1.367207 -62.080323 241.123971
-1.585269 -60.931161 239.790466
-1.131913 -61.078079 240.717741
-1.279842 -61.497810 241.038021
-1.496638 -60.678704 239.536223
-1.508009 -59.001639 239.695543
-1.011545 -58.510812 240.471195
-1.099900 -58.377306 240.692306
-1.282571 -58.111335 241.235099
-1.454842 -57.764812 241.831853
-1.178356 -57.007596 241.410946
-1.336188 -57.346634 241.739909
-1.454156 -56.229916 239.869672
-1.135778 -56.313724 240.506559
-0.993626 -56.563625 240.932271
-1.413355 -55.630722 239.752488
-0.927564 -55.773817 240.659398
-1.059685 -55.356420 240.967253
-1.460773 -55.096288 239.918542
-1.574880 -54.689949 240.342443
-1.156326 -54.807379 241.380573
-1.027606 -53.956106 241.225303
-0.996046 -53.135789 241.182886
-1.096498 -52.437123 241.457308
-1.177953 -52.114102 241.698847
-1.295367 -51.864292 242.027390
-1.517956 -51.594593 242.598129
-0.844951 -23.880516 251.826728
-0.941293 -23.491843 252.196458
-1.068101 -23.010615 252.628643
-1.156178 -22.633506 252.998508
-1.276170 -22.231976 253.419493
-1.415399 -21.769856 253.896055
-1.512994 -21.458113 254.240447
-1.561773 -21.313243 254.418642
-1.537326 11.855387 255.124133
-1.573913 11.606568 255.226241
-1.456067 12.439170 254.874898
-1.293636 13.437023 254.322408
-1.340617 13.108895 254.489212
-1.206017 13.937890 254.056940
-1.106250 14.599128 253.708844
-0.953911 15.599507 253.265992
-0.850196 16.262431 252.930749
-1.508564 91.678572 289.246367
-1.553208 92.473147 289.360324
-1.543226 93.262731 289.342991
-1.518564 94.050344 289.321014
-0.989392 94.683666 287.576738
-1.275185 94.656832 288.502057
-1.418419 94.541981 288.988937
-0.231190 -72.340498 246.035555
-0.039010 -71.856261 245.436568
-0.035873 -50.568852 247.513532
-0.095464 -50.265922 247.746117
-0.172560 -49.672078 248.111465
-0.203943 -49.184215 248.211033
-0.165364 -48.406478 248.127075
-0.092065 -47.522890 247.917901
-0.130968 -47.966960 248.028496
-0.026495 -46.810284 247.748487
-0.014896 -28.053434 248.925225
-0.085033 -27.576135 249.174734
-0.191322 -26.939498 249.499994
-0.272103 -26.543024 249.744833
-0.375407 -25.995138 250.136173
-0.518900 -25.208088 250.699586
-0.621242 -24.749387 251.055812
-0.730739 -24.347375 251.425758
-0.782284 16.672052 252.705377
-0.686046 17.242297 252.380384
-0.530419 18.139395 251.860108
-0.598154 17.733807 252.081314
-0.401305 18.873035 251.453913
-0.269380 19.690423 251.008316
-0.332684 19.353656 251.207512
-0.186969 20.332081 250.697282
-0.065878 21.234256 250.318484
-0.112998 20.830281 250.461863
-0.021935 21.723332 250.167125
-0.032571 23.906290 250.066398
-0.106918 24.269599 250.309211
-0.173357 24.629913 250.515494
-0.193501 25.225030 250.595432
-0.182204 26.064978 250.550881
-0.155332 26.732004 250.481654
-0.098537 27.651273 250.330545
-0.133481 27.231982 250.416628
-0.029101 28.131532 250.150342
-0.776402 94.385127 278.333898
-0.113544 94.496358 275.893755
-0.288324 94.491919 276.489102
-0.473078 94.463894 277.133533
-0.731571 94.448339 278.036529
-0.060779 94.651593 284.483033
-0.268138 94.654050 285.196588
-0.569597 94.674779 286.219080
-0.778847 94.692196 286.903157
0.030191 -71.565928 245.263845
0.358735 -70.730403 244.418895
0.152407 -71.197471 244.962936
0.709583 -51.676528 244.689002
0.444301 -51.605167 245.480985
0.212628 -51.595390 246.175837
0.111863 -51.407335 246.710563
0.056393 -51.150523 247.110462
0.021436 -50.935047 247.272614
0.030848 -46.112531 247.604102
0.134753 -45.196602 247.369486
0.205264 -44.467398 247.158306
0.182780 -44.779211 247.235688
0.282665 -43.616359 246.951196
0.335869 -42.860797 246.844133
0.368244 -42.010863 246.771705
0.399226 -41.162869 246.708083
0.421402 -40.408504 246.700533
0.439537 -39.711034 246.704626
0.444633 -38.821603 246.729370
0.433272 -38.001297 246.840700
0.410489 -37.189740 247.008672
0.388191 -36.373979 247.144043
0.374287 -35.555355 247.270583
0.346635 -34.740518 247.425772
0.334383 -33.998259 247.507048
0.307552 -33.259786 247.612076
0.281869 -32.436744 247.730860
0.258256 -31.727498 247.880823
0.232224 -31.294783 248.000966
0.203975 -30.806119 248.097323
0.159024 -29.992448 248.279976
0.091348 -29.180989 248.530312
0.042296 -28.531602 248.740296
0.006170 -28.211222 248.855130
0.794693 -0.991686 257.578447
0.786517 -0.819488 257.602547
0.763595 -0.388811 257.667057
0.714512 0.389728 257.822512
0.665637 1.170825 258.007067
0.613504 1.948850 258.200135
0.567595 2.552739 258.354261
0.506301 2.993447 258.526528
0.427588 3.601522 258.769017
0.339649 4.301473 259.074164
0.273467 4.741495 259.260869
0.232718 5.175134 259.397209
0.166536 5.960349 259.663392
0.121171 6.839365 259.834918
0.156418 7.652800 259.767464
0.210948 8.398808 259.566100
0.340869 9.435831 259.141310
0.279988 9.080579 259.314447
0.424708 9.937492 258.881926
0.638343 10.947242 258.220225
0.550894 10.540365 258.515293
0.769465 11.374585 257.795138
0.021975 22.126491 250.006173
0.086440 22.786055 249.780741
0.041086 23.467978 249.857247
0.457576 28.646703 248.565608
0.275840 28.477895 249.221258
0.616303 29.188576 247.876415
0.639068 29.955866 247.767680
0.638816 30.790847 247.758171
0.645111 31.624231 247.728638
0.641268 32.457994 247.699541
0.642996 33.212658 247.711166
0.625231 33.970866 247.744363
0.602452 34.812099 247.761137
0.574096 35.607339 247.837594
0.552461 36.341936 247.886286
0.521706 36.938583 247.950263
0.486032 37.375062 248.076775
0.376974 38.040939 248.386247
0.261772 38.555147 248.710892
0.121482 38.962826 249.109952
0.778074 49.918312 256.873029
0.773453 51.836833 256.726092
0.787683 52.356090 256.708221
0.790308 53.474772 256.622623
0.791455 53.757367 256.636723
0.784718 55.044772 256.623229
0.779129 55.501838 256.580422
0.760835 56.522009 256.590130
0.744276 56.860889 256.576078
0.728990 57.715729 256.601462
0.696767 58.838356 256.483017
0.721802 59.527017 256.567164
0.716865 60.282434 256.588965
0.627543 60.960643 256.697108
0.605547 61.713503 256.713150
0.610752 62.818968 256.627869
0.610558 63.590762 256.578156
0.598199 64.231349 256.680448
0.589147 65.221812 256.644354
0.573956 65.708767 256.632101
0.557263 66.752912 256.509059
0.572928 67.608123 256.660975
0.510270 68.651592 256.562468
0.473873 69.123419 256.577803
0.450738 69.960543 256.623964
0.515594 70.781471 256.456433
0.482457 71.686281 256.500047
0.438795 72.419147 256.573576
0.442857 73.258963 256.502969
0.475280 74.144433 256.451154
0.425383 75.111900 256.538232
0.383880 75.597300 256.538593
0.396482 76.376300 256.471326
0.366596 77.513018 256.487378
0.360325 78.040695 256.496201
0.312914 78.917297 256.545134
0.355633 79.685529 256.322979
0.318476 80.379948 256.340149
0.187260 81.412107 256.512607
0.170197 82.706224 256.466494
0.152976 83.702266 256.443605
0.105380 85.260224 256.375723
0.093327 85.904771 256.405931
0.128715 86.810837 256.214460
0.072161 87.629448 256.263911
0.088570 88.406046 256.202876
0.177170 89.472471 255.936630
0.136244 89.077719 256.076665
0.254334 89.925629 255.557123
0.770606 94.568452 263.781822
0.600039 94.548077 264.382495
0.305924 94.533228 265.391032
0.121626 94.513302 266.125303
0.055733 94.476023 266.488738
0.639382 94.492961 273.314960
0.432615 94.511055 274.031046
0.156691 94.526307 274.963665
0.060579 94.509903 275.317411
0.631290 94.609784 282.063162
0.434795 94.615438 282.793613
0.135758 94.639870 283.808083
0.778505 94.705300 285.348000
0.593485 94.679300 286.190000
0.414425 94.652200 287.030000
0.380231 94.582900 287.385000
1.362707 -58.052858 242.192244
1.335427 -57.797156 242.429039
1.241933 -57.211570 242.749646
1.081069 -56.828793 243.217079
0.878421 -56.221602 243.839889
0.918367 -55.663305 243.949604
1.068296 -54.825032 243.549594
1.269970 -54.018176 242.948189
1.333837 -53.176287 242.712795
1.259131 -52.535133 242.998389
1.158940 -52.117894 243.374303
1.007648 -51.876623 243.822385
0.871387 -51.744246 244.237400
1.578703 -19.064583 254.352290
1.486966 -18.662782 254.684344
1.385279 -18.091449 255.066505
1.329178 -17.682924 255.265903
1.261409 -17.175290 255.510641
1.224145 -16.417578 255.678436
1.205085 -15.567726 255.806835
1.189612 -14.800208 255.894588
1.195153 -14.028507 255.919050
1.188451 -13.173494 255.990596
1.186544 -12.658497 255.999396
1.186401 -12.315367 256.008190
1.181545 -11.629691 256.037999
1.168890 -10.775509 256.140971
1.143207 -10.007257 256.234569
1.089191 -9.151600 256.383374
1.030241 -8.382583 256.561069
0.996523 -7.614490 256.717852
0.980644 -7.186912 256.791331
0.962531 -6.758520 256.866820
0.938433 -5.986865 256.991762
0.925711 -5.211322 257.052055
0.908017 -4.495627 257.152982
0.877075 -3.575793 257.271726
0.844167 -2.800611 257.377058
0.815830 -2.026346 257.477970
0.805401 -1.336425 257.540939
0.908858 11.776502 257.348172
1.213036 12.513143 256.371103
1.032468 12.094245 256.965245
1.461764 13.154060 255.522243
0.872267 41.386055 256.937791
0.860766 42.189388 256.849472
0.876852 42.559876 256.613703
0.850932 43.680178 256.877734
0.826211 44.170671 256.895024
0.940662 45.048370 256.632345
0.919152 45.877378 256.676746
0.864776 46.836176 256.775441
0.821548 47.734452 256.677361
0.889484 48.348548 256.689791
0.831644 48.092802 256.812451
0.844132 49.255530 256.736826
0.803391 51.206179 256.604726
0.812909 52.586291 256.572195
0.823474 53.116923 256.575012
0.822099 54.219344 256.564759
0.810587 54.522874 256.618922
0.803604 55.209992 256.570207
1.525233 94.562902 261.195565
1.268675 94.578771 262.053362
1.093195 94.574730 262.674581
0.931179 94.575582 263.239710
1.398431 94.465200 270.692625
0.891318 94.500018 272.424018
1.476169 94.619671 279.172797
1.287011 94.626507 279.814673
1.093304 94.638344 280.451594
0.820587 94.607850 281.415286
1.526790 94.668700 282.219000
1.361450 94.669300 282.868000
1.155590 94.671100 283.730500
0.947057 94.691600 284.649000
1.976902 -73.607274 248.661297
2.278263 -72.931276 247.866219
2.154520 -73.344450 248.333613
2.359938 -72.632689 247.633970
2.346689 -21.894292 251.611519
2.265190 -21.513725 251.924353
2.118339 -21.041336 252.421426
1.907663 -20.335317 253.159767
1.694973 -19.540275 253.929851
1.600340 13.546467 255.035276
1.819978 14.288287 254.314082
1.707157 13.874461 254.694593
1.935166 14.860501 253.929686
2.091919 15.687656 253.461568
2.018127 15.343282 253.658099
2.190740 16.338185 253.116706
2.328325 17.240139 252.638932
2.268508 16.837188 252.840547
1.714343 94.595469 260.543272
2.260749 94.439467 267.789497
2.063771 94.464629 268.399003
1.804633 94.468510 269.256996
1.615402 94.473344 269.931452
2.245470 94.618842 276.572178
2.033531 94.625506 277.262278
1.749331 94.634867 278.203095
1.980603 94.664711 278.734060
2.157495 94.694300 279.618500
1.924430 94.703900 280.610000
1.778040 94.681700 281.218000
1.627720 94.662800 281.848000
3.131302 -53.855979 246.825869
3.112449 -53.232128 247.011451
3.164414 -52.623317 246.930348
3.191463 -51.184293 246.867262
3.154384 -25.987591 248.666104
3.102038 -25.663520 248.831122
3.050111 -25.192134 249.083726
2.952242 -24.555888 249.461527
2.870539 -24.168412 249.747698
2.759162 -23.619112 250.148393
2.589820 -22.835364 250.756181
2.477023 -22.371994 251.173100
2.436560 -22.224750 251.321334
3.178444 4.402491 259.628986
3.158224 5.184896 259.746245
3.163222 5.966284 259.754828
3.188722 6.657326 259.664018
2.523626 18.293013 251.971960
2.458227 17.895526 252.204102
2.617410 18.785901 251.684329
2.799028 19.841493 251.089819
2.722064 19.426052 251.333838
2.863716 20.404077 250.839242
3.017707 21.544618 250.355985
2.962591 21.138783 250.514827
3.062141 22.032315 250.202569
3.104889 22.604887 250.036492
3.051726 23.626676 250.132104
2.969648 24.055308 250.380125
2.866482 24.441023 250.698389
2.795911 25.230888 251.038578
2.801914 25.986777 250.999981
2.825914 26.820197 250.892583
2.859105 27.650419 250.780344
3.077588 28.402075 250.204260
2.899586 28.134910 250.643945
3.156188 38.831102 249.325269
3.013391 39.152147 249.741517
3.138676 78.860583 257.038481
3.128913 79.632059 257.034607
3.142931 80.051435 256.968813
3.088649 94.227240 283.402438
2.799231 94.159083 284.198474
3.043551 94.432848 265.128473
2.773237 94.448983 266.003047
2.537788 94.441017 266.859364
2.440897 94.435314 267.216112
2.999083 94.620061 273.967713
2.776761 94.598708 274.699907
2.767164 94.628117 275.462431
2.965065 94.684200 276.308500
2.800920 94.683900 276.988000
2.471350 94.705200 278.281000
3.676377 -70.596943 243.367917
3.925719 -70.144890 242.693485
3.898313 -54.454344 244.055928
3.626180 -54.350236 244.837166
3.248491 -54.196437 246.176557
3.221007 -52.176241 246.818431
3.227417 -51.589947 246.811454
3.257999 -49.994612 246.813810
3.345004 -49.201403 246.628571
3.467716 -48.223623 246.328810
3.417034 -48.662338 246.457204
3.554049 -47.586686 246.117749
3.640196 -46.795118 245.869512
3.764170 -45.882175 245.488703
3.718262 -46.236227 245.625775
3.852711 -45.175167 245.266075
3.936251 -44.385235 245.050000
3.975854 -43.781626 244.914215
3.980774 -36.228748 245.423995
3.955354 -35.834695 245.551587
3.935368 -35.438407 245.671822
3.889557 -34.807161 245.889059
3.811542 -34.008355 246.139898
3.765790 -33.289235 246.328117
3.744616 -32.890830 246.447608
3.714508 -32.410016 246.571319
3.661328 -31.602497 246.788053
3.615934 -30.795669 246.982153
3.581778 -30.150253 247.135343
3.558781 -29.747022 247.232094
3.512903 -29.184087 247.406805
3.455786 -28.373049 247.625757
3.390841 -27.655764 247.880110
3.345046 -27.260420 248.030458
3.266788 -26.776012 248.276583
3.204403 -26.306600 248.510432
3.985075 -8.422623 256.753370
3.953677 -8.086354 256.882832
3.910229 -7.578539 257.023503
3.845391 -6.808593 257.243812
3.780148 -6.040509 257.513775
3.752693 -5.614624 257.619525
3.747447 -5.185348 257.667873
3.757838 -4.411015 257.682764
3.768887 -3.549540 257.658312
3.763205 -2.774828 257.666513
3.756431 -2.000537 257.716522
3.731596 -1.227134 257.823106
3.680300 -0.541408 257.967959
3.596942 0.412896 258.239181
3.556891 0.928604 258.383634
3.520242 1.271248 258.504804
3.441303 1.969543 258.776593
3.363332 2.748171 259.063301
3.318287 3.178694 259.210927
3.253695 3.621183 259.383946
3.219679 7.084957 259.541445
3.297321 7.605040 259.335033
3.429893 8.370732 258.911116
3.677448 9.296280 258.142616
3.542621 8.876437 258.521498
3.930371 10.039345 257.388646
3.836061 9.729677 257.677078
3.517683 28.781206 248.785459
3.586581 29.215703 248.310114
3.602075 30.038165 248.196149
3.598011 30.790502 248.193096
3.599673 31.541072 248.178116
3.597689 32.376475 248.170634
3.598427 33.212716 248.167540
3.594138 34.050296 248.169069
3.574804 34.807375 248.196435
3.562606 35.561384 248.199367
3.547909 36.405128 248.243944
3.477655 37.187416 248.421743
3.387958 37.806527 248.636034
3.288449 38.267358 248.909977
3.212460 38.556676 249.129419
3.679411 41.005094 257.451825
3.750375 41.879343 257.304217
3.688261 43.021144 257.387224
3.684828 43.642448 257.449950
3.715110 44.439394 257.293065
3.716671 45.245577 257.186637
3.700182 46.027128 257.276319
3.670851 46.733388 257.414369
3.722145 47.639195 257.191335
3.692441 48.396747 257.249090
3.690031 49.207210 257.299695
3.689163 49.766782 257.200104
3.663041 50.936073 257.158797
3.636909 51.773537 257.246920
3.595502 52.490934 257.306476
3.628454 53.299761 257.211750
3.595887 53.951674 257.252031
3.620076 54.781091 257.213882
3.539022 55.966369 257.311635
3.544479 56.241372 257.308796
3.530530 57.206220 257.308092
3.523895 57.975457 257.296195
3.502675 58.705998 257.261870
3.502320 59.641800 257.258551
3.514922 60.544732 257.173116
3.483101 61.419288 257.201470
3.505972 62.046754 257.048264
3.490498 62.883395 257.033643
3.467006 63.645017 257.053941
3.429944 64.416819 257.074006
3.442707 65.263114 257.086032
3.429348 67.570132 257.057396
3.346449 68.387810 257.164962
3.327846 70.034117 257.102282
3.319006 70.819135 257.055161
3.329198 71.507111 257.102340
3.254824 72.402166 257.096001
3.278320 73.075632 256.944324
3.299525 73.950552 256.922812
3.229163 74.977284 257.064044
3.242202 75.663766 256.989950
3.230165 76.403127 257.052237
3.235396 77.156633 256.931078
3.225299 77.832898 256.906637
3.851565 94.296313 280.395407
3.689976 94.299624 281.047403
3.478058 94.285437 281.824409
3.284759 94.251154 282.596427
3.892757 94.467719 262.086921
3.291369 94.408757 264.399077
3.623007 94.610499 271.801029
3.743267 94.659897 272.404216
3.228162 94.620231 273.189445
3.538325 94.670800 273.912000
3.353960 94.659700 274.686000
4.053659 -69.764287 242.284562
4.184913 -69.339946 241.908141
4.681384 -56.563898 241.257690
4.494363 -56.258044 242.006297
4.443146 -55.917783 242.290483
4.347000 -55.413351 242.651594
4.269035 -55.001105 242.973091
4.141231 -54.599540 243.425138
4.002692 -43.439132 244.839557
4.066593 -42.748791 244.730732
4.090820 -41.996699 244.688204
4.100438 -41.254001 244.705137
4.120151 -40.423515 244.691958
4.124390 -39.622613 244.740036
4.112398 -38.790909 244.836197
4.098009 -37.979125 244.933562
4.048379 -37.180497 245.126677
4.009260 -36.620995 245.283057
4.695389 -17.930413 254.012024
4.515337 -17.125088 254.665062
4.395439 -16.550222 255.128115
4.343622 -16.228618 255.313209
4.261110 -15.654980 255.620500
4.164990 -14.984507 255.931188
4.125695 -14.569439 256.101430
4.059814 -13.984933 256.375114
4.006567 -13.223366 256.582737
4.027525 -12.493332 256.542871
4.104731 -11.582047 256.354346
4.128901 -10.809709 256.302889
4.122228 -10.039354 256.317143
4.076019 -9.191488 256.468280
4.014752 -8.673516 256.656481
4.035303 10.385763 257.043167
4.159347 10.869263 256.577987
4.077627 10.542096 256.872985
4.373191 11.687489 255.828091
4.269227 11.283489 256.185688
4.617788 12.597740 254.986715
4.505630 12.176887 255.368190
4.700531 12.994104 254.671758
4.739500 94.255574 276.758439
4.572386 94.272782 277.409428
4.399189 94.299302 278.085411
4.231856 94.312409 278.733401
4.047598 94.298855 279.549907
4.252325 94.412612 261.251182
4.083558 94.423920 261.677473
4.560485 94.623440 268.525244
4.485183 94.595496 269.192200
4.288489 94.610635 270.061236
4.267290 94.667900 270.908000
4.110040 94.686600 271.553000
5.347053 -72.448238 247.613861
5.568933 -71.469165 246.998030
5.461879 -71.840675 247.322505
5.536973 -21.246570 251.029425
5.452557 -20.930078 251.335576
5.362130 -20.544762 251.663985
5.267756 -20.145719 252.022433
5.159632 -19.675484 252.408927
5.036803 -19.205565 252.840723
4.905629 -18.728361 253.290182
4.810348 13.497518 254.320026
4.898380 13.985110 254.056168
5.075684 14.967371 253.504580
5.009388 14.565396 253.724417
5.210258 15.623649 253.053786
5.386680 16.433646 252.480946
5.566981 17.404069 251.872595
5.518111 17.085532 252.044704
5.507629 94.245997 273.485453
5.423597 94.241176 273.855455
5.200664 94.271815 274.858935
4.970900 94.282524 275.816426
4.886444 94.262080 276.145437
4.884885 94.644200 268.558500
5.807177 -70.523261 246.310060
5.700454 -70.961792 246.641151
5.960008 -69.982064 245.880141
6.261257 -69.066886 245.041962
6.391760 -52.712409 246.014945
6.368562 -26.780760 247.922951
6.329606 -26.472893 248.048445
6.279436 -26.037901 248.216860
6.175419 -25.200369 248.628842
6.074782 -24.408679 249.024318
5.971675 -23.696577 249.429703
5.922826 -23.302429 249.624580
5.845873 -22.825365 249.925862
5.754706 -22.273530 250.261498
5.667388 -21.877576 250.573393
5.607939 -21.559843 250.785037
6.337519 -6.558076 257.876536
6.254637 -5.971561 258.193788
6.162194 -5.196785 258.528952
6.157160 -4.426505 258.625247
6.176828 -3.302518 258.626238
6.163495 -2.785465 258.644424
6.143446 -2.009706 258.723781
6.095921 -1.148883 258.854870
6.036343 -0.403663 259.036890
5.996225 0.062284 259.195050
5.971133 0.582236 259.317411
5.937281 1.186389 259.414895
5.921143 1.964538 259.484221
5.923993 2.829635 259.472722
5.945536 3.605315 259.406308
6.054632 4.642129 259.056137
5.997019 4.124064 259.258747
6.127285 5.235484 258.831589
6.235114 6.011865 258.517812
6.294151 6.777561 258.308613
6.352439 7.588248 258.098654
6.391726 8.147529 257.954423
5.659473 18.051947 251.546420
5.784771 19.027009 251.105588
5.744678 18.622153 251.262241
5.857647 19.627043 250.852182
5.929201 20.333471 250.607396
5.998267 21.398015 250.362487
5.969918 20.989291 250.455388
6.053284 21.978232 250.205125
6.063162 22.801422 250.111252
5.972516 23.504258 250.364191
5.919692 23.760834 250.519244
5.796374 24.216464 250.898266
5.649331 24.782842 251.387366
5.615289 25.211001 251.536414
5.609916 25.968586 251.535101
5.642050 26.799608 251.432679
5.696280 27.631244 251.290906
6.155501 28.591695 249.959111
5.778093 28.186995 251.080941
6.384090 28.891117 249.037234
6.395051 35.690368 248.698080
6.370295 36.368055 248.754076
6.340754 36.719058 248.833202
6.293016 37.236917 248.957109
6.171459 38.039708 249.296835
6.076306 38.501453 249.583332
5.977583 38.886897 249.905798
5.913292 39.267109 250.144022
6.368890 40.745283 257.565658
6.393295 40.900468 257.504421
6.372347 42.115287 257.574694
6.369353 42.288601 257.622662
6.354042 42.877660 257.500337
6.347336 42.461108 257.655775
6.308073 43.525422 257.510729
6.294849 44.356938 257.540565
6.299874 44.971673 257.569831
6.300370 46.126423 257.566957
6.285386 45.885790 257.631150
6.299093 46.777314 257.488090
6.272836 47.721295 257.495404
6.273020 48.516165 257.556900
6.294493 49.328546 257.487309
6.268999 50.090547 257.502259
6.252887 50.949227 257.446772
6.255678 51.762610 257.392489
6.244366 52.519228 257.453835
6.220569 53.308748 257.531015
6.211530 54.091230 257.478416
6.221011 54.705783 257.481564
6.198573 55.844235 257.499621
6.220907 56.531157 257.347227
6.209039 57.196149 257.287902
6.073413 58.988970 257.516566
6.174518 59.529123 257.265951
6.095572 60.421372 257.352935
6.097248 61.395668 257.341610
6.123976 61.990248 257.264715
6.041075 63.086955 257.327496
6.080085 63.607545 257.278031
6.028857 65.369465 257.365193
6.050787 66.157997 257.349440
6.048047 66.483369 257.367357
6.027908 67.945691 257.133036
6.006553 68.267646 257.161346
5.952281 69.323936 257.313175
5.921842 70.034047 257.286428
5.911877 70.748729 257.234024
5.894271 71.593768 257.256888
5.899373 72.623893 257.206518
5.973218 73.166201 257.088114
5.959052 73.878263 257.078910
5.866625 74.921951 257.248033
5.868336 75.750970 257.148752
5.814233 76.399622 257.262459
5.802696 77.160323 257.192552
5.791205 78.035207 257.094606
5.787129 78.784149 257.125399
5.756994 79.524859 257.170725
5.681350 80.031883 257.284808
6.338237 94.243773 270.087463
6.153151 94.249663 270.894957
5.906677 94.245052 271.915457
5.817102 94.248229 272.283455
5.662557 94.243305 272.871456
6.334291 94.600029 262.369235
6.185100 94.608456 262.948553
6.052557 94.604169 263.563583
6.273719 94.577308 274.307916
6.111826 94.588323 274.634737
6.864500 -78.600500 258.151000
7.007657 -75.615509 250.796328
7.186639 -56.452879 243.054694
7.143314 -56.194492 243.380187
7.068601 -55.603288 243.663936
7.127902 -54.787040 243.362063
7.102583 -54.003882 243.561726
7.023186 -53.414768 243.884541
6.891874 -53.108242 244.289676
6.416886 -52.390829 246.050256
6.461857 -51.630105 246.004247
6.511194 -50.776478 245.900324
6.566937 -49.968741 245.747722
6.612689 -49.221048 245.643947
6.647822 -48.387008 245.627310
6.650619 -47.568515 245.693086
6.657508 -46.742294 245.722438
6.665275 -45.997544 245.738425
6.684169 -45.244555 245.705340
6.783025 -44.369272 245.483289
6.856936 -43.587511 245.272092
6.938522 -42.807608 245.087142
6.996514 -41.959791 244.972355
7.015770 -41.207545 244.921467
7.031825 -40.465311 244.927995
7.045956 -39.642080 244.945895
7.046083 -38.822428 244.984889
7.032477 -38.010214 245.071574
7.009640 -37.206600 245.210717
6.994014 -36.408493 245.389607
6.963793 -35.769855 245.528948
6.946054 -35.370241 245.620195
6.905006 -34.805317 245.752590
6.856609 -34.008649 245.947506
6.821796 -33.210462 246.147529
6.778857 -32.486849 246.301702
6.746427 -32.083314 246.416471
6.717345 -31.606706 246.561020
6.677396 -30.804111 246.748481
6.636467 -30.001482 246.944149
6.587501 -29.360970 247.132222
6.545518 -28.957475 247.265140
6.516902 -28.394178 247.398148
6.470095 -27.603698 247.603048
6.419447 -27.007695 247.803433
7.133010 -16.273635 254.927014
6.997442 -15.624211 255.451751
6.870726 -15.050220 255.897143
6.762032 -14.639473 256.255182
6.646761 -14.069914 256.657804
6.618929 -13.648719 256.814635
6.620498 -13.221328 256.862738
6.662522 -12.273399 256.748195
6.639425 -12.704711 256.827678
6.695926 -11.585435 256.658585
6.722398 -10.811269 256.602685
6.701907 -10.041592 256.653446
6.667190 -9.447665 256.767423
6.635389 -9.025450 256.883033
6.567983 -8.343636 257.106334
6.484390 -7.581444 257.400484
6.434273 -7.161449 257.564985
6.412046 -6.993849 257.640102
6.410938 8.489262 257.882499
6.446777 9.172396 257.792472
6.538136 10.269094 257.520119
6.486465 9.853768 257.684149
6.819497 11.105568 256.662688
6.656273 10.691369 257.170909
7.086642 11.824076 255.712901
6.940712 11.419102 256.236655
7.194991 12.151414 255.356963
6.433379 29.432786 248.751280
6.418227 29.111964 248.845654
6.446161 30.007335 248.674607
6.444290 30.841834 248.675825
6.440953 31.592026 248.665292
6.437888 32.341212 248.649556
6.432591 33.177687 248.655399
6.435578 34.007297 248.615379
6.412906 34.847126 248.651344
6.400569 35.352288 248.672796
7.199742 94.220836 266.821485
6.968384 94.217278 267.662484
6.718890 94.205286 268.457489
6.629700 94.219669 268.836479
6.417677 94.253204 269.739458
6.494993 94.622157 261.782733
7.065148 94.635883 271.730053
6.890698 94.645343 272.341029
6.672803 94.633479 273.092976
6.449245 94.607061 273.793969
7.094724 94.485558 274.896163
6.907642 94.471362 275.347385
7.558210 -77.957826 257.129634
7.427353 -74.554220 249.498762
7.229877 -75.078955 250.120448
7.751995 -73.741366 248.561008
7.590968 -74.140950 249.006872
7.881968 -73.394913 248.189399
7.326202 -56.974326 242.611678
7.209097 -56.656996 242.878887
7.979106 -19.613942 251.960067
7.927084 -19.385142 252.141894
7.791954 -18.905068 252.603031
7.695152 -18.526878 252.933905
7.582874 -18.118820 253.330889
7.467608 -17.709369 253.708395
7.380282 -17.324746 254.060946
7.283151 -16.910274 254.413561
7.230773 -16.676373 254.601890
7.962970 -13.234575 257.315250
7.949380 -12.536325 257.370250
7.976916 -11.571540 257.303000
7.994665 -10.958700 257.269000
7.993680 -9.046540 257.393000
7.970995 -8.705905 257.516500
7.918677 -8.264250 257.708000
7.853438 -7.581546 258.003600
7.776760 -7.052790 258.325000
7.731220 -6.715080 258.526333
7.633858 -6.024176 258.955600
7.540240 -5.155888 259.355000
7.514115 -4.363585 259.436500
7.525632 -3.570994 259.411800
7.519852 -2.781210 259.432500
7.509975 -1.945223 259.485000
7.495750 -1.285797 259.556667
7.465960 -0.315738 259.669500
7.452198 0.387787 259.687500
7.474940 1.178252 259.611200
7.516133 1.973360 259.486500
7.551204 2.762642 259.354800
7.588797 3.812240 259.126333
7.571040 3.375580 259.229500
7.625725 4.423275 258.998000
7.682064 5.217082 258.837000
7.716073 6.001515 258.718500
7.717544 6.790618 258.707600
7.722670 7.580650 258.717000
7.711536 8.372186 258.783800
7.709998 9.250586 258.771200
7.814190 10.299400 258.332000
7.755857 9.940667 258.560000
7.884760 10.707250 257.971500
7.338261 12.631577 254.853039
7.237829 12.304472 255.204584
7.512901 13.359906 254.226128
7.437959 13.031980 254.498810
7.640324 13.937425 253.843163
7.808480 14.749887 253.325011
7.980175 15.722200 252.710777
7.932285 15.404027 252.923916
7.952090 41.248775 257.905500
7.939450 42.106933 257.893333
7.915468 42.859975 257.951500
7.893578 43.634920 257.887000
7.941335 46.209400 257.887500
7.936783 46.697375 257.903750
7.953073 47.608533 257.868333
7.934375 48.326425 257.868500
7.919540 49.133100 257.908667
7.921140 50.091350 257.836000
7.915390 50.812650 257.900500
7.906137 51.394333 257.922667
7.896840 52.424233 257.830000
7.916115 53.078350 257.708750
7.927807 53.928467 257.670333
7.909463 54.686675 257.882750
7.890154 55.664480 257.778800
7.903895 56.488350 257.682000
7.897805 57.171450 257.757000
7.911984 57.965380 257.728800
7.904130 58.815400 257.626000
7.894780 59.657725 257.753250
7.868323 60.361167 257.806667
7.884830 61.073600 257.599000
7.896533 61.305933 257.618000
7.888457 62.096375 257.762750
7.878380 62.789500 257.678000
7.894780 63.272400 257.596000
7.903663 63.661067 257.631000
7.820155 64.548950 257.738000
7.825650 65.211300 257.722333
7.824690 65.863167 257.707667
7.794620 66.736600 257.703000
7.779360 67.237200 257.893000
7.836648 68.372125 257.675500
7.823082 69.181120 257.653400
7.839925 69.796300 257.643500
7.792107 70.721225 257.693750
7.872350 71.998500 257.573000
7.788210 71.612200 257.789000
7.826440 72.459900 257.575000
7.820230 72.430750 257.630500
7.789475 73.277675 257.683250
7.791290 73.932500 257.706000
7.856230 74.979350 257.525000
7.789345 74.643500 257.686500
7.791960 75.342200 257.597000
7.779455 75.858150 257.668000
7.773860 76.479233 257.706667
7.785603 77.157000 257.665000
7.792270 78.301500 257.589000
7.778980 77.791100 257.686500
7.780450 78.407000 257.596000
7.770570 78.893100 257.621000
7.762644 79.591700 257.646200
7.763665 80.189050 257.697500
7.713972 94.155144 264.566528
7.563244 94.206287 265.267497
7.409861 94.224172 265.868485
7.276804 94.225054 266.451483
7.966879 94.594831 268.618848
7.777256 94.603569 269.254993
7.505437 94.629552 270.181080
7.285126 94.631523 270.949567
7.964076 94.536473 271.458143
7.736218 94.561916 272.422388
7.578286 94.565093 273.092567
7.354701 94.560203 273.997825
8.333203 -72.120947 246.749520
8.165491 -72.637088 247.334977
8.516409 -71.520910 246.143085
8.721562 -70.583376 245.515542
8.656990 -70.973516 245.736164
8.780492 -70.110918 245.351938
8.748842 -24.302556 249.085384
8.670020 -23.584349 249.384212
8.571475 -22.787931 249.805918
8.471230 -22.074423 250.196063
8.398882 -21.667549 250.466490
8.323561 -21.198970 250.753121
8.213355 -20.711678 251.098613
8.132821 -20.329771 251.394861
8.033370 -19.858089 251.784727
8.755370 -17.043200 254.049000
8.695070 -16.780200 254.291000
8.622563 -16.386800 254.639500
8.516270 -15.884800 255.076500
8.442877 -15.478400 255.430667
8.362040 -15.062550 255.809500
8.257707 -14.651433 256.238000
8.151915 -14.255900 256.656500
8.043400 -13.827833 257.057333
8.763129 -13.199779 258.046652
8.754009 -12.347681 258.107829
8.779444 -11.574225 258.049288
8.006475 -10.608700 257.231000
8.796042 -11.145070 258.045020
8.008610 -9.998584 257.227800
8.004205 -9.390785 257.296500
8.770336 -9.169885 258.124936
8.708886 -8.579344 258.321076
8.652589 -8.161571 258.521440
8.557572 -7.564377 258.850182
8.467303 -7.064313 259.145643
8.400331 -6.710621 259.356758
8.317724 -6.036664 259.695671
8.276831 -5.265350 259.950140
8.274165 -4.832870 260.000313
8.283385 -4.400597 259.983868
8.301159 -3.623041 259.958054
8.306867 -2.759329 259.910686
8.303461 -1.982152 259.917230
8.313307 -1.204665 259.905344
8.313528 -0.427642 259.912653
8.331121 0.349275 259.859889
8.366802 1.210880 259.720024
8.424843 1.987783 259.563612
8.481615 2.762695 259.402011
8.505139 3.622580 259.308065
8.512458 4.396688 259.251551
8.515465 5.171028 259.205679
8.515598 6.032858 259.229768
8.500867 6.809716 259.301725
8.480939 7.586827 259.366033
8.470877 8.450814 259.389822
8.513113 9.222136 259.290664
8.638304 9.981580 258.917482
8.008970 11.134200 257.409000
8.761736 10.469957 258.539625
8.239167 11.777800 256.424667
8.092905 11.376650 257.019000
8.446464 12.428660 255.582000
8.671606 13.258040 254.727400
8.779180 13.757200 254.316000
8.004291 15.881573 252.613540
8.094056 16.379116 252.326291
8.252252 17.265306 251.802690
8.172567 16.856028 252.069934
8.369610 17.993009 251.408254
8.494435 18.797895 250.984236
8.608126 19.694283 250.605174
8.659720 20.676469 250.379461
8.643636 20.264756 250.451551
8.684265 21.253969 250.301988
8.718137 21.966877 250.164098
8.691175 22.754379 250.203652
8.629969 23.267969 250.393359
8.508793 23.725020 250.772894
8.305821 24.383078 251.424495
8.218972 25.343671 251.787858
8.238485 26.095695 251.722801
8.261329 26.762412 251.660879
8.278218 27.595992 251.587682
8.769288 28.466809 250.132630
8.620781 28.345042 250.625811
8.335013 28.072248 251.420093
8.770073 37.984271 249.539062
8.693051 38.288373 249.743056
8.616262 38.649541 249.995531
8.455855 39.059363 250.459633
8.037130 40.784400 257.757000
8.690513 41.256368 258.264628
8.703233 41.987435 258.153144
8.664858 43.025134 258.147132
8.652896 43.630768 258.137785
8.736010 44.400882 258.058563
8.648706 45.175044 258.057589
8.647801 45.978334 258.177223
8.657532 46.839845 258.149616
8.627891 47.449611 258.141809
8.632727 48.296987 258.068042
8.628152 49.184759 258.148388
8.621811 49.860257 258.149677
8.540273 50.910816 258.112988
8.603110 51.610573 257.989938
8.590757 52.074738 258.036216
8.559659 53.190426 258.048394
8.503710 54.032947 258.091724
8.555207 55.199012 257.938606
8.506324 55.701361 258.250932
8.490150 57.212272 258.106589
8.464444 57.865065 258.110725
8.476632 58.840824 258.021596
8.492578 59.760046 257.941245
8.466269 60.267940 258.012925
8.437641 61.104154 258.022985
8.427462 62.023101 257.876385
8.425848 62.854757 257.860429
8.391212 63.796680 258.063092
8.368114 64.529891 257.922756
8.395940 66.029393 257.877786
8.367614 66.862464 257.944544
8.315415 67.454407 257.926050
8.367991 68.383067 257.789343
8.322476 69.368098 257.811284
8.255656 70.356235 257.948606
8.261264 70.785296 257.919194
8.274189 71.593483 257.819334
8.267703 72.364789 257.846658
8.242969 73.307071 257.831714
8.228474 73.982665 257.840882
8.172374 74.958137 257.981296
8.156155 75.640735 257.992750
8.202351 76.372428 257.783885
8.096488 77.201793 257.897050
8.111990 77.957303 257.790047
8.093696 78.920059 257.760713
8.079162 79.582030 257.760660
8.647271 94.228029 260.593496
8.437195 94.198720 261.331510
8.236168 94.204994 262.206505
8.043084 94.232962 262.979486
8.702677 94.563000 266.106523
8.320344 94.571873 267.438844
8.524049 94.537277 268.271474
8.480749 94.547177 269.334547
8.291940 94.550871 270.121760
8.113831 94.535739 270.864972
9.155723 -78.641828 256.561805
9.033759 -78.986531 256.989501
9.312425 -77.935483 255.894067
9.196529 -78.395971 256.285664
9.008455 -74.742650 249.197000
8.838750 -75.187700 249.801000
9.390360 -73.628100 247.928000
9.265973 -74.070800 248.375000
9.513777 -73.151433 247.536333
8.809544 -69.760326 245.312604
8.851046 -69.239442 245.241920
8.946869 -68.422823 245.014624
9.035055 -67.946247 244.816296
9.534975 -56.905152 243.911939
9.404296 -56.812636 244.344915
9.276702 -56.735114 244.793873
9.227383 -56.360454 245.194339
9.203505 -55.578390 245.408077
9.218370 -54.858790 245.525487
9.403220 -54.076866 245.033568
9.492554 -53.424111 244.689504
9.421892 -52.875666 244.866537
9.366927 -52.461988 245.141830
9.417086 -51.668563 245.128995
9.573790 -50.859544 244.700233
9.524971 -51.129456 244.844195
9.574889 -49.120156 244.715502
9.555253 -48.810960 244.816222
9.516478 -48.353230 244.993575
9.403013 -47.599739 245.400608
9.241382 -46.879291 245.949622
9.091671 -46.002668 246.599698
9.066382 -45.196694 246.720036
9.169485 -44.319286 246.503099
9.255029 -43.623843 246.278286
9.351388 -42.744105 246.033666
9.408872 -41.970978 245.852926
9.475507 -41.152871 245.684654
9.525682 -40.188049 245.597378
9.509052 -40.603013 245.613971
9.535012 -39.858213 245.599535
9.537168 -39.449955 245.625389
9.525284 -38.799037 245.687522
9.510561 -38.072337 245.789955
9.497341 -37.262544 245.899999
9.484787 -36.456622 246.035641
9.455890 -35.726701 246.150330
9.440760 -34.832702 246.247462
9.420363 -34.269090 246.357640
9.406192 -33.870062 246.454290
9.394539 -33.217384 246.517305
9.371191 -32.407548 246.641027
9.332982 -31.602722 246.805464
9.289212 -30.800025 247.007746
9.240936 -30.154829 247.163378
9.226014 -29.751838 247.249198
9.198937 -29.187962 247.376327
9.160416 -28.383586 247.570368
9.082477 -27.495200 247.834584
9.036975 -27.015889 247.969780
9.004441 -26.616141 248.087069
8.928388 -25.975852 248.361784
8.859186 -25.260375 248.654839
8.821255 -24.864303 248.823256
8.805277 -24.706084 248.891329
9.587420 -21.799900 250.343000
9.569050 -21.638200 250.413000
9.518854 -21.154860 250.661400
9.434963 -20.497133 251.068000
9.380990 -20.099400 251.323000
9.275956 -19.531400 251.748800
9.112648 -18.733720 252.486400
8.946178 -17.925860 253.220600
8.816265 -17.355450 253.774000
9.599021 -15.937759 255.053448
9.472672 -15.529464 255.492337
9.333988 -15.120630 255.955347
9.190481 -14.735633 256.451898
8.958659 -14.189929 257.256044
9.093455 -13.732936 257.884929
9.584784 -13.173809 258.230952
9.580582 -12.386819 258.276550
9.594513 -11.685658 258.269347
9.076963 -10.657324 258.091543
9.196801 -10.025275 258.146915
9.550481 -9.587831 258.398142
9.526769 -9.155923 258.558643
9.463900 -8.471593 258.888500
9.386659 -7.854812 259.169144
9.339103 -7.515564 259.348949
9.251170 -6.822453 259.736350
9.200797 -6.210055 259.969698
9.186602 -5.820190 260.058474
9.184800 -5.236477 260.102238
9.200415 -4.363144 260.033937
9.215143 -3.570043 259.974931
9.231595 -2.777153 259.905026
9.251831 -2.013126 259.856787
9.286402 -1.189533 259.767315
9.306661 -0.397892 259.649610
9.339731 0.391960 259.513607
9.366158 1.181456 259.414953
9.391897 1.970409 259.316100
9.402182 2.938299 259.215945
9.412083 3.552049 259.226842
9.403252 4.430550 259.219087
9.396873 5.222512 259.307132
9.380533 6.016101 259.398376
9.360224 6.807675 259.446721
9.356651 7.599915 259.499266
9.366751 8.387078 259.432564
9.476628 9.256629 259.033066
9.405684 8.814860 259.291569
9.570275 9.767178 258.670524
8.918147 10.894541 258.035470
9.330883 11.858201 256.608954
9.164402 11.462871 257.215305
9.561033 12.427871 255.832366
9.456795 12.168278 256.177811
8.838893 14.076633 254.090667
8.994220 14.904633 253.478000
8.931785 14.501400 253.739000
9.098558 15.574300 253.040600
9.218178 16.402100 252.556000
9.375515 17.477400 251.922000
9.303907 17.054567 252.194333
9.456308 18.043480 251.589000
9.581823 19.034000 251.114333
9.543825 18.623200 251.264500
9.510066 24.520020 251.646600
9.392080 25.293633 252.037667
9.372466 25.964800 252.045000
9.394828 26.899875 251.953750
9.380000 26.477100 252.008000
9.424338 27.660680 251.861200
8.964659 28.704627 249.460049
9.597870 28.541100 250.778000
9.447495 28.234000 251.645000
9.009443 29.239703 249.045526
9.019356 29.970805 248.986015
9.016850 30.801676 248.958768
9.019056 31.631465 248.922484
9.017782 32.465243 248.916627
9.019884 33.216136 248.909671
9.004451 33.969683 248.924447
8.993530 34.806365 248.933863
8.988517 35.642866 248.939234
8.969210 36.403833 249.002789
8.897138 37.184744 249.170042
8.820132 37.721185 249.400262
9.580268 67.521018 257.854847
9.554662 68.424454 257.877995
9.583969 69.688012 257.842102
9.572806 70.835974 257.724276
9.584707 71.481142 257.805572
9.565844 73.307666 257.713856
9.525259 73.955474 257.771150
9.562258 74.839622 257.639643
9.584768 75.890992 257.803039
9.596330 76.703365 257.574573
9.569239 76.293548 257.796141
9.596437 76.887679 257.598467
9.562580 77.145303 257.663318
9.545534 78.033890 257.709474
9.525806 78.785597 257.634126
9.507724 79.528614 257.763449
9.565092 94.623683 263.124852
9.485219 94.617382 263.353744
9.153146 94.514418 265.442694
9.300969 94.467738 265.889655
9.113136 94.474117 266.651866
8.870275 94.504970 267.723126
9.985684 -74.827938 249.192408
10.239701 -73.983674 248.353093
10.381307 -73.345756 247.913239
10.345131 -73.539301 248.017532
9.685190 -72.363950 246.924250
9.869755 -71.474400 246.228000
9.801390 -71.808600 246.488000
9.996520 -70.832575 245.800750
10.107260 -69.960380 245.430200
10.145375 -69.158175 245.314500
10.203800 -68.431050 245.168250
10.229067 -67.810767 245.070000
9.882712 -57.392600 242.876422
9.696378 -57.044622 243.452744
10.244000 -56.441960 245.870000
10.237140 -55.609420 245.935600
10.253325 -54.839225 245.898750
10.365250 -54.057900 245.465000
10.299200 -54.386100 245.715000
9.616883 -50.586232 244.558314
9.653839 -50.061997 244.460663
9.610566 -49.506071 244.597518
10.344567 -46.686600 246.210667
10.256600 -46.068500 246.540400
10.170967 -45.208150 246.911833
10.155900 -44.352125 246.862500
10.254575 -43.623300 246.586750
10.286940 -42.854260 246.536400
10.328400 -41.642800 246.393000
10.302050 -42.086500 246.484250
10.349050 -41.211550 246.333500
10.384460 -40.434760 246.215200
10.396767 -37.925367 246.336000
10.393150 -37.511850 246.387500
10.389067 -37.095267 246.418000
10.379580 -36.429540 246.475000
10.375880 -35.597500 246.548600
10.365340 -34.763180 246.600000
10.346880 -33.942160 246.752800
10.316300 -33.197175 246.880250
10.294320 -32.453200 246.985600
10.268880 -31.628680 247.123000
10.259800 -31.132900 247.199000
10.254250 -30.720100 247.269000
10.225860 -29.984120 247.447200
10.186275 -29.198125 247.598750
10.135500 -28.336320 247.820600
10.108150 -27.763100 247.964000
10.086700 -27.440200 248.082000
10.041000 -26.864400 248.261600
9.982564 -26.048360 248.546200
9.949485 -25.478600 248.739000
9.912430 -25.069500 248.889333
9.850586 -24.418800 249.201200
9.803203 -23.773100 249.488667
9.756640 -23.361100 249.655000
9.697254 -22.785620 249.886000
9.637613 -22.138333 250.168333
10.329726 -18.701826 252.462780
10.133353 -17.994228 253.166063
9.914187 -17.212336 253.917296
9.795391 -16.735874 254.355234
9.920227 -16.264839 254.786883
10.235290 -15.637085 255.521874
10.105546 -15.243112 256.085396
9.989452 -14.991533 256.564250
9.830112 -14.678889 257.184069
9.712441 -14.434475 257.636927
9.630673 -14.038891 258.014199
9.600112 -11.336253 258.274147
9.602291 -10.986489 258.267612
9.673713 10.267650 258.220237
9.626015 10.026566 258.454875
9.927905 11.008117 257.174314
9.807053 10.688591 257.677497
10.271753 11.906938 255.785802
10.131838 11.515128 256.357692
9.998532 12.440661 255.500422
9.812878 13.300596 254.984415
9.697198 12.881857 255.384170
10.022588 14.187480 254.274052
9.937391 13.796591 254.573598
10.234113 15.154408 253.559615
10.155865 14.761221 253.832258
10.328996 15.653892 253.261444
9.647420 19.615025 250.844000
9.699636 20.364220 250.638200
9.769110 21.530600 250.395000
9.742075 21.115325 250.486250
9.813044 22.039940 250.284600
9.822223 22.716633 250.296667
9.798060 23.062300 250.425000
9.707316 23.617640 250.833200
9.718390 28.675000 250.315000
10.018424 29.262680 249.407400
10.049925 30.013875 249.307750
10.054960 30.775780 249.277200
10.063560 31.621300 249.252800
10.081025 32.382250 249.210500
10.072540 33.146220 249.200400
10.088600 33.994460 249.181400
10.063220 34.853140 249.229200
10.050500 35.622325 249.256000
10.040720 36.396900 249.315200
10.027825 37.174825 249.389250
10.002300 37.791800 249.535667
9.964935 38.242650 249.753500
9.862723 38.823750 250.146750
9.719780 39.235200 250.434000
9.724531 40.539708 258.099348
9.701133 41.195202 258.161638
9.724299 42.036625 258.041238
9.684895 42.833106 258.035280
9.674419 43.711735 258.004525
9.681357 44.360076 258.013486
9.722172 45.195868 257.898173
9.702702 46.000576 257.951811
9.679227 46.703695 257.930807
9.683950 47.482044 257.896360
9.704175 48.529046 258.088258
9.741793 49.002827 257.943153
9.679958 49.887370 257.942644
9.667477 50.868040 257.971664
9.651625 51.642275 257.913219
9.687339 52.553743 258.005446
9.693020 53.178506 258.025337
9.687342 53.748324 257.915093
9.672700 54.955689 257.863733
9.632135 55.690783 257.995644
9.641823 56.266997 257.897646
9.703686 57.131021 257.779817
9.656808 57.916887 257.840365
9.659835 58.957883 257.859767
9.648801 59.633011 257.870179
9.669214 60.479791 257.923893
9.650420 61.169104 257.843497
9.651006 61.922008 257.850731
9.677812 62.923275 257.758489
9.666827 63.639899 257.764828
9.632553 64.401328 257.722973
9.617075 66.136945 257.791643
9.630703 66.716630 257.667810
9.608141 67.807235 257.778183
9.629525 69.305903 257.795822
9.627269 70.191451 257.531314
9.611039 70.418940 257.523183
9.601727 71.203476 257.765732
9.622279 72.584858 257.720939
9.602506 74.635595 257.536260
9.615507 75.567278 257.672225
9.940192 94.549477 262.678421
9.941337 94.494903 263.339909
10.823818 -78.598489 257.083622
11.025655 -78.011410 256.319885
10.992112 -75.403160 249.063963
10.831699 -75.858077 249.754223
11.131138 -74.834548 248.555305
10.437577 -73.056640 247.757781
10.696701 -72.080407 247.111553
10.565165 -72.535891 247.460365
10.838599 -71.626996 246.691969
11.100993 -70.885201 245.914625
11.141000 -57.797400 242.372000
11.093900 -57.705800 242.574000
10.964550 -57.537900 242.966500
10.845533 -57.268233 243.522667
10.437400 -56.990700 245.402000
10.411300 -53.775800 245.281000
10.466700 -53.160400 245.203000
10.456625 -52.457175 245.279750
10.522875 -51.585925 244.949000
10.647225 -50.817775 244.529750
10.704820 -50.044760 244.423800
10.684360 -49.235940 244.587000
10.665667 -48.591333 244.724667
10.637750 -48.204650 244.873500
10.548533 -47.600983 245.270833
10.432800 -47.025800 245.836500
10.408220 -39.599200 246.185400
10.406960 -38.726280 246.246600
10.401700 -38.255400 246.291000
11.170572 -26.009363 249.183082
11.112750 -25.205092 249.462728
11.059973 -24.400167 249.704124
10.993120 -23.593211 249.963058
10.926721 -22.784001 250.239789
10.898034 -22.296852 250.368438
10.864470 -21.895962 250.523407
10.792623 -21.168955 250.819365
10.722853 -20.606190 251.092746
10.658491 -20.207166 251.320184
10.829888 -19.584017 251.703618
10.876033 -18.836184 252.301400
10.870410 -18.306899 252.798164
10.773611 -17.900710 253.194680
10.686218 -17.510719 253.586705
10.586532 -17.094230 253.984464
10.482520 -16.676444 254.379223
10.434421 -16.442694 254.586089
11.159778 -13.199356 259.394717
11.087228 -12.421166 259.739512
11.040856 -11.818736 259.926810
11.014515 -11.386510 260.060763
10.971099 -10.777282 260.270170
10.940443 -9.990551 260.414562
10.918959 -9.202411 260.538943
10.896418 -8.415347 260.673976
11.198994 -8.112125 261.288561
10.878706 -7.979857 260.794501
11.059412 -7.608625 261.190786
10.991382 -6.828353 261.233286
10.987042 -6.042620 261.274127
10.952433 -5.254068 261.184330
10.870245 -4.366730 260.979478
10.886901 -3.572679 260.860812
10.914493 -2.779135 260.720284
10.956433 -1.987659 260.554441
11.009567 -1.188535 260.393781
11.045287 -0.399248 260.272046
11.062325 0.391140 260.167582
11.076679 1.181711 260.113920
11.075054 1.972847 260.110177
11.062192 2.763997 260.155847
11.042156 3.643553 260.228775
11.026805 4.435503 260.298346
11.023390 5.229071 260.343504
11.014481 6.020603 260.391469
11.020237 6.815147 260.403615
11.048252 7.604739 260.338789
11.123755 8.727776 259.977821
11.084454 8.299975 260.162106
11.177554 9.085345 259.762558
10.457313 12.638908 254.995716
10.618404 13.464877 254.308910
10.563375 13.144293 254.549094
10.717764 13.966836 253.961023
10.868537 14.798491 253.360147
11.032620 15.867086 252.647535
10.974577 15.456720 252.919436
10.894046 16.514030 252.430904
10.431887 16.217930 252.899013
10.717567 17.213114 252.236883
10.739138 17.987308 251.861064
10.865387 18.799218 251.431252
10.956508 19.607973 251.089203
11.035875 20.338613 250.823812
11.087077 21.153754 250.622577
11.099731 21.982309 250.526927
11.027208 22.831542 250.731528
10.906324 23.464646 251.132237
10.825646 23.806339 251.390150
10.706627 24.193831 251.769957
10.979621 24.599486 252.159157
10.854479 25.176976 252.311475
10.887525 25.975251 252.281198
10.762429 26.745455 252.239477
10.577319 27.623025 252.211638
11.093551 28.609844 250.688617
10.695580 28.226584 251.901923
11.199858 37.588122 249.797549
11.160777 37.937370 249.922386
11.037930 38.587465 250.289485
10.912406 38.968717 250.636352
10.836058 39.257076 250.849703
10.428123 94.470462 261.491367
11.316306 -73.770937 247.923029
11.261079 -74.155695 248.093583
11.408346 -73.235421 247.583722
11.578983 -72.276385 246.962840
11.494659 -72.721653 247.251428
11.769198 -71.486928 246.235722
11.653698 -71.865641 246.639938
11.237350 -70.430522 245.484762
11.910228 -71.077576 245.705488
11.324014 -69.924770 245.173572
11.368577 -69.133139 245.041097
11.373354 -68.317533 245.125462
11.622117 -67.723759 244.695883
11.445155 -67.961809 245.008542
11.835442 -57.999025 244.462055
11.634888 -57.701664 245.315149
11.584957 -57.515701 245.537708
11.489724 -57.096037 245.867542
11.384690 -56.611952 246.280664
11.369134 -56.222951 246.413286
11.406485 -55.382731 246.381202
11.383546 -55.807066 246.418285
11.468230 -54.856598 246.255271
11.571977 -54.047190 245.998619
11.632279 -53.346663 245.807324
11.811052 -52.333710 245.360984
11.723590 -52.794040 245.607944
11.937415 -51.761385 245.011179
11.988989 -50.299289 244.766155
11.974272 -49.917185 244.892932
11.969190 -49.195150 244.993129
11.939938 -48.397644 245.129888
11.884851 -47.871063 245.352511
11.763283 -47.443471 245.731357
11.630165 -46.966755 246.275506
11.607294 -46.587850 246.440697
11.524355 -45.978166 246.725057
11.464000 -45.204279 247.013584
11.466869 -44.461767 247.039907
11.505537 -43.623560 246.987609
11.519930 -42.802030 247.029746
11.698000 -42.019863 247.339910
11.666049 -41.240695 247.292008
11.536669 -40.253841 247.179044
11.515654 -40.672133 247.212110
11.551317 -39.587778 247.151123
11.561899 -38.844104 247.162470
11.566365 -38.352914 247.196393
11.568688 -37.941420 247.213259
11.570629 -37.204637 247.266940
11.574556 -36.386498 247.331979
11.572655 -35.569523 247.404875
11.573779 -34.750262 247.462941
11.556310 -33.933531 247.536189
11.768640 -33.188239 247.597423
11.762654 -32.445910 247.670688
11.743621 -31.562998 247.796069
11.763861 -30.858786 247.935973
11.470425 -30.600213 248.009966
11.921111 -30.273846 247.997049
11.658533 -29.952811 248.065744
11.621140 -29.210897 248.211282
11.608265 -28.440247 248.411801
11.576098 -27.666951 248.666020
11.280848 -27.292627 248.801959
11.475976 -26.820681 248.923233
11.666908 -26.006187 249.177795
11.611751 -25.183964 249.428922
11.597142 -24.689272 249.563838
11.579644 -24.279901 249.698852
11.516531 -23.535141 249.951374
11.467659 -22.790534 250.153496
11.430942 -22.128726 250.323365
11.386776 -21.707621 250.492123
11.339484 -21.136753 250.730294
11.276655 -20.488704 251.032921
11.204992 -20.070221 251.312180
11.956259 -15.287441 256.010383
11.822488 -15.051228 256.566903
11.672089 -14.823389 257.169446
11.523503 -14.597021 257.822989
11.458639 -14.067118 258.875809
11.688172 -13.817145 259.375417
11.577752 -13.191346 259.801226
11.459896 -12.397117 260.238169
11.351629 -11.633527 260.628675
11.305204 -11.213561 260.808576
11.273859 -10.787881 260.944563
11.248480 -10.013298 261.087697
11.233119 -9.150449 261.163845
11.208142 -8.458424 261.256814
11.221233 -4.994942 261.334113
11.263526 -4.385283 261.228685
11.303188 -3.606972 261.145838
11.323778 -2.827603 261.057154
11.412999 -1.695195 260.778915
11.367752 -2.136879 260.896777
11.439050 -1.179439 260.706484
11.464155 -0.402122 260.598747
11.495160 0.374098 260.506844
11.505934 1.237257 260.485097
11.498379 2.014267 260.489528
11.486715 2.791523 260.528906
11.460562 3.568395 260.603596
11.439922 4.347767 260.673228
11.434304 5.213368 260.699618
11.440551 5.990480 260.686494
11.442723 6.768926 260.697769
11.472509 7.631897 260.631009
11.537513 8.397701 260.413813
11.471560 9.460219 259.704909
11.646962 9.085694 260.087448
11.516778 10.157305 259.067711
11.724481 9.884186 259.464272
11.633292 10.935600 257.971330
11.481219 10.515560 258.581407
11.976966 11.749800 256.608146
11.850215 11.438120 257.117800
11.235675 17.266462 251.827400
11.330971 17.924044 251.462356
11.448761 18.832715 251.017835
11.405951 18.427403 251.200068
11.499257 19.571817 250.743011
11.609763 20.650955 250.367293
11.576744 20.240290 250.480028
11.622621 21.172529 250.269493
11.619587 21.925857 250.276060
11.529605 22.807847 250.702553
11.433952 23.346970 251.122242
11.318614 23.823469 251.546467
11.229055 24.216097 251.917741
11.201604 27.043107 252.041116
11.283103 27.777591 251.737945
11.212725 27.296146 252.013971
11.802762 28.637231 249.580207
11.746155 28.431904 249.832324
11.589123 28.257538 250.434423
11.849192 29.243001 249.378859
11.325194 29.233083 249.706923
11.729464 30.035092 249.401770
11.334637 29.972360 249.633925
11.608076 30.808339 249.436253
11.575066 31.562925 249.447644
11.608766 32.360662 249.404456
11.610612 33.200273 249.391728
11.604779 34.041995 249.397755
11.529568 34.751039 249.455767
11.676367 35.555264 249.434541
11.291344 35.611109 249.607319
11.825306 36.391545 249.411753
11.273143 36.439516 249.647193
11.797007 36.977803 249.532082
11.411735 37.247057 249.699608
11.708432 37.961644 249.880100
11.607914 38.540826 250.310516
11.606466 38.872759 250.454825
11.720927 41.233611 258.041849
11.659578 41.174503 258.598869
11.532000 41.974685 258.350647
11.854612 42.008652 258.782085
11.548851 43.038500 258.376029
11.747914 42.756482 258.664148
11.532992 43.389530 258.370516
11.708808 43.669837 258.616204
11.464965 44.287340 258.506755
11.519488 44.894255 258.384518
11.603185 45.278005 258.461485
11.660214 46.039119 258.570542
11.720851 46.824472 258.609052
11.607916 47.654140 258.621084
11.532118 48.400480 258.339031
11.841235 48.420187 258.679375
11.503394 49.242371 258.279590
11.838770 49.217795 258.626714
11.660473 50.107001 258.493494
11.494058 50.458913 258.397916
11.628910 50.867065 258.537741
11.716669 51.300046 257.923189
11.515751 51.558102 258.538960
11.640401 52.472652 258.592033
11.601556 53.236111 258.566573
11.486749 53.616072 258.324148
11.674538 54.006415 258.615705
11.558684 54.792464 258.568387
11.556607 55.630112 258.512942
11.478262 56.553969 258.318004
11.662409 56.371057 258.595353
11.472797 57.121609 258.328858
11.572442 57.283843 258.573194
11.492891 57.795008 258.297289
11.594528 58.001268 258.494325
11.427090 58.714014 258.396347
11.601227 58.776780 258.496851
11.440153 59.603615 258.221332
11.683640 59.584233 258.485465
11.433865 60.715835 258.344713
11.664402 60.386672 258.554651
11.407398 60.856606 258.382164
11.671349 61.004992 258.587631
11.451099 62.228777 258.152342
11.629007 61.963194 258.576457
11.422814 62.939990 258.263974
11.637389 62.561652 258.523398
11.475166 63.567103 258.262687
11.614171 63.602382 258.463084
11.445848 64.315024 258.175507
11.544802 64.657629 258.554303
11.374786 65.218025 258.236080
11.565239 65.208843 258.482733
11.380767 65.768239 258.171930
11.521096 65.960709 258.522565
11.422555 66.785108 258.277611
11.557572 66.766798 258.449796
11.405497 67.625507 258.262691
11.514141 67.611357 258.544456
11.407646 68.302878 258.151724
11.534416 68.421867 258.503490
11.425157 69.114130 258.126164
11.497493 69.200298 258.537398
11.396649 69.931046 258.228820
11.488474 70.299926 258.563485
11.452578 70.825365 258.329297
11.516405 70.408539 258.491269
11.388805 71.550327 258.104918
11.482648 71.687025 258.471787
11.383024 72.259115 258.098442
11.461033 72.361301 258.482132
11.384635 73.179011 258.173456
11.443958 72.870908 258.531281
11.400398 74.140086 258.172827
11.409050 73.649112 258.528364
11.427502 74.712333 258.337601
11.390724 75.515323 258.147036
11.355337 75.721745 258.551318
11.350395 76.427288 258.230610
11.363250 76.246185 258.561701
11.365726 77.087793 258.187316
11.341226 77.355899 258.436765
11.362340 77.907185 258.185610
11.294468 78.018400 258.437543
11.318418 78.950603 258.309052
11.284755 79.085026 258.409605
11.307877 79.651453 258.231504
11.291681 79.532828 258.406930
11.264917 80.175816 258.422803
12.673904 -75.423518 249.672399
12.063253 -70.617309 245.107725
12.189312 -69.993817 244.660368
12.196579 -69.405212 244.692197
12.163826 -69.020082 244.825309
12.199849 -68.230660 244.721856
12.158143 -68.684721 244.846616
12.371251 -67.802385 244.327612
12.298460 -58.630841 244.973676
12.055093 -58.218980 243.602300
12.211629 -58.038649 245.366201
12.180605 -57.576354 245.553735
12.116209 -57.138784 245.858883
12.021704 -56.375885 246.234444
12.050718 -55.597555 246.162847
12.123582 -54.791073 245.975335
12.191909 -53.978890 245.741669
12.269121 -53.241249 245.455496
12.478475 -52.152130 244.691623
12.402561 -52.547478 245.008849
12.469642 -51.531574 244.457816
12.292836 -50.763964 244.553567
12.484075 -49.971257 244.743970
12.479910 -49.150821 244.844899
12.437812 -48.350496 245.055438
12.342617 -47.842373 245.492646
12.252536 -47.519958 245.841293
12.173791 -46.782394 246.223035
12.131900 -46.429072 246.420331
12.071491 -45.959540 246.691861
12.065642 -45.215648 246.769134
12.054701 -44.465984 246.835803
12.061389 -43.625267 246.859720
12.028749 -42.894241 247.023050
12.002009 -40.895610 247.225151
12.017306 -40.296115 247.176807
12.007208 -40.638768 247.207004
12.027425 -39.616672 247.151017
12.034072 -38.773285 247.158733
12.037541 -38.186118 247.185095
12.042759 -37.851952 247.208904
12.039875 -37.427529 247.194160
12.035527 -37.011441 247.233921
12.037266 -36.427273 247.280185
12.030417 -35.594073 247.354906
12.014388 -34.762708 247.443629
12.005641 -34.011097 247.503947
12.000625 -33.592785 247.527956
12.753338 -17.806029 252.656890
12.717997 -17.655746 252.804846
12.611338 -17.256743 253.253493
12.492214 -16.840414 253.749645
12.411402 -16.546275 254.114238
12.284452 -16.142108 254.647989
12.217669 -15.927629 254.965445
12.351252 -15.549173 255.516406
12.605933 -15.253960 256.054270
12.427035 -15.032810 256.621482
12.239492 -14.818014 257.248789
12.055671 -14.598907 257.920560
12.277595 10.986418 258.115554
12.073184 10.571298 258.761983
12.365887 11.924478 256.485777
12.583932 11.622121 257.055669
12.432070 11.294270 257.604089
12.170336 12.483516 255.748763
12.422337 12.093335 256.271974
12.344343 13.392797 255.004136
12.270629 12.982571 255.313117
12.533632 14.397495 254.290021
12.454302 13.970654 254.571852
12.588617 14.802023 254.028481
12.738240 15.710178 253.431049
12.669376 15.296260 253.694860
12.781705 16.032397 253.226818
13.200078 -74.489772 248.761538
13.108377 -74.915265 249.229603
13.245003 -74.017984 248.422973
13.183777 -73.113275 247.853184
13.111076 -73.520013 248.080829
13.392262 -72.116448 247.130719
13.290536 -72.580695 247.491096
13.503368 -71.575711 246.723621
13.584976 -71.148364 246.390954
13.587771 -59.229630 247.159245
13.581105 -58.744474 247.258379
13.597740 -58.226397 247.218669
13.597043 -44.133110 248.078740
13.559892 -43.832971 248.267614
13.510476 -42.897385 248.522894
13.440021 -42.389817 248.776939
13.397117 -41.974099 248.987087
13.404391 -41.240100 249.021132
13.440793 -40.377830 248.931806
13.473209 -39.601678 248.845332
13.496150 -38.743065 248.779073
13.486982 -39.171799 248.808074
13.517762 -37.954699 248.736354
13.530566 -37.293941 248.732635
13.531858 -36.451483 248.765493
13.524676 -35.614765 248.832630
13.508200 -34.776644 248.905577
13.488326 -33.942792 248.997131
13.484911 -33.188090 249.044460
13.488205 -32.428594 249.064279
13.497903 -31.584186 249.078993
13.493726 -30.740785 249.115323
13.480114 -29.989006 249.193415
13.454788 -29.246092 249.350526
13.413373 -28.679335 249.540255
13.355772 -28.224824 249.738315
13.288016 -27.535880 250.081754
13.234351 -26.812010 250.313808
13.219950 -26.309304 250.395142
13.217883 -25.888828 250.440908
13.216792 -25.215648 250.493780
13.217821 -24.456312 250.557602
13.193963 -23.616172 250.664256
13.172541 -22.775267 250.743808
13.165573 -22.016123 250.804539
13.159370 -21.254910 250.844967
13.150636 -20.415942 250.964905
13.110381 -19.842078 251.150628
13.044531 -19.421917 251.376134
12.968199 -18.857436 251.712487
12.896867 -18.449371 252.050088
12.839836 -18.140128 252.303646
13.582267 -17.541417 252.721212
13.463508 -17.170265 253.143134
13.234763 -16.554449 253.945517
13.047117 -16.090839 254.558046
12.946544 -15.865043 254.902883
12.850422 -15.684813 255.208126
13.502862 -13.287534 264.679261
13.502570 -12.434994 264.541353
13.546953 -11.719016 264.367767
12.912423 12.672283 255.836401
12.819094 12.333325 256.184651
13.113458 13.565134 255.156435
13.016157 13.152152 255.475161
13.202441 14.006368 254.863328
13.411089 15.019561 254.182386
13.331696 14.617303 254.454920
13.516754 15.590744 253.842458
12.999627 16.361503 253.074635
12.951172 17.189335 252.512773
13.109639 18.257410 251.917692
13.050784 17.843980 252.130825
13.184868 18.831209 251.614383
13.309758 19.899849 251.097539
13.252877 19.405577 251.325882
13.350492 20.388837 250.898217
13.391373 21.138307 250.720849
13.369113 21.999193 250.803390
13.312809 22.612290 251.081009
13.257783 22.977823 251.316866
13.175434 23.430007 251.645206
13.067112 23.910609 252.092059
12.955710 24.466684 252.579373
12.917612 25.252593 252.755275
12.925266 26.017650 252.697285
12.942271 26.780321 252.627587
12.988627 27.621964 252.455660
13.403052 28.561816 250.859559
13.079635 28.171930 252.128647
13.585546 28.894328 250.080663
13.570512 37.201046 249.968606
13.496415 38.010777 250.255385
13.373038 38.767255 250.749100
13.324456 39.252609 251.111133
13.700931 -73.059998 247.926332
13.626565 -73.452249 248.153817
13.867808 -72.413931 247.507789
14.109428 -71.544605 246.826353
14.011933 -70.728494 246.090919
13.939583 -69.909804 245.076519
14.049364 -69.161628 244.619639
14.099792 -68.389707 244.502214
14.142724 -67.597918 244.384820
14.194552 -66.794247 244.218608
14.267922 -65.948155 243.918998
14.304099 -65.160722 243.800964
14.373565 -64.353226 243.734564
14.296988 -60.332842 244.385556
14.158946 -60.021928 244.854039
14.055999 -59.868629 245.207570
13.902816 -59.716699 245.793159
13.682874 -59.475576 246.722774
14.355847 -58.902040 247.110228
14.285092 -58.557593 247.470675
13.618915 -57.958584 247.151494
14.316603 -57.972401 247.487269
13.694957 -57.212425 246.901987
14.367564 -57.292302 247.430061
13.711128 -56.439542 246.853334
13.734719 -55.590207 246.844029
13.791929 -54.787852 246.676013
13.893582 -53.700099 246.325285
13.848097 -54.154334 246.500425
13.991520 -53.119390 245.985096
14.152180 -52.398354 245.399090
14.322182 -51.335891 244.740465
14.277201 -51.793341 244.948274
14.320746 -50.827097 244.729680
14.307612 -50.423852 244.809469
14.265275 -49.961392 244.986857
14.172234 -49.199355 245.407134
14.152170 -48.728129 245.560692
14.121222 -48.338029 245.694008
14.010858 -47.747876 246.141802
13.898522 -47.325785 246.614692
13.849106 -46.799220 246.890353
13.725225 -46.058865 247.485277
14.325840 -45.979065 248.353889
13.678931 -45.250283 247.665475
14.231707 -45.466105 248.756748
14.173693 -45.138371 249.056702
13.626190 -44.523911 247.900927
14.176547 -44.381668 249.187357
14.126147 -43.568107 249.322852
14.109628 -42.921567 249.447423
14.037151 -42.542247 249.652077
13.996484 -41.994228 249.866732
14.028843 -41.160328 249.887922
14.082197 -40.396404 249.797511
14.166886 -39.272447 249.591069
14.142036 -39.702938 249.665963
14.189811 -38.763237 249.534669
14.226703 -38.007159 249.490286
14.249096 -37.257644 249.495560
14.249618 -36.524093 249.527364
14.245503 -35.732881 249.559171
14.244336 -35.275175 249.619798
14.236764 -34.783807 249.678525
14.234321 -33.958494 249.732096
14.233327 -33.214661 249.773776
14.254554 -32.465487 249.767812
14.285056 -31.625331 249.704824
14.335126 -30.609615 249.588307
14.321543 -31.028287 249.631251
14.333129 -30.279353 249.593292
14.314086 -29.871815 249.664123
14.257403 -29.144514 249.866164
14.172652 -28.437442 250.204257
14.091752 -28.044428 250.471020
14.020000 -27.583607 250.741644
13.981910 -26.770987 250.961158
14.014603 -26.009424 250.862222
14.036300 -25.257422 250.847556
14.038563 -24.428807 250.899077
14.014259 -23.607785 251.032090
14.023236 -22.779572 251.106737
14.055711 -21.940091 251.037726
14.081132 -21.186602 251.003819
14.071788 -20.440317 251.066295
14.054236 -19.863631 251.149811
14.024707 -19.458676 251.276175
13.931992 -18.814427 251.598732
13.840216 -18.342511 251.919590
13.723547 -17.948454 252.281007
14.202364 -14.578336 261.172292
14.002339 -14.331414 261.975555
13.646991 -10.542005 263.995276
13.622148 -10.900855 264.103995
13.681585 -10.005553 263.820206
13.735268 -9.203127 263.582345
13.811312 -8.301315 263.334912
13.856036 -7.413952 263.154843
13.843240 -7.769442 263.227852
13.884157 -6.791756 262.994606
13.922925 -5.989635 262.854500
13.966532 -5.191484 262.772876
13.999165 -4.396285 262.694392
14.024668 -3.600787 262.577834
14.045299 -2.805520 262.484644
14.075122 -1.658854 262.391658
14.063685 -2.099415 262.419402
14.096972 -1.213832 262.348626
14.098800 -0.420708 262.313104
14.106188 0.372949 262.260512
14.114760 1.166718 262.240216
14.124727 1.959889 262.197615
14.128169 2.752372 262.195938
14.128210 3.634126 262.154433
14.138251 4.426324 262.109081
14.149961 5.219087 262.083324
14.171844 6.010457 262.028878
14.195090 6.797459 261.883127
14.299891 7.848953 261.544855
14.261215 7.504798 261.674627
14.346291 8.187425 261.369388
13.664388 16.403619 253.333522
13.833798 17.372211 252.748230
13.755813 16.965201 253.005243
13.926701 17.932742 252.431185
14.074872 18.975671 251.889947
14.025000 18.577389 252.075653
14.168733 19.541794 251.580697
14.291656 20.668688 251.135520
14.250348 20.181259 251.280549
14.314589 21.166186 251.047507
14.277628 21.839055 251.117723
14.221301 22.271122 251.268743
14.136090 22.791853 251.545920
14.018579 23.329740 251.928976
13.892931 23.783676 252.322797
13.797072 24.141764 252.639198
13.712125 24.525893 252.945168
13.704721 25.201327 253.064596
13.718977 26.029962 252.958174
13.767342 27.196542 252.777274
13.739010 26.751907 252.854860
13.781904 27.638350 252.730506
14.346298 28.724801 251.010130
14.193778 28.579945 251.637726
13.850679 28.176456 252.572551
13.608455 29.289145 249.889915
13.612864 30.046937 249.848783
13.614258 30.810446 249.847052
13.622882 31.569555 249.809315
13.625826 32.416487 249.794435
13.628772 33.180039 249.789702
13.629350 33.945108 249.795571
13.618916 34.795010 249.799505
13.615364 35.648644 249.822828
13.609220 36.416798 249.849153
14.388862 37.775871 250.375734
14.344014 38.123424 250.505216
14.192909 38.782105 250.933838
14.010182 39.278124 251.452336
14.623561 -69.949821 245.396257
14.450312 -70.364201 245.828829
14.879032 -69.104896 244.500799
14.952190 -68.703075 244.213665
14.460710 -63.613507 243.685315
15.078733 -62.008121 244.336275
14.472615 -60.960887 243.861542
15.054556 -61.161680 244.573916
14.942003 -60.418901 244.590956
14.947681 -59.557093 245.093635
14.642233 -59.107388 245.977306
14.410558 -56.859257 247.350469
14.438348 -56.342960 247.285420
14.493820 -55.475830 247.168110
14.462045 -55.831154 247.232814
14.551927 -54.777240 247.012351
14.641021 -53.978896 246.797967
14.868392 -52.934780 246.238853
14.758057 -53.342720 246.511725
15.072906 -52.139407 245.590264
14.969160 -52.546468 245.922734
15.153955 -51.741650 245.298705
15.170702 -49.867155 245.267532
15.112055 -49.474246 245.521215
15.068347 -49.106897 245.719291
14.992271 -48.424969 246.021712
14.889103 -47.911463 246.333133
14.764137 -47.579815 246.731838
14.563402 -46.814926 247.535461
15.114919 -15.390109 257.095841
14.872854 -15.182434 258.251256
14.630733 -15.020181 259.152165
14.485106 -14.889088 259.874716
14.411892 -14.812442 260.230994
14.430097 8.630240 261.038460
14.590681 9.299736 260.401941
14.476251 8.876147 260.827317
14.942549 10.293197 259.026253
14.784838 9.884095 259.670623
15.140907 10.792429 258.177576
15.050335 10.556366 258.592384
14.507238 29.336025 250.278352
14.475311 28.949276 250.473870
14.519250 29.994773 250.223806
14.524721 30.740107 250.191512
14.526513 31.568519 250.156632
14.523548 32.397747 250.125207
14.523481 33.231187 250.126355
14.519275 34.064170 250.123548
14.506495 34.815359 250.131263
14.499261 35.563663 250.110713
14.486785 36.400919 250.138403
14.439850 37.170441 250.238868
14.403985 37.602311 250.330408
14.868279 41.351573 259.111373
14.869067 41.091710 259.235843
14.880551 42.018234 259.034400
14.888932 42.738852 259.036780
14.845647 43.452065 259.144349
14.851602 44.400169 259.123429
14.884973 45.236766 258.982230
14.896439 45.985947 258.951519
14.873693 46.796377 259.089940
14.850296 47.001458 259.224049
14.885051 47.583040 258.987983
14.901282 48.385582 259.099761
14.869721 48.406462 259.221129
14.861681 49.269607 259.095917
14.859696 49.980753 259.102935
14.898825 50.794416 259.080946
14.797182 51.769126 259.111756
14.825436 51.263503 259.221099
14.845862 52.429843 259.045982
14.823707 53.228946 259.051816
14.807878 53.814337 259.028937
14.801420 54.833013 259.089821
14.819153 55.536069 259.064415
14.815954 56.355705 259.035515
14.831676 57.213061 258.929965
14.810565 58.039818 259.061633
14.817120 58.737310 258.990433
14.781624 59.680770 258.989332
14.801350 60.428946 259.012174
14.775556 61.202612 259.049352
14.807796 61.983709 258.979817
14.807994 62.803181 258.936238
14.792638 63.563978 258.931043
14.833892 64.150854 258.766454
14.778619 65.173110 258.980068
14.799399 66.148279 258.937797
14.768704 66.930447 258.867826
14.779485 67.680511 258.838534
14.773593 68.434935 258.830637
14.755510 69.198878 258.862536
14.755569 70.051724 258.901377
14.768883 70.623648 258.863557
14.771697 71.545675 258.923980
14.742531 72.567767 258.945697
14.760825 73.167979 258.862794
14.749861 74.082411 258.784832
14.757482 74.941351 258.814397
14.771049 75.635694 258.748089
14.716371 76.372074 258.829102
14.716439 77.150811 258.716535
14.711384 77.907356 258.759885
14.694725 78.691868 258.850031
14.710750 79.572202 258.746467
15.596718 -76.305503 252.237981
15.637645 -75.682013 252.097398
15.209655 -51.369278 245.104411
15.232996 -50.859084 245.021605
15.219873 -50.295354 245.078259
15.918941 -16.466102 254.072600
15.728398 -16.097642 254.854008
15.551245 -15.818754 255.553190
15.350298 -15.588222 256.267454
15.236528 -15.344339 269.810998
15.347218 -14.692323 269.368001
15.267347 -15.163296 269.696929
15.492784 -13.765231 268.718450
15.437723 -14.128465 268.945559
15.590119 -13.196343 268.416481
15.727079 -12.178631 267.916003
15.663561 -12.557055 268.158811
15.769208 -11.637788 267.749218
15.843421 -10.817267 267.477494
15.928395 -9.817371 267.141989
15.897850 -10.268286 267.261957
15.967182 -9.185892 266.943801
15.283362 11.170425 257.563592
15.233702 11.029090 257.793760
15.510179 11.849071 256.639830
15.412711 11.522607 257.048154
15.653442 12.677671 255.980391
15.580486 12.229753 256.320612
15.717682 13.173396 255.691008
15.869637 14.251613 255.079765
15.811509 13.844111 255.294268
15.960549 14.843188 254.744294
16.562366 -73.820673 248.391694
16.727696 -73.086955 247.758497
16.667373 -73.535571 248.101339
16.776245 -72.517292 247.578047
16.717182 -47.814044 249.338438
16.548533 -47.664106 250.050575
16.386797 -47.475317 250.772858
16.306714 -47.211882 251.222515
16.250879 -46.781433 251.591968
16.199700 -46.009613 252.047842
16.182720 -45.148641 251.994196
16.172151 -45.151596 252.025568
16.186310 -44.198489 251.989285
16.160422 -44.639599 252.035333
16.167690 -43.616262 252.069617
16.220439 -42.645776 251.931328
16.192311 -43.003643 252.035393
16.283188 -42.016021 251.722565
16.365601 -41.191040 251.411200
16.428034 -40.051153 251.189844
16.405348 -40.489292 251.272130
16.444415 -39.614968 251.127580
16.490521 -38.816776 250.959747
16.519581 -37.951878 250.853933
16.521827 -37.194078 250.899057
16.489516 -36.620490 251.026654
16.450657 -36.129150 251.200184
16.477032 -35.555032 251.310650
16.433272 -34.626806 251.376077
16.505683 -33.741334 251.156240
16.477310 -34.091350 251.251973
16.530758 -33.250842 251.096201
16.562614 -32.533903 250.973494
16.643051 -31.644077 250.703761
16.699404 -30.773041 250.474447
16.758794 -29.984536 250.264714
16.798987 -29.543464 250.136613
16.782433 -28.199602 250.150819
16.699449 -27.471749 250.510203
16.703008 -26.804304 250.555762
16.706305 -26.038026 250.534583
16.639625 -25.225492 250.838866
16.558578 -24.746527 251.194016
16.500531 -24.355244 251.473273
16.429381 -23.625745 251.853614
16.485734 -22.760377 251.698300
16.555047 -21.975551 251.404829
16.617990 -20.931911 251.154210
16.583741 -21.370895 251.249622
16.631176 -20.343928 251.155025
16.620389 -19.842215 251.195319
16.593831 -19.503130 251.286787
16.532229 -18.851371 251.552951
16.454459 -18.283624 251.892098
16.372069 -17.887477 252.225111
16.268190 -17.479893 252.640371
16.157879 -17.087280 253.089653
16.062173 -16.792476 253.486704
16.054094 -8.368790 266.667170
16.101943 -7.559341 266.531809
16.139332 -6.662258 266.344225
16.124427 -7.021379 266.427658
16.187760 -6.030424 266.191646
16.240197 -5.424356 266.031739
16.303366 -4.410631 265.782135
16.375385 -3.607578 265.528814
16.422648 -2.806891 265.307802
16.461730 -2.006409 265.117525
16.507958 -1.201288 264.965219
16.533342 -0.402566 264.856303
16.548687 0.397102 264.775431
16.561509 1.195309 264.750520
16.552420 1.993841 264.770806
16.533049 2.703164 264.835954
16.481753 3.597978 265.009111
16.452919 4.398736 265.136435
16.446784 5.197994 265.192659
16.500560 5.996273 265.052817
16.614561 6.957868 264.648837
16.554905 6.529196 264.876775
16.728389 7.574677 264.207146
16.087798 15.748030 254.176122
16.019320 15.330511 254.457330
16.239296 16.656250 253.585663
16.179171 16.322380 253.813848
16.309083 17.140576 253.288258
16.457320 18.121895 252.657017
16.396924 17.715705 252.906196
16.556899 18.771979 252.253121
16.660761 19.587489 251.804226
16.709976 20.413965 251.557934
16.689981 21.182028 251.635490
16.625164 21.792848 251.870128
16.556829 22.244773 252.127095
16.468491 22.793564 252.504979
16.314304 23.611734 253.137935
16.180662 24.443944 253.757968
16.278378 25.267623 253.443947
16.231556 24.874235 253.707578
16.302256 26.021894 253.302240
16.309462 26.757400 253.258159
16.338784 27.546135 253.175470
16.633144 28.425274 252.253483
16.425365 28.120355 252.962214
16.710444 39.079790 251.331343
16.699939 39.281762 251.576404
16.815394 -72.151473 247.474943
16.980876 -71.481983 246.959740
16.855386 -71.962854 247.373816
17.157927 -70.583168 246.229851
17.100238 -70.926008 246.487527
17.192983 -70.030643 246.062382
17.523933 -68.956885 245.226682
17.251906 -69.492417 245.928623
17.564993 -58.810048 244.957624
16.927655 -58.811660 247.574638
16.857042 -58.599540 248.171256
16.852887 -58.036634 248.293933
16.879031 -57.215643 248.244825
16.926977 -56.377144 248.112239
16.988824 -55.411122 247.946116
16.958543 -55.850203 248.022680
17.044410 -54.779236 247.799230
17.103978 -53.976168 247.602448
17.137885 -53.275907 247.479132
17.266185 -52.276794 247.137435
17.214221 -52.638473 247.305087
17.466254 -51.329918 246.346800
17.374657 -51.761045 246.734091
17.534528 -50.769107 246.004009
17.527330 -49.925607 245.991126
17.451073 -49.501315 246.289053
17.345261 -49.147608 246.722981
17.267121 -48.721444 247.139315
17.167146 -48.390841 247.538552
16.963312 -48.099481 248.293500
16.832697 -47.942717 248.845498
16.817276 -29.113301 250.054842
16.812390 -28.606852 250.052665
17.516825 -4.460518 273.906059
17.594535 -3.959041 273.461877
16.809576 7.987473 263.869690
17.016567 8.699881 263.045039
16.906216 8.345056 263.503729
17.253093 9.362458 262.079239
17.083469 8.931618 262.769829
17.461669 9.757887 261.314965
16.802787 28.598285 251.554877
16.956757 29.137213 250.657166
16.965493 29.965608 250.532422
16.966938 30.809491 250.509508
16.974472 31.653216 250.483371
16.983333 32.411016 250.451870
16.985035 33.173461 250.453496
16.982621 34.018322 250.436396
16.979764 34.780567 250.434389
16.970184 35.545039 250.445206
16.972177 36.392940 250.441290
16.952770 37.249128 250.514254
16.885548 38.144919 250.778598
16.830656 38.680218 250.992858
17.590307 84.307678 259.332484
17.595620 85.445555 259.257882
17.592589 86.168003 259.265663
17.593211 86.794500 259.272059
17.576158 87.681415 259.231461
17.596603 88.384429 259.195965
17.576144 88.129215 259.230960
17.944828 -76.107507 255.087996
17.860997 -76.450168 255.250238
18.069249 -75.654790 254.776616
17.760804 -58.963112 244.377221
17.648337 -3.500454 273.072580
17.757807 -2.761692 272.420347
17.907329 -1.932801 271.733820
17.853480 -2.288582 272.016272
18.058801 -0.929399 271.075823
17.996338 -1.383353 271.365597
18.126884 -0.389638 270.727987
18.244311 0.508545 270.011564
18.191366 0.071795 270.410621
18.324837 0.856155 269.746255
17.826070 10.327870 259.887066
17.674527 10.091097 260.524148
18.190160 11.043996 258.210220
18.043489 10.724795 258.881751
17.933764 10.508552 259.399656
18.368875 11.544822 257.470616
18.283715 11.281332 257.844395
17.798711 41.248597 259.683132
17.842058 42.119699 259.544764
17.833676 42.812498 259.547057
17.796447 44.317697 259.549277
17.827652 45.203778 259.603469
17.780230 46.057673 259.613493
17.822290 46.782045 259.556077
17.821321 47.509210 259.516183
17.811696 48.361278 259.533457
17.817237 49.159697 259.552229
17.779570 50.048844 259.639974
17.793841 50.462792 259.563064
17.826348 51.605125 259.475344
17.796979 52.414590 259.568773
17.793198 53.380049 259.500813
17.792671 54.120267 259.564923
17.807063 55.033751 259.406697
17.782317 55.716706 259.527059
17.755354 56.153366 259.634340
17.796962 57.175238 259.375034
17.786318 58.170674 259.344949
17.778284 58.778652 259.404543
17.753575 59.496108 259.520335
17.766876 60.431934 259.342471
17.763633 61.213002 259.335674
17.821530 61.623434 259.185071
17.754110 62.101351 259.338545
17.802970 62.893141 259.298624
17.800475 63.782168 259.361965
17.704873 64.305309 259.449078
17.764001 65.390330 259.192718
17.720232 65.214871 259.352346
17.724134 66.086550 259.317485
17.728462 66.827354 259.328907
17.727419 67.541574 259.433677
17.687230 68.269090 259.433623
17.715141 69.138837 259.442322
17.701746 69.835196 259.283637
17.696133 70.896778 259.332722
17.697688 71.686823 259.347091
17.690130 72.221427 259.336572
17.705675 73.189982 259.254112
17.703840 73.980083 259.228496
17.728691 74.812722 259.304363
17.689600 75.533220 259.327801
17.695730 76.397073 259.238293
17.715482 77.182601 259.273298
17.729494 78.249651 259.138630
17.699949 77.629250 259.409532
17.720280 78.521641 259.163771
17.702142 78.896750 259.229324
17.700339 79.951139 259.170388
17.685441 79.530382 259.255048
17.690643 80.224982 259.188032
17.673233 80.598962 259.241747
17.634815 81.153587 259.308621
17.624815 81.968509 259.316967
17.674416 82.990111 259.154293
17.604637 82.517065 259.367759
17.645739 83.653765 259.188998
17.643257 83.542227 259.201968
17.621337 84.403462 259.285384
17.617608 84.992542 259.248618
17.604852 86.963212 259.241403
17.600012 88.701772 259.078066
17.639244 89.174976 258.866568
18.066133 90.359112 257.366622
17.870038 90.103955 257.963059
17.707187 89.691012 258.568458
18.191508 90.402409 256.839084
19.155042 -47.016050 251.873936
19.116603 -46.645582 252.139911
19.082354 -46.014852 252.416830
19.064977 -45.185551 252.576015
19.083257 -44.408377 252.551972
19.143774 -43.609649 252.357851
19.119908 -24.339577 253.165248
19.085401 -23.543868 253.455280
19.154946 -22.815286 253.190160
19.162234 -18.462639 253.199489
19.106295 -18.153195 253.439851
18.992457 -17.748291 253.874004
18.926648 -17.534593 254.146874
18.764667 -17.222108 254.723371
18.403619 -7.388447 280.195756
19.118185 -6.670094 277.765526
18.949996 -6.964526 278.503420
18.784504 -7.168759 279.208763
18.722599 3.846991 267.744306
18.844735 4.454566 267.578736
19.038579 5.329509 266.916770
18.930018 4.877871 267.313949
19.183866 5.945505 266.355954
19.148648 5.779615 266.496079
18.436429 11.856288 257.158432
18.547737 12.527859 256.634688
18.636531 13.193979 256.246042
18.730898 13.941904 255.830602
18.850511 14.781004 255.401184
18.955802 15.606522 254.924024
19.119721 16.683817 254.269699
19.047914 16.260268 254.534859
19.171483 17.001542 254.069088
19.181887 22.373211 253.882529
19.119227 22.735942 254.158608
19.044003 23.110100 254.448412
18.948674 23.570846 254.861254
18.791595 24.311997 255.529723
19.054931 24.961460 254.827053
19.790731 -72.364881 247.598525
19.836013 -71.599781 247.520309
19.996490 -70.897165 247.077362
19.592323 -58.653879 249.533689
19.557431 -58.997618 249.638216
19.631451 -58.023170 249.402750
19.681230 -57.226701 249.259826
19.719564 -56.429643 249.118351
19.761671 -55.595166 248.964074
19.856600 -54.557319 248.707540
19.809580 -55.007258 248.853748
19.928637 -53.984529 248.466435
19.988257 -53.434692 248.232875
19.969583 -48.556805 248.402764
19.790736 -48.261746 249.093664
19.658162 -48.049814 249.633328
19.535850 -47.883307 250.148430
19.386708 -47.673551 250.804168
19.242046 -47.372663 251.460752
19.223283 -42.789159 252.103954
19.258576 -41.907066 251.921125
19.240276 -42.349101 252.016292
19.305958 -41.199808 251.766177
19.369328 -40.396795 251.571445
19.422089 -39.603962 251.377006
19.504836 -38.612945 251.061841
19.450362 -39.162317 251.255544
19.540551 -38.003072 250.934076
19.554727 -37.236587 250.909197
19.655764 -36.401874 250.606994
19.841893 -35.640365 249.913371
19.965722 -35.067874 249.402285
19.430353 -33.242081 251.536427
19.442089 -32.407450 251.561485
19.473182 -31.631175 251.482735
19.583045 -30.492670 251.135172
19.535504 -30.930009 251.304970
19.658029 -30.029417 250.859013
19.738002 -29.234634 250.555954
19.711336 -28.392570 250.598383
19.627054 -27.700388 250.914678
19.545039 -27.285617 251.260527
19.537180 -26.787211 251.352747
19.511260 -25.951266 251.446371
19.417725 -25.397238 251.852790
19.317364 -25.014491 252.265042
19.230566 -24.726128 252.631865
19.276558 -21.666473 252.753798
19.238025 -22.098497 252.886558
19.308795 -21.146601 252.614048
19.328653 -20.373368 252.540297
19.303428 -19.615430 252.641039
19.270381 -19.119685 252.787768
19.228325 -18.798341 252.936740
19.464539 -5.904503 276.334108
19.298641 -6.288627 276.985510
19.790214 -4.957690 274.918789
19.641680 -5.433071 275.587256
19.946289 -4.392182 274.201902
19.853241 -4.696693 274.623718
19.239042 6.192044 266.125748
19.456533 6.981292 265.228469
19.337242 6.554291 265.713825
19.671210 7.663983 264.391134
19.551976 7.308792 264.823373
19.956526 8.516474 263.157426
19.843621 8.184735 263.667308
19.250492 17.411752 253.772724
19.363784 18.060830 253.295880
19.494922 18.946738 252.740879
19.455025 18.625620 252.920936
19.535011 19.533928 252.553119
19.486316 20.391534 252.643050
19.385742 21.181009 253.018187
19.280714 21.812677 253.439218
19.211115 22.196166 253.735334
19.255909 25.437999 253.827339
19.271991 26.018384 253.689983
19.273924 26.788079 253.703559
19.296495 27.797133 253.559699
19.282916 27.379103 253.637938
19.843926 28.772489 251.535977
19.407193 28.253013 253.256047
19.884886 29.301728 251.094489
19.871383 28.907269 251.320904
19.888672 30.055357 251.029851
19.885864 30.818970 251.048796
19.892088 31.576082 251.015599
19.899586 32.417955 250.981277
19.906614 33.261922 250.962759
19.908468 34.021933 250.945632
19.901960 34.784887 250.950743
19.890975 35.633821 250.966105
19.895135 36.396750 250.968570
19.894451 37.162813 250.988257
19.859132 38.024032 251.096331
19.769418 38.845682 251.418031
19.747905 39.299652 251.633296
20.086723 -70.608949 246.766071
20.241055 -69.917841 246.120644
20.166514 -70.330437 246.467821
20.381500 -68.916405 245.578395
20.335934 -69.288728 245.729458
20.466316 -68.400788 245.263711
20.532759 -60.259052 245.352602
20.595884 -59.656614 245.272631
20.605600 -58.793650 245.168657
20.013591 -53.157948 248.115865
20.084965 -52.427028 247.902021
20.138237 -51.637279 247.731379
20.217666 -50.817188 247.473232
20.248643 -49.950637 247.338416
20.167076 -49.173794 247.649864
20.065816 -48.751312 248.021267
20.028639 -34.611114 249.106676
20.061625 -34.161042 248.914696
20.799862 -24.172640 258.677817
20.747007 -23.653675 258.820160
20.685135 -22.897620 259.028289
20.013627 -4.136448 273.867298
20.158488 -3.651821 273.234024
20.431720 -2.512619 271.629871
20.314524 -3.014664 272.373277
20.006432 8.664172 262.942185
20.385661 9.525389 261.372162
20.219976 9.177549 262.049400
20.090029 8.859710 262.613743
20.759615 10.298104 259.858114
20.620381 9.995162 260.459866
20.445981 9.656668 261.143837
20.682539 41.297457 260.185460
20.642868 42.122153 260.248999
20.643718 42.891941 260.127299
20.597810 43.546538 260.140339
20.607546 44.348990 260.187855
20.655234 45.164555 260.078116
20.619668 46.288881 259.998174
20.608835 45.777002 260.057212
20.621444 46.471390 259.986294
20.607187 46.922100 260.071720
20.618108 47.701180 259.999208
20.672083 48.755054 259.914599
20.624468 48.336170 260.117878
20.674283 49.163204 259.880629
20.615317 50.157585 259.993008
20.616755 49.991162 260.024879
20.625113 50.597367 259.951259
20.645658 51.031070 260.022434
20.689240 51.302129 259.955329
20.628961 51.771110 260.100087
20.613321 52.466113 260.046030
20.600847 53.317073 259.959731
20.582337 52.892610 260.018219
20.606484 53.855474 259.960416
20.597968 54.223752 260.034077
20.673153 54.849718 259.967345
20.608719 54.401738 260.056132
20.621568 55.962046 259.912172
20.611626 55.478239 260.102561
20.602954 56.494283 259.925186
20.602876 57.158923 259.939169
20.607036 57.998619 259.946249
20.626801 58.700188 259.926121
20.567128 59.600416 260.145190
20.579241 60.261552 259.984249
20.562378 60.577065 260.007927
20.593696 61.160299 259.902132
20.583276 61.979115 259.945798
20.582388 62.270837 260.052519
20.572247 62.627030 260.059347
20.580346 63.519370 259.904934
20.579153 64.437081 259.854207
20.533833 65.234167 259.860247
20.543249 65.955595 259.893956
20.568047 66.918255 259.842148
20.569552 67.497082 259.805223
20.544078 68.493828 259.873123
20.558015 69.047556 259.838428
20.527716 70.218334 259.906153
20.525933 70.542675 259.848399
20.554784 71.539519 259.798122
20.540821 72.214135 259.725839
20.536672 73.105511 259.849517
20.498895 73.961282 259.924399
20.546408 74.901747 259.840419
20.502294 75.718801 259.738812
20.518257 76.416119 259.753958
20.478845 77.208095 259.699352
20.498859 77.959903 259.666626
20.506449 78.806393 259.711521
20.470421 79.521312 259.714788
20.458973 80.371909 259.854236
20.468996 81.159245 259.738486
20.440139 81.945764 259.738004
20.432825 82.657510 259.741821
20.441326 83.631508 259.699667
20.425783 84.420062 259.738397
20.410070 85.170347 259.754049
20.401619 85.997396 259.815259
20.376221 86.772329 259.734443
20.370444 87.583219 259.712070
20.432534 88.404944 259.511984
20.490216 89.518381 259.148386
20.446776 89.158712 259.367179
20.744026 90.194943 258.248609
20.588469 89.792739 258.869902
21.542578 -32.066210 255.148900
21.493022 -31.602119 255.318581
21.580086 -30.940346 255.141958
21.544355 -27.066724 254.896506
20.855957 -24.501265 258.546189
21.552725 -7.408337 277.795933
21.560500 -6.977580 276.279000
21.408700 -7.130530 276.805000
21.015768 10.968204 258.745477
20.873350 10.559520 259.389010
21.178498 11.627601 257.983151
21.309666 12.457537 257.369236
21.408019 13.212981 256.961947
21.510141 13.962182 256.545128
21.582113 14.464694 256.275390
21.572794 21.470948 256.063529
21.465087 21.848693 256.518888
21.328703 22.263666 257.064807
21.280366 22.433094 257.286268
21.114493 22.851527 257.923061
21.500351 28.518964 257.261166
20.873493 90.321733 257.820300
22.112644 -73.861767 250.297059
21.933028 -74.132076 250.665608
22.393958 -73.149649 249.396119
22.300379 -60.350975 250.234062
22.145605 -60.345832 250.814144
22.011541 -60.172067 251.462875
21.989267 -59.554485 251.720215
22.028827 -58.756901 251.596868
22.086137 -58.013309 251.384008
22.161155 -57.021325 251.131789
22.126540 -57.473956 251.255368
22.197117 -56.363422 251.002015
22.239089 -55.597394 250.902946
22.277580 -54.816990 250.833995
22.326822 -54.022669 250.704479
22.387486 -53.317640 250.537236
22.350619 -49.198778 250.842316
22.292051 -48.483537 251.101077
22.271359 -48.084299 251.226679
22.227070 -47.528213 251.424491
22.181919 -46.801225 251.647734
22.194973 -46.119388 251.635639
22.262341 -45.151101 251.474773
22.318255 -44.361875 251.312307
22.378621 -43.643083 251.135409
21.610410 -32.274031 255.061280
21.656638 -30.560018 254.853200
21.726223 -30.180316 254.526989
21.995972 -29.094195 253.298558
22.002137 -28.409352 253.232144
21.916128 -27.922077 253.570297
21.809421 -27.554948 253.944556
21.653939 -27.225429 254.523628
21.747951 -7.316895 277.373042
22.259261 -6.593614 275.174199
21.870956 -6.711431 275.524281
22.061422 -6.958635 276.067046
21.917319 -7.175296 276.822413
22.135500 -5.643450 273.347000
22.004267 -5.996477 274.042000
22.108414 -6.384489 274.764078
22.337950 -5.117650 272.249000
22.226400 -5.418530 272.869000
22.213316 7.138112 264.786714
22.095297 6.815619 264.869050
22.320910 7.478730 264.399776
21.652337 15.032008 255.934310
21.610088 14.709450 256.138872
21.748814 15.617927 255.566863
21.894887 16.518499 254.956196
21.832829 16.121113 255.227841
22.038093 17.499561 254.331407
21.991546 17.096741 254.550774
22.095040 17.994321 254.094868
22.109763 18.753836 253.988815
22.031936 19.452006 254.245196
21.970393 19.794605 254.457540
21.872360 20.262152 254.843813
21.757938 20.737641 255.304705
21.666852 21.097148 255.680602
21.631576 28.563939 256.235271
22.379613 28.419529 264.500635
22.066858 28.423157 266.004054
22.515811 -72.806833 248.862516
22.659579 -72.366817 248.196330
22.889633 -71.292998 247.142001
22.810837 -71.738923 247.471894
22.938411 -70.804299 246.882513
23.025742 -70.043588 246.585207
23.115979 -69.196000 246.279343
23.113108 -68.345315 246.272580
23.083907 -68.051927 246.417997
23.051631 -67.602463 246.622750
23.003345 -67.041601 246.770292
23.194107 -60.476674 246.381730
23.072437 -60.372619 246.680650
22.600953 -60.391581 249.096937
22.461893 -60.352719 249.656936
22.409011 -52.949124 250.475687
22.440329 -52.327493 250.339169
22.418558 -52.773199 250.444748
22.473622 -51.626234 250.234446
22.483935 -51.024080 250.209227
22.456757 -50.282913 250.339288
22.421688 -49.900961 250.531144
22.409128 -43.207940 251.052762
22.427394 -42.772533 250.978951
22.474829 -41.983212 250.814793
22.528564 -41.186862 250.638646
22.561503 -40.410445 250.529330
22.597858 -39.457850 250.368666
22.581650 -39.803597 250.428529
22.656784 -38.836276 250.189607
22.729726 -38.038521 249.924278
22.849248 -37.042429 249.478500
22.790579 -37.484611 249.688755
22.934184 -36.405376 249.169287
23.024412 -35.435259 248.795111
22.994665 -35.783380 248.907399
23.068593 -34.819385 248.638499
23.067081 -34.066147 248.601005
23.020016 -33.491917 248.737548
22.962462 -33.034795 248.999532
23.188124 -32.880101 259.291948
22.844859 -32.588790 249.472426
22.732181 -32.324171 249.891903
22.550410 -32.133077 250.462806
23.162690 -32.370862 259.428382
22.518484 -31.997390 250.609127
23.132434 -31.606435 259.606473
23.118487 -30.835921 259.705235
23.106846 -29.973000 259.776250
23.090175 -29.195695 259.829779
23.066462 -28.597987 259.921854
23.028016 -28.181728 260.072184
22.933686 -27.606974 260.448228
22.799531 -27.039944 260.927080
23.064778 -7.935519 277.986345
22.696817 -5.697427 273.301647
22.492566 -6.105604 274.148041
22.839651 -4.941307 271.783253
22.908120 -5.257473 272.394193
22.802114 -5.479453 272.848173
22.737200 -4.082580 270.069000
22.813991 -4.475750 270.847519
22.508500 -4.672930 271.324000
22.998000 -3.341900 268.583000
22.894850 -3.637595 269.189500
22.819700 -3.860900 269.641000
23.138900 -2.984390 267.831000
23.086000 -3.123620 268.128000
22.486643 7.999758 263.690330
22.418953 7.803445 264.000916
22.710356 8.590606 262.754413
22.556948 8.224940 263.379714
23.076076 9.414546 261.230327
22.881947 8.978790 262.027631
23.157011 9.625319 260.899635
22.608399 28.560899 252.327955
23.137431 28.395312 261.230789
22.833899 28.402532 262.703136
22.701952 29.203504 251.606860
22.712628 30.039108 251.549991
22.710452 30.796110 251.520105
22.718260 31.553788 251.498050
22.720899 32.395366 251.473841
22.719647 33.240308 251.471462
22.723988 34.002020 251.476835
22.718304 34.763361 251.481576
22.713660 35.606198 251.457018
22.713947 36.413736 251.486653
22.680068 37.234281 251.586483
22.613059 38.031833 251.817878
22.491462 38.858297 252.229473
22.451949 39.328225 252.523343
23.183571 42.528769 260.438895
23.171847 43.851873 260.457561
23.181452 44.412954 260.394307
23.192109 47.155042 260.349347
23.191829 47.552225 260.297221
23.171556 48.392475 260.358775
23.165575 51.903919 260.291028
23.151758 52.077121 260.303078
23.168100 53.333946 260.270551
23.185966 53.632688 260.183317
23.164782 55.605297 260.284450
23.193461 56.462592 260.190355
23.190880 56.825696 260.203259
23.183018 58.083098 260.213250
23.199377 58.771376 260.136570
23.157708 59.730357 260.176081
23.161640 60.405682 260.173669
23.172750 62.105197 260.111706
23.165306 62.876539 260.193268
23.137873 63.609146 260.230993
23.167527 64.388895 260.105681
23.119890 65.188463 260.057869
23.132959 65.997930 260.103263
23.132350 66.807719 260.147259
23.148378 67.652169 259.981113
23.164444 67.570537 260.032018
23.110162 68.390773 260.092920
23.127196 69.164119 259.992790
23.106320 69.191646 260.089443
23.147343 70.068943 260.057683
23.094667 71.102196 259.938416
23.121938 70.604691 260.063372
23.131162 71.581374 259.953986
23.126280 72.387420 260.076019
23.114892 73.009443 260.073156
23.095895 74.018274 259.972808
23.074144 73.790314 260.004714
23.101080 74.759542 260.076535
23.097414 75.541833 260.050978
23.088249 76.388186 259.909773
23.102080 77.205852 259.899406
23.121831 77.693002 259.940102
23.074066 78.089532 260.059341
23.089323 78.754187 259.911342
23.048296 78.431721 260.038427
23.079671 79.636533 259.870998
23.079956 80.445358 259.901288
23.043613 81.597882 259.917446
23.009378 81.202885 260.024586
23.088308 82.051854 259.886210
23.089149 82.787025 259.949721
23.040685 83.677108 259.922304
23.033249 83.259009 260.008996
23.035484 84.303284 259.928976
22.978451 85.288352 259.935761
23.036671 86.061388 259.834069
23.009815 86.792441 259.869640
22.991894 87.605416 259.892417
23.021564 88.454212 259.814084
23.157960 89.571349 259.125004
23.103853 89.162228 259.463156
23.251198 -66.663684 246.273849
23.360964 -60.800458 245.724332
23.283254 -60.637422 246.062993
23.847258 -47.453135 255.708497
23.672756 -47.405488 256.261324
23.569021 -47.241611 256.868577
23.503288 -47.082097 257.260037
23.407459 -46.832021 257.862703
23.237868 -33.290842 259.138697
23.201139 -33.048514 259.242901
23.430028 -7.511028 276.369605
23.214530 -7.798560 277.428268
23.877610 -6.511671 273.994535
23.704714 -6.925893 274.875772
23.600710 -7.184926 275.464919
23.994448 -6.210938 273.396364
23.468491 -4.089900 270.018013
23.311580 -4.417437 270.663962
23.858743 -3.308333 268.302391
23.676971 -3.658020 269.092582
23.532997 -3.943564 269.722419
23.338400 -2.531915 266.768500
23.235400 -2.771800 267.320000
23.723500 -1.665270 264.665000
23.625800 -1.870290 265.222000
23.505800 -2.145930 265.887000
23.973500 -1.139400 263.174000
23.878500 -1.341850 263.778000
23.781000 -1.542220 264.343000
23.771400 7.886670 264.080000
23.909567 8.182577 263.869000
23.391273 10.306830 259.901608
23.287906 9.980493 260.362511
23.581378 11.033926 259.008405
23.477210 10.621640 259.472842
23.747583 11.862479 258.302356
23.672904 11.449531 258.610398
23.839691 12.455360 257.882654
23.960497 13.293381 257.361587
23.899783 12.947081 257.601832
23.971109 19.099013 257.036306
23.856779 19.323125 257.448115
23.251708 40.478590 260.313529
23.265985 41.169409 260.210697
23.260170 41.984686 260.374985
23.217924 42.848522 260.275027
23.240671 43.372026 260.275186
23.223435 44.325023 260.275012
23.255244 44.990151 260.345560
23.252610 45.958540 260.417939
23.226654 46.701538 260.397731
23.217456 47.561982 260.254355
23.222748 48.379876 260.283721
23.264126 49.162420 260.244405
23.230590 50.060610 260.229122
23.233123 50.655308 260.222412
23.243803 51.373396 260.283603
23.254107 52.648626 260.110112
23.235288 52.826491 260.166200
23.255218 54.117239 260.096300
23.218899 54.839781 260.144013
23.225046 56.441275 260.122120
23.235086 56.897270 260.098897
23.218941 58.855633 260.095394
23.212201 59.248763 260.089319
23.217249 61.355531 259.986604
23.212786 61.715827 259.975522
23.218008 64.194946 260.032691
23.427783 90.029484 258.153779
23.262667 89.805208 258.734789
24.770365 -73.950368 250.217466
24.621168 -74.303753 250.550055
24.799366 -73.562584 250.046450
24.183907 -59.623120 253.387764
24.146100 -59.538158 253.602031
24.095235 -58.794960 254.061193
24.150796 -58.014056 253.918183
24.218812 -57.237622 253.676494
24.281667 -56.412888 253.437996
24.377901 -55.576233 253.167739
24.507726 -54.532878 252.722656
24.456533 -54.923494 252.910176
24.550236 -54.064366 252.502927
24.637201 -53.225360 252.211239
24.664426 -52.359098 252.140753
24.660356 -51.601996 252.193544
24.636506 -50.865898 252.340494
24.583074 -50.235856 252.648040
24.537533 -49.772725 252.871578
24.478002 -49.137236 253.120368
24.393325 -48.432562 253.459596
24.337279 -48.059996 253.694909
24.215270 -47.715724 254.141739
24.059462 -47.550062 254.571882
24.754550 -46.718200 258.945000
24.622700 -46.502750 259.669500
24.402050 -45.978500 260.474000
24.396100 -45.152367 260.600000
24.387500 -44.397350 260.878500
24.474000 -43.902400 260.686000
24.794957 -43.945003 262.295360
24.746803 -43.540092 262.596479
24.754339 -42.696099 262.650191
24.721959 -41.968777 262.682002
24.745974 -41.176993 262.704985
24.710609 -34.375922 263.180432
24.657279 -33.958374 263.367851
24.219350 -33.236050 261.571000
24.206250 -32.889450 261.648000
24.574396 -33.376351 263.657450
24.186025 -32.379175 261.838250
24.106300 -31.612280 262.202200
24.158579 -5.757808 272.508605
24.044390 -6.056975 273.106276
24.462689 -4.977856 270.911160
24.322077 -5.349682 271.667373
24.768955 -4.212038 269.260724
24.604502 -4.611062 270.141951
24.328595 -2.492456 266.380996
24.195863 -2.720299 266.927739
24.009543 -3.030782 267.671985
24.780843 -1.769010 264.507744
24.616449 -2.027042 265.177791
24.454863 -2.289617 265.856809
24.083300 -0.947541 262.576000
24.610350 -0.147428 259.633000
24.425800 -0.398986 260.632000
24.317300 -0.584775 261.292000
24.202100 -0.767078 261.934000
24.731803 2.117190 253.970869
24.085900 8.715510 263.086000
24.017400 8.516850 263.452000
24.304133 9.375867 261.909000
24.162600 8.957470 262.647500
24.549200 10.292450 260.652500
24.443167 9.870457 261.166000
24.696700 10.980150 259.866000
24.619500 10.626300 260.257500
24.761550 11.314300 259.511500
24.126762 14.286447 256.751655
24.050682 13.865369 257.015625
24.191163 14.776040 256.443800
24.333253 15.679535 255.822113
24.269438 15.275563 256.099235
24.425021 16.424769 255.410865
24.424137 17.183410 255.303676
24.317997 17.976601 255.690590
24.123958 18.714752 256.452251
24.022114 18.941251 256.814963
24.698700 39.882100 260.773000
24.719500 40.320375 260.727500
24.739450 41.015850 260.615000
24.723667 41.831067 260.687667
24.736700 42.802750 260.692750
24.754275 43.522025 260.626250
24.773233 44.448167 260.654667
24.753175 45.278200 260.728500
24.773650 46.044475 260.719000
24.778800 47.012100 260.632000
24.759967 47.544900 260.635667
24.754000 48.656067 260.651333
24.757800 48.978300 260.654000
24.782050 50.900250 260.659500
24.773733 51.484100 260.623333
24.776400 53.364300 260.629000
24.791120 53.972320 260.642200
24.786400 54.618200 260.652500
24.436824 90.169849 254.070948
24.191825 90.181682 254.615822
24.822942 -73.267075 249.904672
25.043584 -72.408542 249.267202
24.931547 -72.745703 249.604171
25.498191 -71.327924 247.677356
25.232504 -71.972448 248.679610
25.587357 -67.605511 247.041469
25.497017 -67.356439 247.419087
25.396523 -67.115589 247.837786
25.271913 -66.785003 248.423044
25.250668 -66.314243 248.841667
25.519032 -61.419224 247.664028
25.399615 -61.088106 248.330598
25.322334 -60.595621 248.715623
25.294928 -60.209779 248.861378
25.225821 -59.769493 249.166272
25.069546 -59.404033 249.750359
25.084700 -59.286700 256.476000
25.180050 -58.755550 256.121000
25.190667 -57.899233 255.850667
25.177300 -58.286200 256.007000
25.218975 -57.232150 255.621750
25.279950 -56.457475 255.326750
25.331500 -55.603220 255.041600
25.396875 -54.757575 254.792750
25.431250 -54.033400 254.672250
25.504900 -52.825700 254.376000
25.483175 -53.286350 254.488000
25.533025 -52.359950 254.219750
25.571200 -51.789900 254.015000
25.569833 -48.234167 254.143000
25.515250 -47.889700 254.622000
25.422950 -47.677650 255.363500
25.256800 -47.499300 256.309000
25.056350 -47.300900 257.299000
24.914100 -47.029300 258.065333
25.536469 -47.015334 258.890278
25.379244 -46.702043 259.590615
25.234209 -46.467444 260.226137
25.130668 -46.300170 260.670223
25.032294 -45.934869 261.186578
25.001311 -45.279525 261.402360
24.900069 -44.894507 261.793994
25.592823 -44.921156 263.319617
24.853799 -44.420425 262.048816
25.074930 -36.892834 250.525140
25.202014 -36.356051 250.326747
25.310134 -35.573890 250.131819
25.350024 -34.803171 250.031617
25.285060 -34.154500 250.208408
25.151525 -7.293934 277.192268
25.088638 -7.504355 277.796074
25.496762 -6.649029 275.495191
25.318450 -7.039428 276.403217
25.224197 -7.115824 276.845238
25.184440 -3.224650 267.004661
25.079578 -3.464079 267.530797
24.914273 -3.856285 268.452521
25.537765 -2.475718 265.076234
25.410663 -2.744378 265.790387
25.279162 -3.012844 266.480540
25.405295 -0.906897 261.947828
25.227090 -1.140590 262.676520
24.983069 -1.478384 263.677332
25.549727 -0.729409 261.350452
25.323200 0.657958 255.394000
24.968200 0.134740 258.296000
24.802700 0.065312 258.699000
24.897685 1.580623 253.578769
24.885369 1.258885 253.718969
25.552800 0.846207 254.534000
24.861806 1.832236 253.655463
25.393402 9.535946 261.423920
25.512015 9.904680 261.193377
24.844550 11.815900 259.065000
24.811000 11.571100 259.258000
24.980100 12.745000 258.364000
24.920125 12.327625 258.651750
25.049980 13.267060 258.032800
25.165033 14.115000 257.461667
25.106500 13.762500 257.722000
25.292600 15.118700 256.744000
25.240550 14.697450 257.036750
25.349340 15.622360 256.462800
25.413175 16.394325 256.236250
25.382275 17.106450 256.508500
25.318200 17.571900 256.931000
25.270100 17.866300 257.348000
25.211500 18.151600 257.826000
25.522474 39.660123 261.298257
25.579926 40.381459 260.940255
25.554076 41.263109 260.921969
25.583136 42.106401 260.819130
25.583890 42.624911 260.787628
25.546661 42.996144 260.860452
25.544516 43.631370 260.882687
25.325685 44.168213 260.708731
25.527201 44.587173 260.958847
25.512607 45.168869 260.959184
25.534961 46.150832 260.889292
24.810800 46.802600 260.563000
25.524944 46.772947 260.937351
25.561818 47.516507 260.786483
25.524294 47.203566 260.878748
25.526806 48.256237 260.868743
24.816400 49.411550 260.550000
25.523129 49.202768 260.872763
24.817867 50.003067 260.580333
25.528546 50.034807 260.939859
24.808400 50.852050 260.599500
25.541341 50.820854 260.829126
24.817900 51.907050 260.509500
25.516972 51.593441 260.873791
24.834467 52.532967 260.502000
25.506424 52.367530 260.873987
25.170541 53.141947 260.598941
25.508088 53.154745 260.831899
25.535968 53.983518 260.833239
24.840450 54.972250 260.543000
25.517324 54.864799 260.853634
24.988989 55.618671 260.624771
25.488328 55.592492 260.852660
25.016237 56.480199 260.557972
25.504958 56.256116 260.865971
24.990242 57.095900 260.675337
25.501017 57.307425 260.836861
25.031705 58.137198 260.536915
25.537088 57.835190 260.819686
25.196274 58.796687 260.604897
25.290670 59.609317 260.683897
25.239613 60.311464 260.581703
25.268310 61.238142 260.641933
25.244223 61.860120 260.581629
25.117401 62.733034 260.544236
25.175594 63.515708 260.593403
25.180229 64.402050 260.551490
25.168084 65.237258 260.572360
25.073539 66.004148 260.592289
25.136632 66.800543 260.635657
25.039967 67.611985 260.540053
25.201340 68.430579 260.515120
25.200433 69.055353 260.571997
25.407268 69.436104 260.883676
25.132813 70.014938 260.502750
25.189328 70.675190 260.549584
25.133171 71.637148 260.443832
25.132308 72.458797 260.485838
25.203740 73.186368 260.494298
25.139278 74.009743 260.527997
25.408646 73.880455 260.831817
25.164920 74.784348 260.554541
25.212787 75.661214 260.601887
25.231407 76.385501 260.629982
25.144555 77.163407 260.522769
25.340098 77.940875 260.524409
25.199995 78.800908 260.517295
25.181549 79.584314 260.471995
25.153437 80.305527 260.449996
25.075172 81.148731 260.483453
25.204223 81.971780 260.511759
25.191156 82.772198 260.475428
25.196277 83.607152 260.490335
25.165225 84.393419 260.467046
25.131851 85.142098 260.454606
25.157649 86.015508 260.448322
25.170416 86.817038 260.430102
25.156922 87.552297 260.360987
25.195413 88.399080 260.280609
25.187484 89.256234 259.912277
25.360411 89.100336 260.192110
25.385850 90.342400 258.277500
25.338626 90.170689 259.002845
25.344590 89.816804 259.545036
25.938300 -73.829800 250.907000
26.118000 -73.180400 250.378000
26.073750 -73.477300 250.550500
26.173600 -72.428500 250.215400
26.204233 -71.713733 250.031333
25.639273 -70.759457 246.870745
25.718344 -69.870207 246.438181
25.761827 -69.090934 246.355932
25.745506 -69.440289 246.402836
25.765574 -68.482796 246.290624
25.723609 -68.100391 246.405574
25.652995 -67.840243 246.699036
26.379950 -65.307775 249.275250
25.877949 -61.414124 245.908248
26.384450 -59.660900 249.461000
26.340500 -59.374350 249.776000
26.219819 -59.555974 255.860939
25.923267 -59.291516 256.505947
26.298800 -59.135900 250.155000
26.201950 -58.954000 250.831500
26.108600 -58.867000 251.556000
25.959350 -58.823700 252.414000
25.860840 -58.745659 256.732749
25.844236 -58.419793 256.822025
25.807814 -57.954069 257.078748
25.821562 -57.186437 257.158925
25.890903 -56.451782 256.971487
25.992888 -55.507443 256.635794
25.928138 -55.994981 256.849021
26.102249 -54.728254 256.234221
26.221094 -53.942201 255.794056
26.315068 -53.168625 255.416131
26.362994 -52.622682 255.250340
25.606450 -51.407150 253.864500
25.630600 -50.849675 253.679000
25.652900 -50.040920 253.560200
25.653300 -49.521100 253.587000
25.638275 -49.102975 253.681500
25.608550 -48.617050 253.858500
26.318528 -48.192327 255.501770
26.186918 -48.020629 256.002134
26.061587 -47.889068 256.466921
25.888745 -47.732204 257.188192
25.751971 -47.522219 257.919629
25.635235 -47.262394 258.450879
26.381211 -47.326134 259.685006
26.345858 -47.198242 259.867933
26.236173 -46.913566 260.423435
26.121564 -46.612117 261.110094
26.030931 -46.417353 261.631481
25.894592 -45.996828 262.290571
25.848328 -45.669862 262.437050
25.718619 -45.278377 262.805573
25.904906 -5.659958 273.378171
25.787670 -5.972865 274.062921
25.650968 -6.297037 274.781279
26.250009 -4.917436 271.930975
26.116739 -5.210242 272.513399
26.065656 -5.411403 273.076223
26.371693 -4.416786 270.722870
26.256013 -4.711425 271.355668
25.903300 -1.750735 263.141821
25.800073 -1.949503 263.703934
25.691653 -2.169864 264.273060
26.340926 -0.988824 260.718388
26.224592 -1.171897 261.333492
26.113659 -1.360676 261.950599
26.006128 -1.552467 262.562708
26.102649 -0.171890 259.103145
25.770266 -0.472457 260.401844
26.249847 0.050459 258.010734
25.845400 1.408680 253.477000
25.748750 1.078215 253.825000
25.899000 2.010133 253.315667
25.898000 2.787155 253.355000
25.900933 3.506603 253.518667
25.900100 3.916020 253.774000
25.830800 4.231070 254.105000
26.327237 9.638333 260.562283
25.609586 10.255683 260.881529
25.707763 10.744328 260.407914
25.864483 11.575129 259.693432
26.025040 12.581931 258.975171
25.956621 12.160808 259.291212
26.182147 13.501889 258.328419
26.107042 13.074831 258.641522
26.259088 13.991244 258.000568
26.375519 14.904824 257.481465
26.341461 14.493046 257.687168
26.367885 15.586960 257.428565
26.240895 16.386605 257.881792
26.063956 16.855104 258.495202
25.614716 39.869424 261.069418
25.619253 40.033536 261.036427
25.608249 47.777594 260.712115
25.669856 90.222000 258.972663
26.808567 -73.643204 251.348266
26.972928 -73.134101 251.064822
26.862243 -73.536658 251.251774
27.002917 -72.442708 251.030760
27.001690 -71.944367 251.085941
26.729000 -70.448300 246.930000
26.808375 -69.966625 246.723750
26.831980 -69.167860 246.644800
26.851900 -68.321580 246.680400
26.806800 -67.637050 247.000750
26.755700 -67.277700 247.261000
26.692825 -66.875850 247.673000
26.613900 -66.517800 248.203000
26.551600 -66.340700 248.585000
26.451667 -66.041333 249.111667
26.412500 -64.821600 249.068000
26.460600 -64.287950 248.679000
26.426700 -64.616000 248.920000
26.615200 -63.343600 247.655000
26.516550 -63.839500 248.244500
26.763933 -62.743633 246.980000
26.867825 -62.031100 246.702000
26.855000 -61.588600 247.116000
26.778100 -61.485800 247.491000
26.605850 -61.099025 248.332750
26.528300 -60.767200 248.709000
26.463860 -60.330740 249.047200
26.405700 -59.878900 249.313000
27.132633 -59.364747 250.979878
26.983622 -59.217446 251.605409
27.119395 -59.599009 255.569664
27.062476 -59.049238 255.820748
26.936975 -58.723383 256.378892
26.772702 -58.522154 257.296442
26.599621 -58.460202 257.853404
26.503752 -57.928090 258.766598
26.503813 -57.194518 258.674926
26.506098 -56.646452 258.613362
26.816632 -54.401480 256.871075
26.934023 -53.858823 256.366765
27.041259 -53.049421 255.862301
26.968109 -53.564923 256.169596
26.412897 -52.144261 255.077506
27.080274 -52.394606 255.633725
26.457392 -51.595127 254.892848
27.144073 -51.548458 255.376940
26.734619 -50.738064 254.872983
27.174006 -50.996174 255.242123
26.872615 -50.002021 254.872848
26.634852 -49.211240 254.792386
27.146259 -49.106525 255.433037
26.437332 -48.542715 255.060808
27.041683 -48.671752 255.892786
26.941812 -48.507978 256.438691
26.837578 -48.439165 257.054650
26.619312 -48.303663 258.251570
26.566984 -48.116154 258.651962
26.495716 -47.828572 259.017796
26.438348 -47.538134 259.384629
26.512520 -4.054118 269.955505
26.563761 -4.289551 270.731229
26.419540 -4.681263 271.619873
26.765001 -3.402325 268.575350
26.893098 -3.534394 269.121860
26.749370 -3.845633 269.765030
27.083484 -2.668823 266.890073
26.915475 -3.053288 267.805482
27.158166 -3.172888 268.508861
26.458363 -0.811769 260.061287
27.053336 -0.146054 256.834911
26.836002 -0.346893 257.992024
26.704350 -0.485728 258.696103
26.514532 -0.722994 259.729237
27.072713 0.689791 254.680773
26.869653 0.473993 255.590223
26.549720 0.144067 257.383814
27.187320 1.110098 254.010266
27.152067 5.917898 254.073724
27.036889 6.250401 254.425975
26.916033 6.526719 254.902767
26.784700 6.706183 255.269625
27.151197 7.698818 256.393906
26.451983 10.120528 260.300007
26.560353 10.971004 259.777520
26.506288 10.537448 260.065268
26.615338 11.567594 259.417428
26.716850 12.337674 258.886136
26.852265 13.350878 258.195823
26.805208 12.938899 258.468392
26.970603 14.370406 257.581571
26.937942 13.949574 257.766563
26.967999 14.633542 257.560420
26.947809 14.986382 257.642717
26.877364 15.533211 258.046402
26.440229 39.623569 260.864660
26.515802 40.149652 260.749758
26.510971 40.479532 260.833235
26.498274 41.108731 260.767207
26.462540 41.570816 260.896941
26.501689 42.017174 260.926185
26.511659 42.966213 260.682140
26.505955 42.549551 260.840879
26.474316 43.580471 260.751787
26.503825 44.402588 260.748315
26.533006 45.212058 260.745850
26.511493 45.495822 260.870687
26.509392 45.919346 260.913777
26.508155 46.992348 260.657827
26.539796 46.502511 260.832109
26.508783 47.616134 260.719969
26.551313 48.494023 260.670965
26.557421 49.231775 260.755941
26.551178 50.103904 260.637374
26.598730 50.733525 260.640679
26.521659 51.667439 260.891392
26.555428 52.381472 260.839232
26.581390 53.182052 260.568522
26.607630 54.030892 260.574785
26.568680 54.851260 260.676563
26.619257 55.359595 260.485022
26.648311 56.448165 260.499730
26.599819 57.165673 260.546734
26.611533 57.703063 260.520676
26.603860 58.775329 260.510310
26.604518 59.473012 260.551659
26.643614 60.411162 260.583370
26.660310 61.309266 260.578105
26.657449 61.927332 260.607583
26.651513 62.885657 260.568699
26.658480 63.667505 260.603000
26.652203 64.368733 260.568847
26.655375 65.263055 260.603833
26.663033 65.943174 260.558609
26.669023 66.982046 260.563346
26.642603 67.536989 260.627027
26.677139 68.524005 260.588460
26.681582 69.240169 260.565549
26.678400 70.032813 260.522394
26.693163 70.852901 260.526123
26.686951 71.603368 260.472692
26.685280 72.417381 260.494724
26.668985 73.247477 260.557747
26.684151 74.012916 260.487507
26.701534 74.818439 260.454345
26.697412 75.632942 260.451777
26.715548 76.473659 260.433894
26.725350 77.144740 260.452509
26.705898 77.951037 260.518712
26.730076 78.828964 260.519291
26.735737 79.628584 260.462682
26.737458 80.461188 260.511854
26.741647 80.995795 260.477797
26.763801 81.999914 260.494720
26.761545 82.902798 260.467535
26.766546 83.613248 260.412793
26.756883 84.456057 260.486059
26.769384 85.151881 260.388410
26.766546 85.994392 260.452826
26.785101 86.818833 260.468452
26.765175 87.645471 260.486077
26.816382 88.393180 260.266548
26.907831 89.297858 259.729029
26.855140 88.885421 260.093266
26.718193 90.329523 254.501274
27.159284 89.963519 258.313150
27.070705 89.898125 258.820686
27.005751 89.768285 259.230260
27.711078 -72.893394 251.887707
27.795526 -73.288229 252.639935
27.684417 -72.610798 251.813044
27.971622 -70.509882 247.261291
27.999831 -66.907177 247.119718
27.945283 -66.640628 247.327348
27.836639 -66.327333 247.757532
27.686786 -66.007596 248.423131
27.556664 -65.666592 249.056543
27.519568 -65.146845 249.333492
27.595360 -64.344029 249.195616
27.787776 -63.600808 248.535626
27.962064 -62.969977 247.831439
27.950585 -61.629369 247.652992
27.892387 -61.529144 247.830601
27.826260 -61.156471 248.277192
27.732147 -60.574805 248.683523
27.639820 -60.175928 249.078242
27.931311 -60.001027 250.282303
27.264238 -60.203687 255.161413
27.234878 -60.052059 255.230325
27.556951 -59.938585 249.481481
27.403356 -59.720118 250.056411
27.270587 -59.521816 250.544461
27.349804 -58.532713 263.476201
27.452437 -58.592367 264.964205
27.413432 -58.295859 264.678384
27.288396 -57.953852 265.178605
27.283480 -57.295720 265.269967
27.220061 -57.163942 265.618097
27.297285 -56.174074 265.594628
27.257856 -56.349595 265.619909
27.393561 -55.801350 265.488891
27.200219 -50.010031 255.124556
27.507938 -2.473537 266.995525
27.388098 -2.715643 267.521166
27.222862 -3.033562 268.220253
27.507187 -1.754103 264.606574
27.652750 -1.873177 265.262883
27.512701 -2.141368 265.919051
27.621132 -2.265833 266.517429
27.955503 -0.914132 262.115090
27.845857 -1.106007 262.690323
27.685624 -1.395369 263.584669
27.550252 0.563748 254.089175
27.458608 0.236013 254.711696
27.258666 0.063031 255.686793
27.677190 1.414538 253.473354
27.351586 1.258144 253.778523
27.687671 2.012692 253.459427
27.220977 2.031157 253.706333
27.686726 2.845022 253.502199
27.222771 2.790214 253.686969
27.688537 3.646160 253.465339
27.213714 3.548858 253.704512
27.686972 4.420332 253.467544
27.225177 4.391488 253.677482
27.695126 5.194073 253.521050
27.224712 5.236480 253.748173
27.641878 6.104239 253.922577
27.473595 6.775315 254.790606
27.370687 7.118162 255.353741
27.283967 7.409781 255.855073
27.252985 89.975680 257.833144
28.626805 -70.798222 246.973513
28.693486 -70.031434 246.686673
28.696823 -69.161718 246.642973
28.729373 -68.360360 246.547363
28.704357 -67.624275 246.667440
28.480354 -67.042534 247.017626
28.516437 -66.669633 247.609806
28.425682 -66.459303 248.072018
28.341386 -66.229460 248.552219
28.291958 -65.914760 248.934204
28.277038 -65.274565 249.051336
28.352346 -64.352956 248.609807
28.303707 -64.769480 248.892046
28.529106 -63.339995 247.666227
28.444188 -63.814308 248.136999
28.371017 -62.612897 247.373322
28.443267 -62.158969 247.419642
28.471579 -61.633384 248.072246
28.418923 -61.195393 248.334994
28.353028 -60.760955 248.724744
28.266972 -60.441617 249.155060
28.117953 -60.092635 249.791858
28.752712 -58.828323 256.323099
28.577589 -58.498557 257.268780
28.534313 -58.396747 257.465772
28.507238 -58.271936 257.662733
28.438788 -58.190632 258.718305
28.549694 -57.967082 259.290776
28.508000 -7.262775 278.329404
28.796850 -6.952139 276.882372
28.674762 -7.148672 277.695803
28.019441 -0.816601 261.796962
28.431493 -0.881528 263.165498
28.298551 -1.099728 263.720307
28.079346 -1.461370 264.616464
28.567985 -0.065691 258.934912
28.438510 -0.220430 259.572147
28.310627 -0.381708 260.202384
28.188970 -0.551314 260.855619
28.689174 -0.500174 262.119925
28.556109 -0.689148 262.661261
28.694108 0.089450 258.252681
28.727988 10.932357 257.867208
28.577893 11.431887 258.661431
28.468014 11.890194 259.294299
28.433747 12.414699 259.481043
28.452492 13.201618 259.426579
28.409089 13.915916 259.599226
28.317592 14.377526 260.062071
28.238940 39.677408 261.266926
28.517986 40.369712 261.390533
28.398127 41.213529 261.370366
28.735960 40.923280 261.600510
28.558464 42.056528 261.390689
28.605800 42.910480 261.390438
28.470203 43.664730 261.280067
28.545992 44.392507 261.369904
28.586724 45.153389 261.253555
28.488587 46.000243 261.277947
28.581405 46.839179 261.310342
28.727920 47.564144 261.458877
28.533116 48.402533 261.318425
28.518195 49.242677 261.331039
28.516746 49.934950 261.247760
28.552353 50.753469 261.312442
28.514353 51.556374 261.293134
28.518899 52.455875 261.319017
28.601059 53.183501 261.353336
28.478730 54.042452 261.197189
28.529793 54.838589 261.227335
28.474123 55.602262 261.275624
28.527408 56.367257 261.203035
28.582997 57.188055 261.228033
28.569694 58.036912 261.247053
28.537626 58.640225 261.235404
28.491975 59.580327 261.115163
28.617165 60.294514 261.249839
28.561767 61.240764 261.124973
28.551459 62.051268 261.154942
28.478525 62.778139 261.131435
28.512547 63.583945 261.237091
28.525494 64.453755 261.152501
28.500250 65.117932 261.154239
28.493299 65.861481 261.195520
28.407503 66.735702 261.026258
28.535373 67.727472 261.146577
28.488004 68.324858 261.158189
28.558257 69.154112 261.138786
28.511924 69.978455 261.122021
28.533842 70.813827 261.086904
28.496714 71.496198 261.003505
28.525253 72.601041 261.146682
28.567535 73.269244 261.123919
28.530930 74.029109 261.040761
28.511631 74.699849 260.796908
28.616500 74.891289 261.046497
28.560150 75.687102 261.097919
28.551357 76.395337 260.992902
28.581244 77.205765 261.020116
28.553776 78.057732 261.107053
28.588376 78.793350 261.040737
28.589669 79.549753 261.073593
28.528008 80.458852 261.075505
28.550296 81.189737 261.086576
28.547224 81.928927 261.090858
28.549273 82.807219 261.061370
28.538950 83.507179 261.123116
28.524869 84.407758 261.056519
28.522669 85.194273 261.036473
28.541373 86.002071 260.980578
28.522203 86.797025 261.089721
28.534272 87.626203 261.023993
28.596595 88.650522 260.744295
28.532681 88.309009 260.963399
28.624379 89.273275 260.508166
28.556977 88.855667 260.864415
28.780890 89.948911 259.914950
28.717045 89.760089 260.144147
29.256220 -73.059795 254.106342
29.024569 -73.554390 254.549741
29.363125 -72.721310 253.960462
29.001186 -60.896241 254.633645
28.909946 -60.863615 255.213731
29.483624 -60.665461 252.821964
29.113539 -60.371741 255.592094
29.107545 -59.579560 255.752229
28.851971 -59.092957 255.847801
29.234500 -58.934146 256.342650
29.030331 -58.559648 257.146128
28.870772 -58.236013 257.914897
28.942558 -6.582285 275.919873
28.890797 -6.730225 276.278049
29.269246 -5.717614 274.076260
29.129098 -6.093056 274.849737
29.033860 -6.356729 275.385560
29.565587 -4.935765 272.516251
29.427447 -5.307891 273.237220
29.012986 -0.009460 260.707695
28.883600 -0.216716 261.300977
29.111208 0.643189 255.790893
29.004888 0.474503 256.477109
28.892304 0.315402 257.194327
29.589795 0.662812 258.254764
29.438803 0.501286 258.910331
29.284956 0.345222 259.531931
29.149219 0.167570 260.137311
29.299057 1.158898 254.691188
29.358536 2.012776 254.337439
29.357807 2.787137 254.337654
29.365111 3.559897 254.295561
29.378091 4.403838 254.255222
29.396545 5.192876 254.169757
29.413083 5.965266 254.073953
29.432225 6.821253 253.986649
29.437401 7.594835 254.017608
29.424697 8.110189 254.188833
29.333404 8.643625 254.589637
29.243790 9.017430 255.016029
29.156909 9.362892 255.471934
29.087905 9.626632 255.862864
28.999803 9.919988 256.344300
28.888581 10.293068 256.939717
28.810530 10.589915 257.377639
29.593934 11.431598 257.507327
29.449621 11.756361 258.113752
29.276697 12.155842 258.869570
29.163926 12.597104 259.457583
29.063093 13.122050 259.820524
28.951576 13.494354 260.156446
28.922487 13.666101 260.327932
28.810411 39.857560 261.507725
28.831865 39.668330 261.651327
28.807969 44.563918 261.332961
29.326913 90.300928 257.487214
29.196776 90.319668 257.931048
28.992970 90.272470 258.969257
28.870277 90.172756 259.522439
29.601056 -72.618919 254.028684
30.159141 -70.531715 247.930743
30.335293 -70.065074 247.471030
30.396796 -68.532335 247.185347
30.343129 -68.230336 247.360238
30.330114 -68.291336 250.926306
30.243497 -68.089169 251.376474
30.295564 -67.910402 247.420112
29.783935 -67.905914 250.952695
30.070431 -67.674321 251.771949
29.875453 -66.573126 250.219840
29.759584 -67.024789 250.818727
30.018565 -65.783566 249.438732
29.937304 -66.217949 249.824570
30.142668 -64.832761 248.736556
30.097900 -65.227746 248.999829
30.197131 -64.314240 248.417702
30.254319 -63.549720 248.098456
30.276186 -62.796232 247.958590
30.206960 -61.974374 248.321074
30.143196 -61.382833 248.726614
30.111846 -60.996275 248.887932
30.107148 -60.908986 252.521490
30.016891 -60.656305 249.248683
29.866435 -60.491537 249.843428
29.966470 -60.651520 253.087645
29.821785 -60.480066 253.629100
30.375240 -53.652505 266.599500
30.300726 -53.419104 266.909800
30.174243 -53.115250 267.560632
30.001930 -52.847283 268.461464
29.871279 -52.721484 269.152460
29.748268 -52.664477 269.781919
29.827040 -4.097401 270.989875
29.725782 -4.459340 271.619877
29.982519 -3.435985 270.021872
29.909699 -3.795745 270.530102
30.112633 -2.702265 269.231720
30.034960 -3.154587 269.679208
30.384358 -1.848318 267.945060
30.250122 -2.162713 268.574521
30.268109 1.544699 254.957847
30.227407 1.309406 255.527122
29.978905 1.047321 256.632704
29.829835 0.891213 257.280253
30.295967 2.225255 254.722801
30.288174 2.818105 254.736003
30.296513 3.576486 254.705939
30.318683 4.421918 254.648048
30.343866 5.179735 254.578494
30.358541 5.937015 254.501956
30.378606 6.945151 254.364763
30.370370 6.525402 254.427648
30.394915 7.534181 254.324524
30.393274 9.054795 254.334156
30.357849 9.393193 254.511863
30.242730 9.820558 254.912211
30.062308 10.267130 255.551480
29.876374 10.725634 256.299828
29.712820 11.138310 257.041720
29.655860 11.285810 257.267496
29.875781 90.367574 255.546852
29.685188 90.352612 256.239990
30.941794 -69.938153 248.142391
30.409982 -69.113216 247.129909
30.826265 -69.346435 247.707940
30.989594 -68.927895 248.075763
30.403956 -68.691954 247.150429
30.939682 -68.733087 248.237000
30.700458 -68.632501 249.157794
30.521562 -68.532138 250.137924
30.552676 -66.566786 250.934390
30.431259 -66.872418 251.422490
30.689935 -65.901302 249.996911
30.594778 -66.332079 250.590114
30.835553 -65.130374 249.308448
30.746154 -65.587679 249.690051
30.977667 -64.221988 248.741155
30.931095 -64.595448 248.921347
31.013027 -63.579654 248.533827
30.995989 -62.736365 248.547772
30.953176 -62.285536 248.740662
30.930707 -61.914992 248.943505
30.882031 -61.207892 249.163841
30.803273 -60.786181 249.468710
30.695891 -60.690870 249.796003
30.671932 -58.784886 265.135852
30.651583 -57.972617 265.147014
30.658355 -57.237711 265.104819
30.643229 -56.438957 265.183011
30.594644 -55.575690 265.393683
30.537581 -54.747123 265.778383
30.458836 -54.099109 266.181477
30.404768 -53.796584 266.462376
30.439926 -1.717937 267.669869
31.002190 -0.940664 264.719878
30.788738 -1.180999 265.759639
30.601580 -1.438250 266.714802
31.133299 -0.788627 264.019411
30.400203 7.955753 254.313093
30.403478 8.461177 254.291109
31.915902 -60.341332 257.920489
31.843382 -59.975198 258.214396
31.741064 -59.572584 258.813567
31.628062 -59.299664 259.341263
31.548878 -59.175214 259.653568
31.722253 -6.464183 277.055652
31.961154 -6.087275 275.949234
31.902680 -6.222075 276.297444
31.820810 -0.043743 260.450954
31.580118 -0.200861 261.265822
31.476112 -0.411649 262.210186
31.263837 -0.640001 263.298945
31.950335 0.098641 259.781491
31.533456 39.644169 261.953626
31.622058 40.333585 261.896543
31.651037 41.311634 261.885709
31.627767 42.010448 261.836002
31.608399 42.819364 261.840360
31.642628 43.608236 261.793520
31.620503 44.419739 261.854989
31.673175 45.393478 261.825901
31.777835 46.308126 261.578115
31.653904 46.015927 261.800038
31.663673 47.533517 261.909917
31.682523 48.462010 261.783447
31.686100 49.218635 261.785016
31.702150 50.028285 261.816128
31.615722 50.821921 261.784196
31.652479 51.581406 261.766643
31.647330 52.345523 261.829745
31.687540 53.146611 261.781184
31.710442 53.958862 261.819938
31.696090 54.769531 261.843828
31.732893 55.785567 261.586301
31.715038 55.368266 261.716656
31.738444 56.269367 261.750001
31.736927 57.243307 261.683194
31.744897 57.980646 261.797995
31.746684 58.916520 261.579588
31.741542 58.584107 261.695572
31.746653 59.586325 261.765412
31.744025 60.388122 261.743558
31.757914 61.188608 261.713793
31.753295 61.871957 261.718884
31.770845 62.963571 261.615436
31.748796 63.629558 261.789490
31.768438 64.387844 261.706099
31.766873 65.548826 261.561229
31.757172 65.078908 261.717215
31.771158 65.730327 261.567233
31.767087 66.114416 261.660290
31.771906 66.740118 261.649840
31.770222 67.439876 261.569921
31.771574 67.826365 261.673958
31.763814 68.253123 261.585532
31.776317 68.386520 261.639501
31.792322 69.454908 261.471890
31.806711 68.800726 261.642435
31.797037 70.103420 261.676277
31.806497 70.796723 261.667051
31.802937 71.590784 261.713083
31.793112 72.124630 261.580842
31.803923 72.547322 261.671182
31.806208 73.290420 261.698921
31.790579 74.008883 261.703722
31.834262 74.618040 261.568461
31.826345 75.162126 261.676049
31.794633 75.902685 261.536244
31.812768 75.488358 261.664134
31.799565 76.376828 261.612277
31.846262 76.911440 261.586164
31.826305 77.256999 261.617275
31.846329 77.904144 261.550271
31.829017 78.288330 261.650376
31.833330 79.081037 261.588445
31.813757 78.758986 261.714816
31.829867 79.438039 261.563496
31.845069 79.899788 261.603491
31.854849 80.353075 261.591170
31.833462 80.727232 261.633623
31.850294 81.087369 261.634933
31.864881 81.922044 261.586636
31.858249 82.078240 261.609177
31.858630 82.788720 261.561502
31.866118 83.500573 261.556552
31.879728 84.427376 261.549102
31.899069 85.315760 261.500127
31.883842 86.043930 261.519511
31.881543 86.510750 261.566070
31.881187 86.895643 261.626780
31.869213 87.690898 261.561742
31.872857 87.253543 261.611182
31.898855 88.378165 261.453957
31.964609 89.057496 261.294289
32.292949 -68.874860 255.932778
32.337439 -68.349666 255.617170
32.406248 -67.594782 255.428748
32.518467 -66.797775 255.108672
32.439540 -67.138466 255.342425
32.672440 -65.534970 253.050732
32.709122 -61.814949 253.389001
32.667456 -61.659745 253.735172
32.583016 -61.303404 254.120272
32.480011 -60.902533 254.654445
32.437322 -60.710115 254.873123
32.270706 -60.616473 255.558247
32.104135 -60.582156 256.471366
32.111972 -5.720975 275.063701
32.059376 -5.865844 275.383880
32.417306 -4.896148 273.406653
32.310229 -5.194826 273.993517
32.200931 -5.495353 274.575390
32.714627 -4.079503 271.838138
32.578571 -4.449026 272.543604
32.467399 -4.744625 273.131487
32.380182 0.635887 257.333962
32.270094 0.473888 258.012351
32.080394 0.240068 259.094027
32.603531 1.317641 255.551707
32.508718 0.900862 256.387014
32.658882 2.084136 255.149834
32.652265 1.657772 255.224063
32.657565 2.771100 255.135413
32.664134 3.543726 255.117622
32.675260 4.401642 255.079474
32.688849 5.173013 255.031557
32.705093 5.941737 254.922130
32.740602 6.798581 254.791492
32.770642 7.653786 254.669073
32.770037 8.420780 254.606358
32.667460 9.115244 254.883809
32.018144 89.522181 261.076392
32.314296 90.274546 259.640881
32.138971 90.016155 260.385999
32.047313 89.701663 260.831803
32.839349 -65.213283 253.016156
33.082574 -64.167486 251.657871
33.130095 -63.333415 251.094283
33.130360 -63.721384 251.268241
33.122017 -62.906068 251.110359
32.800560 -61.955225 252.871648
33.477786 -61.201963 265.480584
33.518201 -60.934449 265.713008
33.463554 -60.347821 265.932667
33.405912 -59.582645 266.171005
33.360854 -58.840546 266.308728
33.399403 -57.947621 266.174139
33.463591 -57.148765 265.981652
33.489156 -56.367867 266.005029
33.445178 -55.593663 266.221560
33.341963 -54.885815 266.724029
33.197465 -54.442524 267.392833
33.132161 -54.266931 267.678187
33.007765 -54.087006 268.147803
33.037206 -3.200910 270.031533
32.905335 -3.526313 270.722497
32.817158 -3.783595 271.252293
33.307753 -2.572946 268.639567
33.186189 -2.851678 269.275002
33.088920 -3.062991 269.738354
33.582418 -1.970303 267.114572
33.478291 -2.194907 267.701451
34.380401 -63.413225 260.680266
34.350400 -63.278576 260.817448
34.323915 -63.137120 260.935618
33.688184 -1.772185 266.582177
34.104883 -0.964320 264.311629
33.953712 -1.281044 265.185183
33.795106 -1.575814 266.016776
34.372515 -0.410062 262.779148
34.249179 -0.665219 263.478100
34.451895 -65.909239 260.248274
34.485884 -65.174280 260.156647
34.485718 -64.388538 260.233239
34.449862 -63.728033 260.434176
34.981459 -4.899474 275.414626
34.847008 -5.177304 276.212369
34.613565 -5.474989 277.170782
35.103112 -4.610792 274.733982
34.493591 -0.156646 262.066204
35.047014 0.730317 259.082080
34.934372 0.559540 259.711516
34.817151 0.390928 260.322973
34.649943 0.123691 261.211115
35.154525 0.904167 258.445667
34.496675 39.839476 262.502004
34.535028 40.578086 262.295607
34.503063 40.162016 262.485095
34.544066 41.199501 262.310898
34.567814 41.918728 262.365127
34.562964 42.279748 262.400616
34.561728 42.875782 262.240090
34.559823 43.691372 262.334818
34.577468 44.306215 262.288052
34.585619 45.196812 262.296846
34.593141 45.991740 262.261057
34.607685 46.785313 262.225587
34.595270 47.423587 262.296378
34.598814 48.475867 262.214751
34.599951 49.184366 262.191208
34.621248 49.893129 262.185177
34.602855 50.748297 262.202825
34.587022 51.575021 262.272201
34.601491 52.424652 262.283602
34.625438 53.201990 262.223885
34.638659 54.064757 262.200979
34.639773 54.712627 262.190881
34.639861 55.564198 262.270696
34.685911 56.337388 262.245681
34.682027 57.178573 262.205359
34.669406 58.037869 262.283233
34.659353 58.573654 262.255725
34.729937 59.603081 262.049545
34.681531 60.341722 262.073531
34.674744 61.247228 262.056646
34.679454 62.042755 262.118420
34.657591 62.673736 262.169000
34.661441 63.348771 262.073982
34.684125 64.371103 262.096462
34.708039 65.156326 262.062197
34.671541 65.982260 262.105313
34.676799 66.523255 262.120091
34.719859 67.545397 262.007613
34.705028 68.643888 262.167753
34.687432 69.289904 262.167069
34.723134 70.012526 262.064929
34.756642 70.724910 262.040546
34.697780 71.431435 262.085816
34.731548 72.422786 261.985634
34.741734 73.028821 261.943213
34.765479 73.995361 262.017468
34.775328 74.934584 261.955439
34.767991 75.470095 261.926002
34.733572 76.329118 262.087973
34.755081 76.988487 262.172123
34.809965 78.146951 262.000810
34.749335 78.906871 262.013607
34.823939 79.749615 261.965592
34.806078 80.562635 262.045722
34.779472 81.220728 262.132083
34.758195 82.022194 262.072672
34.824738 82.784010 261.912212
34.796652 83.717123 262.009931
34.807090 84.682741 262.164244
34.812551 85.258384 261.995032
34.805086 86.070155 261.990765
34.831281 86.873411 262.111949
34.809946 87.558146 262.151963
34.855375 88.250688 261.972352
34.929352 89.464565 261.565474
34.894757 89.064711 261.708228
35.154683 90.214694 260.592755
35.023758 89.795027 261.196679
35.277185 -4.218119 273.834048
35.559632 -3.500109 272.250587
35.418770 -3.857483 273.051317
35.945147 -2.539491 270.081580
35.836062 -2.824445 270.714139
35.720408 -3.107224 271.351245
35.356309 1.339779 257.175933
35.251989 1.086573 257.844302
35.445206 1.941661 256.402759
35.429025 2.797616 256.172544
35.397499 3.399559 256.369507
35.495682 90.384090 259.085310
35.285150 90.317084 260.174217
35.376836 90.400874 259.394839
36.221523 -1.794421 268.503181
36.083054 -2.187379 269.330868
36.492613 -0.810687 266.716986
36.365435 -1.352568 267.618157
36.486160 -0.638158 266.555152
38.749566 94.269147 272.294734
38.559301 94.255377 273.220878
38.420911 94.121488 274.266002
38.715825 94.318015 286.513249
39.149102 94.456678 283.391926
39.007650 94.459961 284.223845
38.863416 94.462543 285.057790
38.743303 94.418361 285.953988
39.844500 94.394700 283.959000
39.641175 94.345162 300.837163
39.892852 94.417549 278.993958
39.755738 94.430236 279.819838
39.648209 94.434795 280.453917
39.516924 94.436084 281.277235
39.671453 94.465140 282.234311
39.575601 94.470866 282.887887
39.836600 94.471000 283.658000
39.984465 94.506988 298.113342
39.862940 94.512455 298.825736
39.744549 94.479673 299.704070
39.623349 94.453808 300.563441
40.721020 94.033917 291.560967
40.735630 94.413166 274.240020
40.633577 94.418034 274.851045
40.645651 94.454509 275.684579
40.475384 94.441711 276.415155
40.340106 94.449166 277.280583
40.281564 94.469977 278.040524
40.407400 94.540500 278.851500
40.326200 94.543000 279.531000
40.246200 94.548900 280.190000
40.117600 94.536750 281.111000
40.002900 94.513000 282.027000
40.762161 94.502823 293.571454
40.653992 94.496526 294.243687
40.538822 94.501304 294.943008
40.414065 94.499506 295.616429
40.289218 94.507583 296.317860
40.134087 94.511036 297.215135
41.132766 94.386206 272.342052
41.569752 94.154871 284.196905
41.475497 94.144620 285.042410
41.383640 94.140178 285.902912
41.297331 94.143327 286.569909
41.150763 94.162502 287.584897
41.012192 94.187096 288.625881
40.933187 94.181342 289.282884
40.853935 94.164577 290.007893
41.597885 94.354444 299.903985
41.595805 94.284151 300.273027
41.006668 94.410246 272.723307
40.894694 94.411823 273.301426
40.833409 94.404003 273.611035
40.953700 94.522700 274.830500
40.815400 94.504300 275.619000
41.586488 94.500389 288.770036
41.468564 94.505696 289.437387
41.353640 94.513987 290.122708
41.235338 94.522977 290.810067
41.085708 94.524016 291.666776
40.937167 94.514172 292.504462
40.824309 94.514565 293.186754
42.349832 94.123345 277.957431
42.223120 94.128387 278.900927
42.142811 94.131700 279.587924
42.030401 94.132161 280.554923
41.947899 94.120680 281.166929
41.848488 94.123823 282.006926
41.744674 94.135475 282.863918
41.657062 94.148226 283.535910
42.330977 94.463238 284.381495
42.211742 94.462889 285.056856
42.035752 94.481004 286.052880
41.868739 94.488821 287.046797
41.758903 94.500112 287.731064
41.699256 94.495987 288.097743
42.323117 94.424149 293.518115
42.232446 94.439659 294.246210
42.141687 94.459175 294.985303
42.052503 94.465579 295.702402
41.959044 94.462695 296.441010
41.819459 94.466795 297.508668
41.735218 94.445371 298.175776
41.673682 94.419649 298.846861
41.623397 94.411303 299.298924
42.878381 94.099237 274.359950
42.773778 94.094449 274.800952
42.661823 94.087385 275.549955
42.553860 94.097950 276.346948
42.475248 94.108891 276.993941
43.177590 94.389029 286.553157
43.196033 94.309982 316.444920
43.098115 94.437196 279.870706
42.981517 94.444550 280.486041
42.864862 94.452292 281.114377
42.704822 94.461189 282.074215
42.600346 94.462114 282.777415
42.494555 94.470326 283.438634
43.053224 94.405615 287.593290
42.926113 94.403578 288.594437
42.881840 94.402489 288.969488
42.754013 94.408919 289.999631
42.627702 94.417557 291.044770
42.540289 94.420346 291.735869
42.496932 94.417865 292.124920
42.410809 94.415450 292.808020
43.168405 94.426309 316.143032
43.920583 94.363863 280.572321
43.840311 94.364624 281.212412
43.735585 94.362680 282.024033
43.633100 94.371457 282.871645
43.549127 94.369517 283.510743
43.467077 94.373588 284.169834
43.365496 94.376417 285.020449
43.260100 94.375039 285.859070
43.954549 94.411047 274.861899
43.850794 94.416305 275.472089
43.692761 94.433617 276.414411
43.583871 94.434683 277.071157
43.428037 94.443154 278.004446
43.263049 94.455121 278.941840
43.209003 94.447111 279.290453
43.974720 94.522082 308.682045
43.925359 94.522327 309.103228
43.825491 94.530422 309.878599
43.729609 94.543116 310.677957
43.638108 94.560008 311.499298
43.542205 94.567003 312.292655
43.427521 94.574018 313.323582
43.328330 94.551739 314.323449
43.268940 94.503953 315.007665
43.228051 94.468494 315.473814
44.673953 94.346633 275.010468
44.579142 94.342674 275.528079
44.441169 94.351132 276.430732
44.355300 94.365694 277.072822
44.236105 94.363216 277.999960
44.116416 94.363740 278.932096
44.021693 94.361349 279.746706
44.293510 94.432578 273.247568
44.115491 94.415073 273.988068
44.767702 94.425760 302.077092
44.671813 94.445357 302.847450
44.577318 94.473451 303.643803
44.482155 94.493147 304.421159
44.394328 94.511344 305.208487
44.348711 94.512288 305.641657
44.213562 94.514687 306.777658
44.073234 94.519285 307.919679
45.564162 94.356520 295.631630
45.457011 94.362099 296.548528
45.371264 94.369803 297.274848
45.280284 94.375607 297.992186
45.189734 94.382910 298.717522
45.073784 94.374340 299.606451
44.954430 94.378366 300.522394
44.860551 94.402063 301.295745
45.525269 94.672017 321.188569
45.293367 94.683037 322.204599
46.312489 94.375299 289.387355
46.213420 94.361238 290.229721
46.134988 94.358349 290.905012
46.033845 94.354533 291.782387
45.929217 94.342219 292.635774
45.845225 94.342728 293.322086
45.757318 94.341336 294.004411
45.670902 94.347142 294.711733
46.377289 94.586151 314.101737
46.280360 94.597148 314.917174
46.176086 94.607249 315.722642
46.074522 94.616348 316.530098
46.023249 94.614185 316.970326
45.926607 94.617383 317.782758
45.825881 94.615388 318.576207
45.730453 94.633467 319.437640
45.635921 94.657339 320.321071
47.135816 94.389356 282.568301
47.037658 94.378049 283.372664
46.935560 94.376239 284.194043
46.815164 94.381858 285.180490
46.696726 94.377878 286.154929
46.613811 94.365487 286.834235
46.490266 94.370354 287.834694
46.411112 94.369765 288.503988
47.129394 94.510545 307.662353
47.080830 94.514089 308.081571
46.983043 94.526400 308.861012
46.885434 94.544003 309.658453
46.787812 94.558408 310.452894
46.694452 94.575207 311.261317
46.585220 94.573932 312.270305
46.471358 94.577751 313.295315
47.916982 94.359542 276.783404
47.814013 94.371679 277.175785
47.731594 94.365697 277.772089
47.618778 94.373321 278.726009
47.539065 94.381381 279.406805
47.400407 94.396433 280.513821
47.297645 94.396925 281.317702
47.216677 94.399439 281.956003
47.782230 94.362305 302.120385
47.742604 94.442292 301.886586
47.701654 94.412881 302.993765
47.602889 94.457672 303.824223
47.503919 94.481281 304.607672
47.412079 94.491396 305.375086
47.319678 94.496216 306.128500
47.227756 94.503929 306.899913
48.606921 94.278652 295.540679
48.486920 94.356063 296.317241
48.376052 94.381197 297.032742
48.191608 94.382943 297.982060
48.725601 94.601508 319.246260
48.606548 94.618944 320.329617
48.500546 94.669892 321.537913
48.377039 94.708051 322.381810
48.204844 94.814165 322.997086
49.528426 94.504783 312.237499
49.433262 94.512787 313.028178
49.343615 94.528068 313.850826
49.259790 94.540350 314.676431
49.146614 94.539932 315.697734
49.017844 94.555699 316.735156
48.913637 94.568184 317.548901
48.820481 94.580056 318.384571
50.264152 94.310039 280.509287
50.103402 94.302099 281.422997
50.362651 94.424995 305.185533
50.241561 94.441419 306.147401
50.068964 94.465438 307.719143
49.956777 94.469753 308.695442
49.865411 94.483258 309.486099
49.772506 94.499256 310.285769
49.676159 94.506568 311.064456
49.627336 94.505553 311.482801
50.926408 94.317410 276.559351
50.774790 94.324851 277.252024
50.676695 94.330226 277.858462
50.552796 94.300503 278.726502
50.413894 94.302971 279.616620
51.121284 94.351383 298.833109
50.785356 94.271687 302.025438
50.691521 94.285399 302.806112
50.575417 94.349479 303.621977
50.463362 94.393288 304.400798
50.994496 94.403218 299.433033
51.041374 94.599232 301.354898
51.133910 94.512565 321.290631
51.094760 94.571354 321.903927
50.864556 94.568529 322.884706
51.319795 94.322316 297.197683
51.221163 94.333915 298.131392
51.969267 94.454720 291.752180
51.939525 94.405237 314.194338
51.853427 94.414983 315.011012
51.806718 94.413717 315.457381
51.709231 94.420254 316.249142
51.609725 94.433897 317.064918
51.509706 94.440236 317.865699
51.411016 94.450380 318.683469
51.286894 94.458692 319.727440
52.220194 94.294721 289.075274
52.691462 94.342648 307.878461
52.644276 94.348180 308.314830
52.555959 94.356412 309.089521
52.436730 94.360199 310.053454
52.242701 94.364201 311.570471
52.119462 94.371243 312.552934
52.029607 94.394795 313.388633
53.322300 94.076614 302.736604
53.170682 94.154452 303.874764
53.054851 94.227092 304.688644
52.952341 94.273531 305.491432
52.858088 94.306269 306.288160
52.813570 94.316899 306.720508
53.579984 94.586965 321.364186
53.531455 94.591795 321.833682
53.437590 94.652050 322.783662
53.298650 94.738973 323.501079
53.921512 94.163892 297.335866
53.875446 94.181099 297.696221
53.741065 94.212253 298.719762
54.357589 94.498137 314.327246
54.266349 94.514038 315.145179
54.180226 94.531036 315.975063
54.095624 94.531144 316.775925
54.047417 94.522487 317.206413
53.953843 94.529992 318.010365
53.853650 94.538096 318.812382
53.755418 94.552691 319.641383
53.663335 94.563986 320.475324
55.184503 94.423927 307.270830
55.074182 94.433122 308.239454
54.962191 94.437516 309.211092
54.872211 94.451029 309.994011
54.780740 94.463841 310.777943
54.687016 94.470059 311.545895
54.565721 94.468305 312.501622
54.448772 94.478438 313.503312
55.859176 94.331160 301.159936
55.735912 94.288400 302.133168
55.657071 94.241543 302.836454
55.569279 94.225846 303.945857
55.479500 94.288224 304.832795
55.371366 94.351617 305.662909
55.274757 94.399415 306.484905
56.339776 94.214794 297.567044
56.224817 94.277930 298.261218
56.179694 94.280695 298.628676
56.104199 94.284330 299.358447
56.011434 94.315455 300.102397
56.756600 94.559000 313.007000
56.712700 94.582300 313.867000
56.695900 94.593800 314.939000
56.622000 94.603900 315.629000
56.567400 94.622800 316.480000
56.540000 94.628400 317.565000
56.485100 94.641700 317.816000
56.408200 94.644600 318.507000
56.353600 94.652800 319.341000
56.332100 94.650100 320.427000
56.256200 94.665000 321.156000
56.192300 94.686300 322.034000
56.120000 94.743500 323.001000
56.728952 94.623467 323.425745
56.598591 94.675932 324.252285
57.504800 94.334100 303.668000
57.367650 94.339750 304.327500
57.257900 94.375500 305.325000
57.250600 94.463700 306.507000
57.127050 94.526450 307.720500
57.046250 94.548950 309.197000
56.952600 94.567400 310.329000
56.888900 94.540950 311.623000
56.802300 94.547000 312.189000
57.561438 94.480278 315.782935
57.474105 94.499531 316.620970
57.387417 94.517981 317.462997
57.340577 94.520481 317.911546
57.250244 94.533842 318.740608
57.153546 94.544217 319.554737
57.050705 94.548012 320.346927
56.951197 94.549003 321.142078
56.866929 94.570019 322.022084
56.822698 94.581077 322.516613
57.802800 94.375500 298.169000
58.392988 94.210036 315.933065
58.368883 94.210288 316.388065
58.314768 94.225347 317.224055
58.254751 94.246411 318.072043
58.199833 94.268188 318.940030
58.145421 94.274446 319.775026
58.090809 94.281709 320.618021
58.027398 94.287360 321.448017
57.968081 94.307640 322.323005
57.936969 94.322993 322.784996
57.860833 94.390182 323.688957
57.702400 94.407200 298.608000
57.669000 94.435400 299.410000
57.617200 94.463700 300.396000
58.361992 94.445868 308.724612
58.321274 94.442782 309.157086
58.238322 94.442309 309.912050
58.147282 94.446636 310.668108
58.048808 94.452265 311.421249
57.956056 94.468060 312.212338
57.845995 94.467433 313.197116
57.738778 94.464202 314.185860
57.651280 94.471792 314.981884
57.839680 94.490187 324.930899
59.152179 94.211234 301.245198
59.048774 94.217398 303.188467
59.037757 94.118148 303.467517
58.956311 94.103058 305.242949
58.861147 94.177779 306.068657
58.804236 94.222144 306.688946
58.949216 94.117801 307.482123
58.896103 94.130135 308.273115
58.831838 94.139932 309.270609
58.734964 94.162238 310.652095
58.671796 94.180007 311.686084
58.611730 94.191179 312.723078
58.559317 94.201926 313.537071
58.499708 94.204454 314.324069
58.442899 94.204886 315.114068
58.449221 94.427158 307.949582
59.863720 94.019511 292.248187
59.656624 93.865543 297.494274
59.609824 94.111341 298.701492
59.529352 94.138582 299.402724
59.368031 93.987908 301.636201
59.299240 93.919626 303.282240
59.203049 93.874333 304.056265
59.988745 94.509466 320.415982
59.933610 94.520543 321.264039
59.881893 94.534230 322.128091
59.852715 94.539387 322.586121
59.808570 94.571509 323.513154
59.770412 94.674923 324.604140
59.673302 94.803213 325.474179
60.046476 93.898635 291.468258
60.096975 94.298548 292.255269
60.796544 94.375193 308.203128
60.744659 94.393946 309.007177
60.689648 94.402985 309.788235
60.633035 94.410624 310.567296
60.565277 94.420438 311.570868
60.500035 94.431661 312.588437
60.447956 94.441716 313.397491
60.400996 94.454381 314.223538
60.350315 94.459035 315.030594
60.300263 94.471504 315.863645
60.274473 94.475256 316.311672
60.222126 94.490527 317.148724
60.165457 94.497188 317.966785
60.110093 94.502750 318.788846
60.050616 94.505107 319.599913
61.537729 94.031006 297.208469
61.538174 94.268167 298.916336
61.505072 94.247361 299.617386
61.431779 94.214411 300.238489
61.329763 94.197749 300.839615
61.212900 94.282036 301.970701
61.034458 94.050773 304.614037
60.980706 94.185041 305.622023
60.905492 94.276128 306.488058
60.846780 94.336116 307.356092
61.754709 94.204500 292.490121
63.997516 94.417436 312.331870
63.918721 94.441193 313.511168
63.896965 94.447239 313.961251
63.849593 94.462840 314.790432
63.797945 94.471642 315.598627
63.744707 94.480843 316.409828
63.688360 94.488944 317.218040
63.636713 94.504542 318.054236
63.588724 94.522540 318.906419
63.563458 94.522487 319.353515
63.512791 94.528586 320.183706
63.456769 94.531586 320.998917
63.400563 94.545883 321.846129
63.342539 94.557480 322.688348
63.292244 94.576274 323.566540
63.269840 94.592316 324.058627
63.217782 94.655703 325.003830
64.797429 94.234659 299.793842
64.664580 94.191992 302.924344
64.572026 94.232495 303.650692
64.474194 94.239080 304.531556
64.397967 94.215909 305.959342
64.357691 94.255781 307.062501
64.295689 94.316076 307.913739
64.234440 94.364073 308.750974
64.170873 94.381676 309.527213
64.118558 94.395580 310.317412
64.073273 94.405784 311.115583
64.023053 94.412088 311.903773
64.839455 94.205788 299.607684
64.849200 94.203924 302.054665
66.394820 94.503512 321.896109
66.339409 94.513799 322.738364
66.291333 94.540967 323.634593
66.241144 94.565535 324.527830
66.182864 94.585512 325.400102
66.059106 94.621636 326.140664
67.131918 94.376110 310.043719
67.073583 94.397216 310.834990
67.017951 94.405431 311.604244
66.994295 94.401574 312.025350
66.951135 94.412274 312.833551
66.907044 94.429569 313.657759
66.864841 94.451656 314.501960
66.817075 94.459556 315.309180
66.754974 94.468375 316.336465
66.688599 94.480591 317.369770
66.633473 94.489389 318.186023
66.581278 94.498183 319.009262
66.529483 94.505178 319.832500
66.477853 94.506875 320.647734
66.419005 94.499182 321.435997
67.767604 94.229845 300.517789
67.710063 94.183835 301.353032
67.620059 94.182178 302.585437
67.548953 94.208098 303.337765
67.430910 94.228207 304.389800
67.341230 94.215437 305.387698
67.325343 94.189783 305.801762
67.323263 94.152711 306.536764
67.304938 94.229841 307.535883
67.251357 94.304308 308.431154
67.221287 94.326062 308.826297
68.745464 94.149004 284.729323
69.517193 94.550625 317.718148
69.168208 94.494877 325.314690
69.093351 94.623499 326.568328
69.040824 94.710612 327.497775
70.304368 94.313958 304.156236
70.159547 94.174172 308.495235
70.086779 94.262627 309.360820
70.033578 94.313890 310.220244
69.982565 94.332599 311.018628
69.934287 94.350804 311.821992
69.883108 94.369209 312.625377
69.830343 94.388011 313.430773
69.781394 94.410103 314.253145
69.731192 94.426600 315.067522
69.707136 94.431483 315.495701
69.684170 94.497865 316.476931
69.620876 94.515900 317.234397
70.543839 94.165351 301.762423
70.471201 94.198762 302.688470
70.412915 94.253538 303.666434
71.898877 94.276638 323.649980
71.809615 94.367598 324.512654
71.752812 94.427886 325.448094
71.736227 94.467948 325.964222
71.680038 94.536138 326.901654
71.643863 94.650561 327.933922
72.736413 94.083762 308.856249
72.671828 94.139917 309.688746
72.617921 94.185976 310.531166
72.562990 94.210422 311.330598
72.511066 94.237172 312.144008
72.460732 94.266627 312.969405
72.434319 94.330725 313.916612
72.400146 94.394814 314.842878
72.348862 94.406182 315.082271
73.106272 94.006253 302.202271
73.044809 94.041301 303.168755
73.022205 94.073757 303.984940
72.959261 94.098564 305.137944
72.890284 94.050613 306.114011
72.802977 94.018007 308.020740
74.298908 94.309429 323.506347
74.222282 94.384794 324.440163
74.160417 94.441272 325.348828
74.107510 94.516829 326.325415
74.072520 94.627248 327.427845
73.959531 94.747165 328.182022
75.158783 94.085968 308.928202
75.080218 94.163172 309.745032
75.010029 94.232173 310.579779
74.961732 94.288765 311.454310
74.914920 94.311880 312.264812
74.883033 94.356773 313.150180
74.726920 94.271438 313.876207
75.884939 94.049201 293.378377
75.434709 94.127857 302.946244
75.404862 94.147326 303.311559
75.338846 94.167373 304.455263
75.203786 94.082744 305.181585
75.403615 94.344657 307.068815
75.305039 94.088095 307.475709
75.224617 94.032164 308.098503
76.167238 94.068006 291.796558
76.071257 94.075494 292.353522
77.594967 94.351164 324.297692
77.516212 94.415686 325.169675
77.467507 94.483122 326.136334
77.425922 94.553032 327.131918
77.341648 94.607228 327.920948
77.214765 94.699381 328.537472
78.360949 94.182387 309.614161
78.319926 94.212353 310.434692
78.272993 94.237137 311.236283
78.231680 94.278579 312.084830
78.180069 94.304061 312.888473
78.132335 94.326237 313.699071
78.089413 94.331536 314.483599
78.042075 94.334733 315.492688
77.988848 94.339931 316.502844
77.945014 94.352006 317.313390
77.940815 94.426100 318.325565
77.843434 94.452889 318.788695
79.193309 94.043945 295.334948
79.086918 94.078614 296.267214
78.663447 94.130130 304.528454
78.598948 94.133627 305.428226
78.556695 94.128485 306.146734
78.513808 94.124938 306.871249
78.469577 94.128270 307.618788
78.452470 94.129107 308.025003
78.405960 94.158497 308.819593
79.216147 94.004705 294.931635
