ply
format ascii 1.0
element vertex 5722
property float x
property float y
property float z
end_header
-46.742500 93.988950 302.110500
-47.171200 94.129300 303.101000
-45.043920 94.128439 303.224557
-45.409464 94.222187 304.097147
-44.252100 94.339200 294.855000
-44.252256 94.069910 301.227475
-44.640152 94.082941 302.155522
-43.200400 94.149600 292.416000
-43.446250 94.005750 293.403500
-43.639650 94.008809 299.874183
-43.934289 94.044524 300.495844
-43.423141 94.223368 304.994434
-42.619100 94.100400 290.904000
-42.917800 94.132400 291.670000
-42.648206 94.183877 296.673387
-42.929557 94.194554 297.478059
-42.598956 94.108272 302.890077
-42.898963 94.131977 303.728836
-43.076676 94.152947 304.216696
-41.649000 94.060900 288.288000
-41.992500 94.077250 289.245500
-42.336500 94.082100 290.165000
-41.786870 94.152867 294.186394
-42.245324 94.114190 295.552846
-41.610746 93.896807 300.538819
-41.935378 93.989298 301.152584
-42.286944 94.071170 302.049323
-41.110650 94.055250 286.812500
-41.384900 94.048300 287.559000
-41.081789 94.116280 292.383716
-41.514931 94.141968 293.476711
-40.853354 94.246495 305.776768
-40.058100 94.035800 283.966000
-40.322300 94.052800 284.686000
-40.579600 94.061500 285.389000
-40.729100 94.057800 285.786000
-40.238197 94.086212 290.147201
-40.509634 94.092311 290.855883
-40.785306 94.104903 291.594562
-40.258403 94.100716 296.562032
-40.631308 94.152589 297.570741
-40.154481 94.088387 303.968138
-40.503681 94.164303 304.855451
-39.396400 94.013600 282.172000
-39.654500 94.027200 282.876000
-39.802700 94.031900 283.286000
-39.297213 94.073824 287.617306
-39.557853 94.080724 288.329001
-39.895827 94.084368 289.239604
-39.257258 94.060456 293.831853
-39.603430 93.915913 302.501185
-39.979991 94.050943 303.505481
-38.524700 94.030200 279.813000
-38.763700 94.026300 280.464000
-39.022750 94.012250 281.173000
-38.643224 94.083522 285.844077
-39.023222 94.079886 286.861130
-38.640406 94.064124 292.217370
-38.911525 94.074476 292.954148
-39.192865 94.108718 293.709926
-37.649200 94.012900 277.409000
-37.898700 94.022000 278.073000
-38.214000 94.030150 278.948500
-37.717824 94.064716 283.386162
-38.108109 94.080922 284.432207
-38.381606 94.076718 285.151384
-37.889925 94.062949 290.151998
-38.220343 94.058867 291.068720
-38.379711 94.063260 291.507588
-37.662367 94.177873 305.552195
-38.033305 94.284420 306.388649
-37.030000 94.005500 275.715000
-37.333550 94.001950 276.544000
-36.994644 94.040179 281.371008
-37.318221 94.054325 282.282630
-37.570851 94.064929 282.985335
-36.892695 94.061085 287.430831
-37.221737 94.057365 288.317054
-37.556710 94.063130 289.238276
-36.933789 94.121027 295.010966
-37.321249 94.171988 296.259183
-36.895986 94.026854 303.503899
-37.301653 94.086534 304.614739
-36.128650 94.010600 273.231500
-36.426900 94.008500 274.053000
-36.726950 94.005600 274.875000
-36.040712 94.031903 278.800128
-36.429651 94.036307 279.850671
-36.678625 94.038922 280.506379
-36.281167 94.038788 285.849833
-36.624607 94.049917 286.731051
-36.193277 94.095019 293.216514
-36.578154 94.134767 294.191228
-35.213600 93.984300 270.757000
-35.519900 93.997400 271.583500
-35.830400 94.010400 272.408000
-35.435560 94.020667 277.145338
-35.798135 94.029788 278.141413
-35.435993 94.043274 283.552542
-35.701072 94.038170 284.304818
-35.947522 94.032659 284.962610
-35.284466 94.053916 290.811407
-35.627647 94.061852 291.744687
-35.905391 94.074793 292.471109
-34.675100 93.970550 269.314500
-34.975500 93.977800 270.134000
-34.647192 94.027727 274.965767
-34.946467 94.024145 275.793414
-35.179021 94.022966 276.433140
-34.433215 94.028432 280.777875
-34.682482 94.035913 281.452669
-34.926341 94.039198 282.118467
-35.071884 94.038406 282.528345
-34.534099 94.044239 288.753986
-34.683678 94.041823 289.168668
-34.945880 94.047281 289.876118
-34.609133 94.334441 306.353745
-34.776211 94.364588 306.775524
-35.142895 94.341062 307.903911
-35.145101 94.475880 307.821101
-33.803700 93.965300 266.937000
-34.042550 93.960600 267.603000
-34.383300 93.966700 268.517000
-33.743108 94.030165 272.518831
-33.978927 94.028491 273.129553
-34.281275 94.028415 273.933697
-33.802152 94.014355 279.034397
-34.046115 94.021538 279.705196
-34.187449 94.021350 280.104078
-33.744300 94.018463 286.635638
-34.010560 94.024334 287.323079
-34.275665 94.035691 288.031527
-33.783279 94.109452 294.948066
-34.011554 94.073498 295.468616
-33.903359 94.170293 304.508624
-34.258874 94.262543 305.447195
-33.015000 93.935600 264.795000
-33.136400 93.944100 265.076000
-33.522100 93.967200 266.154000
-32.894500 93.995310 270.226822
-33.128166 94.008328 270.874550
-33.381391 94.017183 271.573754
-32.928573 93.992270 276.677119
-33.174233 94.003955 277.342918
-33.490702 94.014200 278.199158
-32.939874 94.011233 284.455333
-33.210185 94.010203 285.215261
-33.596264 94.015666 286.241949
-32.913393 94.034353 292.688540
-33.195506 94.051251 293.416053
-33.491215 94.085088 294.193562
-32.866014 94.389364 307.238547
-33.278957 94.479591 308.400905
-32.114700 93.949900 262.241000
-32.344300 93.934100 262.880000
-32.668700 93.941200 263.813000
-32.789600 93.942800 264.135000
-32.192642 93.984897 268.313145
-32.592787 93.983889 269.411674
-32.258573 93.997693 274.825681
-32.556617 93.995453 275.655431
-32.691133 93.989175 276.033316
-32.053229 94.002287 282.031201
-32.320306 93.999586 282.751135
-32.690894 94.002564 283.758853
-32.153767 94.025026 290.645890
-32.488648 94.023456 291.553288
-32.759250 94.031463 292.275813
-32.109958 94.100275 299.795357
-32.593516 94.280165 301.029352
-32.146717 94.209886 305.339614
-32.502347 94.289151 306.257064
-31.648900 10.315600 266.955000
-31.803000 10.224400 267.201000
-31.311433 10.798867 266.028333
-31.544700 10.454400 266.670000
-31.371100 93.933000 260.345000
-31.650800 93.947700 261.061000
-31.907900 93.953000 261.662000
-31.292061 93.994534 265.867707
-31.621355 93.990284 266.753819
-31.954872 93.992230 267.658927
-31.439830 93.999759 272.566367
-31.738108 94.001127 273.375118
-31.967645 94.004525 274.014927
-31.491788 94.010626 280.549393
-31.803267 94.004082 281.388730
-31.310303 94.022700 288.358398
-31.559496 94.016178 289.022944
-31.818449 94.019318 289.719484
-31.227103 94.227657 297.407936
-31.487280 94.266490 297.890580
-31.638050 94.102430 303.879414
-31.978973 94.179080 304.889889
-31.108400 11.149200 265.502000
-30.775050 11.905000 264.587500
-30.954433 11.476800 265.079333
-30.511300 12.679400 263.879000
-30.629000 12.326600 264.188000
-30.438800 12.929100 263.685000
-30.483325 25.908975 263.808500
-30.614200 26.346100 264.168000
-30.747550 26.678400 264.560500
-30.881500 26.960300 264.853000
-30.610500 93.936200 258.202000
-30.871350 93.941300 258.917000
-31.127000 93.938200 259.594000
-30.583000 93.977173 263.951537
-30.709213 93.974075 264.302388
-31.046685 93.986919 265.209994
-30.558363 94.013524 270.215110
-30.861140 94.024692 271.020361
-31.155884 94.017276 271.790612
-30.550379 93.989209 277.954368
-30.860234 93.992508 278.805216
-31.173403 93.997103 279.662057
-30.493829 94.013027 286.149849
-30.643898 94.018403 286.576587
-31.035968 94.029968 287.614397
-30.419669 94.224157 294.993206
-30.571159 94.229091 295.426974
-30.904330 94.233330 296.446954
-30.412862 94.201076 300.614183
-30.772664 94.286860 301.565640
-31.049112 94.316187 302.209136
-30.083511 8.796753 268.422440
-29.777582 9.068246 267.595859
-30.297867 13.374033 263.326667
-30.148250 13.969225 262.942000
-29.938000 15.097500 262.355000
-30.006275 14.667150 262.542000
-29.850475 15.666150 262.136500
-29.758025 16.411675 261.899250
-29.650300 17.545000 261.587000
-29.687500 17.107425 261.688250
-29.630533 17.956567 261.533667
-29.606067 18.665867 261.473000
-29.631920 20.390740 261.495200
-29.655900 20.930900 261.574000
-29.676267 21.292833 261.641000
-29.738100 22.018240 261.813800
-29.838275 22.841600 262.070750
-29.933400 23.404800 262.305500
-29.994100 23.770850 262.452000
-30.105725 24.330025 262.738500
-30.245700 24.909350 263.124500
-30.325300 25.236200 263.320000
-29.831100 93.960450 256.173500
-30.179050 93.948350 257.045500
-30.399800 93.929700 257.614000
-29.872197 93.954179 261.958869
-30.156113 93.962002 262.777036
-30.366385 93.970942 263.345791
-29.725647 93.966999 267.938788
-29.958585 93.982798 268.577599
-30.207918 93.996372 269.269396
-29.706713 93.980796 275.614145
-29.939811 93.986894 276.272657
-30.245639 93.995388 277.133516
-29.846407 93.972877 284.364964
-30.238933 93.998711 285.431290
-29.851733 94.192225 293.527058
-30.132184 94.204307 294.249632
-29.944941 94.122502 299.412967
-30.248510 94.153674 300.162412
-29.492324 9.397013 266.821267
-28.977054 10.247409 265.454060
-29.264371 9.743474 266.218611
-28.900126 10.404170 265.238185
-29.595900 18.961750 261.452500
-29.595467 19.671833 261.444000
-28.924666 28.224066 265.089066
-29.146039 28.665426 265.709902
-29.286322 28.955753 266.163301
-29.481967 29.209477 266.589626
-29.373400 93.985100 254.799000
-29.585500 93.966100 255.524000
-28.850093 93.970706 259.196575
-29.061355 93.972147 259.757326
-29.279846 93.981882 260.342072
-29.539629 93.965383 261.051262
-29.030214 93.948941 266.053362
-29.268429 93.953675 266.726165
-29.496145 93.962884 267.339978
-28.862296 93.984705 273.389933
-29.099721 93.987525 274.014433
-29.398346 93.979468 274.804796
-28.993800 93.953046 282.083969
-29.308530 93.947694 282.935899
-29.567967 93.957945 283.622446
-28.921029 94.179502 290.943510
-29.180748 94.183016 291.648105
-29.436184 94.187117 292.362707
-29.587981 94.184641 292.802464
-28.804399 94.248059 296.262624
-29.184883 94.242837 297.214823
-29.425761 94.225596 297.805284
-28.053960 7.973076 269.068574
-28.678456 10.926108 264.624227
-28.379089 11.780707 263.795100
-28.522355 11.351412 264.194837
-28.142713 12.557607 263.139548
-28.243113 12.208882 263.401354
-28.060989 12.894963 262.944219
-28.009209 25.448284 262.663534
-28.135011 25.941665 262.997994
-28.383295 26.810182 263.662792
-28.661239 27.612290 264.417241
-28.096523 93.969473 257.185461
-28.416990 93.983480 258.046587
-28.732818 93.983095 258.876715
-28.095933 93.950068 263.449144
-28.434121 93.950424 264.390361
-28.708120 93.949210 265.164632
-28.191146 93.961610 271.553835
-28.488028 93.969386 272.369713
-28.727305 93.983990 273.017218
-28.194285 93.956171 279.961904
-28.438681 93.963652 280.625475
-28.685521 93.962464 281.260032
-28.247261 94.169988 289.138561
-28.586298 94.177892 290.042537
-28.102587 94.241822 294.387062
-28.367550 94.241215 295.088512
-28.640068 94.248345 295.815965
-27.242227 8.775620 266.936576
-27.444982 8.507676 267.481299
-27.729674 8.176577 268.262927
-27.948540 13.340662 262.655615
-27.794362 14.110367 262.218799
-27.878675 13.679555 262.439105
-27.667688 14.809031 261.908101
-27.525051 15.753813 261.530476
-27.589229 15.323915 261.699807
-27.449954 16.372118 261.339450
-27.395566 17.156913 261.174237
-27.357327 18.033726 261.051074
-27.344082 18.826811 260.993114
-27.339882 19.621770 260.957043
-27.366263 20.424301 261.025688
-27.402107 21.228903 261.122522
-27.469065 22.010612 261.276415
-27.553411 22.771996 261.475483
-27.659249 23.590581 261.756138
-27.812322 24.428186 262.119542
-27.897112 24.890678 262.320543
-27.947333 25.168387 262.468545
-27.335555 29.869227 266.753988
-27.294313 93.996312 254.883411
-27.509354 93.962578 255.558650
-27.770593 93.961119 256.312843
-27.980697 93.968653 256.909597
-27.331037 93.932425 261.309777
-27.598983 93.919886 262.024547
-27.813798 93.932699 262.636373
-27.366770 93.940781 269.304564
-27.658448 93.948010 270.118452
-27.888254 93.951138 270.733968
-27.219053 93.946806 277.164640
-27.527965 93.956089 278.032097
-27.826080 93.959872 278.901568
-27.968921 93.957866 279.314310
-27.329818 94.154414 286.656989
-27.585402 94.158861 287.339591
-27.913437 94.164620 288.242581
-27.416104 94.240939 292.572482
-27.680124 94.237879 293.253928
-27.947102 94.241655 293.962384
-26.902077 9.355070 266.028094
-27.108806 9.000496 266.562278
-26.541239 10.123722 265.052038
-26.751691 9.629811 265.624330
-26.475031 28.278642 264.641068
-26.652476 28.698533 265.076089
-26.832724 29.041215 265.533076
-26.998006 29.352804 265.977563
-27.168204 29.664485 266.441046
-26.503196 93.944845 259.169474
-26.624067 93.936591 259.494370
-26.940457 93.934598 260.319104
-26.495423 93.941303 266.995906
-26.737817 93.944050 267.652895
-27.073756 93.937132 268.520680
-26.596004 93.936434 275.526745
-26.904924 93.940623 276.343196
-26.424883 94.125226 284.183377
-26.797137 94.131570 285.192797
-27.180852 94.149659 286.238217
-26.592644 94.236372 290.338176
-26.745937 94.241133 290.765870
-27.084873 94.249828 291.693688
-26.532200 94.348500 308.429000
-26.604200 94.262000 308.930000
-26.146190 11.159477 263.961452
-26.312649 10.700996 264.414462
-26.027274 11.556290 263.653045
-25.789307 12.446806 263.001769
-25.893388 12.019697 263.285010
-25.645423 13.056133 262.652635
-25.627667 25.290713 262.381574
-25.661082 25.475468 262.476620
-25.771426 25.985829 262.771067
-25.896287 26.515630 263.081342
-26.025496 26.925321 263.416399
-26.166554 27.391074 263.796969
-26.345047 27.901866 264.269025
-25.773281 93.939708 257.123082
-26.087527 93.951490 258.011324
-26.303535 93.949604 258.618643
-25.819234 93.928838 265.116826
-26.160124 93.928305 266.078605
-25.755448 93.926520 273.272239
-26.055320 93.931060 274.090207
-26.359186 93.935003 274.905167
-25.709414 94.100242 282.191471
-26.034347 94.118207 283.090984
-26.282946 94.128844 283.781606
-25.670340 94.221238 287.844050
-25.818629 94.224705 288.269751
-26.074576 94.230218 288.963234
-26.330267 94.226493 289.630696
-25.788900 94.173500 306.226000
-25.929500 94.179800 306.676000
-26.211500 94.231300 307.504000
-25.062022 7.940895 268.620436
-25.353720 7.714089 269.374665
-24.820911 8.193869 267.998118
-25.541414 13.564434 262.366926
-25.574961 13.394590 262.461830
-25.462109 13.999365 262.142918
-25.344551 14.780370 261.823980
-25.210280 15.735457 261.473827
-25.275647 15.296873 261.652846
-25.138062 16.429330 261.264167
-25.085740 17.212787 261.111976
-25.054029 18.000422 261.014869
-25.040686 18.793051 260.973850
-25.036230 19.586451 260.952523
-25.056740 20.384923 260.986277
-25.094837 21.186416 261.074118
-25.146300 21.990083 261.192448
-25.230133 22.805364 261.385906
-25.302099 23.353760 261.548567
-25.364563 23.808663 261.720531
-25.464741 24.424468 261.991362
-25.576652 25.015677 262.247506
-25.179670 30.809514 268.435412
-25.356519 94.030958 255.954468
-25.530025 93.966073 256.454296
-24.821186 93.929845 262.359436
-24.944731 93.923977 262.711171
-25.268513 93.925865 263.574988
-25.501364 93.928312 264.234997
-24.901102 93.951334 270.906797
-25.178438 93.930712 271.653277
-25.462075 93.923277 272.453761
-25.092547 94.099628 280.479445
-25.393022 94.092040 281.315959
-25.007860 94.199240 286.033369
-25.282730 94.203461 286.785810
-24.827700 94.152500 303.115000
-25.064400 94.153200 303.873000
-25.305300 94.163600 304.666000
-25.545500 94.169000 305.448000
-24.478353 8.681239 267.116174
-24.567427 8.530915 267.355883
-24.103543 9.370340 266.140435
-24.272306 9.035489 266.583850
-24.173570 29.306654 265.974850
-24.507663 29.947752 266.844580
-24.784519 30.384300 267.562292
-24.120544 93.924821 260.501413
-24.402513 93.934103 261.240324
-24.610973 93.926583 261.787878
-24.004053 93.913914 268.494362
-24.250687 93.924921 269.178932
-24.602985 93.945808 270.119325
-24.184799 94.119119 278.020908
-24.439448 94.114151 278.713498
-24.789192 94.107597 279.655936
-24.010568 94.179160 283.353387
-24.429505 94.183784 284.473531
-24.756423 94.191514 285.344872
-24.209200 94.115000 301.058000
-24.454900 94.141700 301.880000
-24.695800 94.157300 302.678000
-24.191333 94.222197 307.732155
-23.757887 10.139163 265.217188
-23.941842 9.708129 265.726006
-23.480626 10.920211 264.455139
-23.607683 10.557844 264.804291
-23.250749 11.698684 263.838821
-23.360590 11.336858 264.133343
-23.288943 26.833769 263.706037
-23.520505 27.606479 264.311074
-23.691981 28.101380 264.729048
-23.842799 28.507314 265.117339
-23.990283 28.894992 265.491957
-23.315796 93.930149 258.309618
-23.501651 93.920735 258.855219
-23.730757 93.917997 259.494733
-23.228307 93.922252 266.353760
-23.431457 93.913533 266.939387
-23.669118 93.907335 267.586454
-23.312033 94.085177 275.717238
-23.626176 94.101126 276.560265
-23.941381 94.111808 277.380282
-23.245903 94.176262 281.211963
-23.551215 94.178152 282.080836
-23.865842 94.183024 282.956696
-23.273300 94.108900 297.898000
-23.558000 94.098800 298.824500
-23.841700 94.092500 299.787000
-23.972700 94.094200 300.255000
-23.260846 94.175787 304.611239
-23.499183 94.184873 305.404961
-23.635047 94.186446 305.882801
-23.872707 94.196828 306.695524
-22.609907 7.821700 270.170702
-23.183769 11.949423 263.656133
-23.079963 12.376459 263.382393
-22.908903 13.156750 262.946336
-22.692916 14.370208 262.376818
-22.741789 14.026638 262.511481
-22.644920 14.802589 262.237214
-22.546647 15.582641 261.967152
-22.458727 16.367496 261.740172
-22.413002 17.416559 261.590482
-22.424164 16.978437 261.643494
-22.407169 17.767781 261.560233
-22.404362 20.680958 261.521721
-22.418919 21.037031 261.556933
-22.441251 21.483435 261.617689
-22.475655 22.018877 261.690731
-22.560885 22.878993 261.858886
-22.664902 23.650655 262.100941
-22.745374 24.195051 262.299391
-22.821703 24.581309 262.482993
-22.931288 25.222346 262.773697
-23.032911 25.776165 263.063859
-23.128824 26.171442 263.309592
-22.465985 30.622365 269.298928
-22.660359 93.985035 256.495040
-22.874429 93.954392 257.073567
-23.116639 93.934666 257.764042
-22.459695 93.936005 264.287152
-22.786979 93.933348 265.140563
-23.019874 93.928161 265.778140
-22.506813 94.101497 273.496534
-22.730148 94.093385 274.087169
-22.968523 94.081391 274.766275
-22.694012 94.172867 279.730098
-23.000762 94.172926 280.569463
-22.574100 94.070700 295.620000
-22.804700 94.088300 296.396000
-23.041800 94.108400 297.175000
-22.645493 94.159527 302.616959
-22.954482 94.172755 303.624099
-22.443374 94.343598 309.433057
-22.008400 8.542539 268.593584
-22.326662 8.142887 269.421568
-21.687100 9.038322 267.782714
-21.805099 8.806779 268.101244
-22.387821 18.204973 261.505405
-22.361793 18.818078 261.433294
-22.355060 19.612245 261.411098
-22.382961 20.323901 261.466190
-21.665929 29.497830 267.408605
-21.758829 29.680426 267.654643
-22.021466 30.114798 268.321657
-22.211039 30.381586 268.815616
-21.688175 93.911019 262.166506
-21.899451 93.922086 262.763140
-22.225133 93.933901 263.641070
-21.792811 94.083808 271.577137
-22.142859 94.099507 272.518106
-22.370450 94.101446 273.141749
-21.784617 94.175225 277.237986
-22.025539 94.180283 277.871499
-22.327281 94.182153 278.706879
-21.877600 94.077700 293.359000
-22.006300 94.077500 293.771000
-22.290150 94.074800 294.693000
-21.696772 94.118059 299.551066
-21.915706 94.107366 300.259806
-22.150405 94.116760 301.021532
-22.397456 94.140143 301.825247
-21.620235 94.167115 306.800674
-21.861843 94.189630 307.640481
-22.134092 94.242023 308.522274
-21.453297 9.473114 267.203618
-21.113651 10.232539 266.293075
-21.292903 9.818831 266.774958
-20.934519 10.676575 265.835558
-20.880368 27.567064 265.407855
-20.966493 27.844547 265.623011
-21.154330 28.372647 266.106598
-21.450863 29.064662 266.874173
-20.820110 93.933688 259.846086
-21.047480 93.936270 260.468682
-21.365083 93.928815 261.278104
-21.568324 93.915363 261.803725
-20.878706 94.075396 269.087069
-21.212382 94.076111 269.985043
-21.541954 94.071028 270.882015
-20.935136 94.152196 274.947690
-21.165893 94.160918 275.597233
-21.471516 94.167360 276.423116
-20.880300 94.048100 290.010000
-21.114700 94.052750 290.781000
-21.444900 94.067100 291.880000
-21.572400 94.072600 292.328000
-20.979788 94.118697 297.188910
-21.222511 94.124875 298.013625
-21.564562 94.125576 299.117223
-20.885567 94.165448 304.332287
-21.187996 94.167492 305.321535
-21.484133 94.166234 306.320787
-20.678463 11.452103 265.152717
-20.435777 12.403218 264.483314
-20.228295 13.358432 263.957652
-20.310535 12.997385 264.155102
-20.129949 13.958560 263.692199
-20.039591 14.567476 263.435841
-20.002522 23.501678 263.180887
-20.043384 23.782408 263.277127
-20.148416 24.426120 263.514658
-20.290586 25.171842 263.848236
-20.369954 25.549580 264.060516
-20.469687 26.017114 264.315860
-20.606172 26.593831 264.664759
-20.696680 26.969699 264.936517
-20.770844 27.250243 265.144698
-20.177007 93.921749 258.094724
-20.390609 93.909725 258.681828
-20.604549 93.919813 259.258457
-20.191605 94.083810 267.195167
-20.315250 94.072980 267.539956
-20.639546 94.070873 268.419941
-20.101855 94.143942 272.751397
-20.317537 94.128258 273.319913
-20.620647 94.132822 274.115296
-20.181050 94.052250 287.738500
-20.461800 94.066600 288.665000
-20.668900 94.057700 289.339000
-20.188255 94.108012 294.532838
-20.467286 94.110755 295.491511
-20.756110 94.114297 296.445172
-20.141120 94.123222 302.017893
-20.384773 94.137563 302.794695
-20.637933 94.157299 303.577491
-19.843080 8.782385 271.571900
-19.275820 9.426242 270.162723
-19.501467 9.163005 270.710488
-19.954408 15.177368 263.198675
-19.976365 15.004892 263.260443
-19.904180 15.609434 263.064747
-19.838258 16.392344 262.878240
-19.774522 17.180944 262.713235
-19.731459 17.968314 262.577992
-19.718934 18.759449 262.524348
-19.727054 19.556128 262.550373
-19.743854 20.442099 262.571733
-19.784410 21.217938 262.651060
-19.845917 21.968333 262.795705
-19.920711 22.777520 262.969224
-19.981969 23.320444 263.127721
-19.249778 29.525559 269.864706
-19.368450 29.700552 270.194771
-19.568060 29.921017 270.666772
-19.885314 93.923438 257.291749
-19.469293 94.055822 265.207768
-19.855292 94.077075 266.242689
-19.984157 94.083628 266.597494
-19.313814 94.144849 270.525030
-19.768009 94.161027 271.768128
-19.977483 94.157543 272.379686
-19.405550 94.005200 285.182500
-19.677500 94.010800 286.071000
-19.898300 94.028200 286.791000
-19.397424 94.096507 291.962766
-19.622441 94.096318 292.656501
-19.745308 94.091610 293.053355
-19.971190 94.103709 293.799092
-19.201945 94.104485 298.829671
-19.331110 94.106985 299.264564
-19.675056 94.114315 300.392279
-19.914266 94.113678 301.240079
-19.285065 94.186192 308.311462
-19.541304 94.227414 309.220949
-19.860343 94.355663 310.215362
-19.172738 9.565461 269.898087
-18.890438 10.020931 269.189189
-18.552472 10.703906 268.319956
-18.435402 27.855091 267.775588
-18.494593 28.040557 267.926761
-18.674177 28.444097 268.351059
-18.997653 29.083132 269.191134
-18.642225 94.059793 262.990581
-18.907261 94.048486 263.708646
-19.180535 94.044544 264.448708
-18.613256 94.149966 268.626492
-18.899453 94.155698 269.415913
-19.181868 94.146319 270.167306
-18.416600 94.002200 281.876000
-18.623200 94.009800 282.554000
-18.884000 94.015700 283.445500
-19.143100 94.008300 284.306000
-18.610512 94.074799 289.410687
-18.828362 94.083905 290.130432
-18.950853 94.084793 290.547288
-19.173084 94.090001 291.251028
-18.517028 94.103489 296.660243
-18.746450 94.111847 297.401055
-18.969916 94.097331 298.079862
-18.419473 94.145543 305.443262
-18.660080 94.158441 306.246763
-18.897775 94.166943 307.045267
-19.039562 94.172394 307.509971
-17.722528 10.168885 271.534805
-18.122576 9.769410 272.486037
-18.387486 11.120215 267.894567
-18.109572 11.984237 267.169250
-18.238683 11.569227 267.515698
-17.943686 12.514787 266.749943
-17.730394 13.296187 266.183989
-17.854665 12.850156 266.510900
-17.628733 13.808278 265.915137
-17.619048 24.771202 265.630437
-17.704536 25.235257 265.888721
-17.841899 25.896593 266.254706
-17.939433 26.281073 266.493105
-18.076465 26.763762 266.839084
-18.217606 27.246192 267.191055
-18.308843 27.528946 267.448818
-17.649550 28.844993 271.134889
-17.762624 29.006060 271.394034
-17.683709 94.058191 260.398093
-17.987168 94.049117 261.224101
-18.303755 94.050517 262.066102
-17.630430 94.156427 265.927542
-17.898262 94.144338 266.663459
-18.169726 94.135613 267.414377
-18.390266 94.139667 268.008930
-17.675500 93.974300 279.475000
-17.940050 93.980950 280.329500
-18.206500 93.990500 281.189000
-17.637728 94.053565 286.203826
-17.851952 94.062076 286.901576
-18.062896 94.071384 287.616330
-18.288703 94.074028 288.385565
-17.836292 94.107049 294.348814
-17.962324 94.099265 294.746705
-18.171530 94.096834 295.470529
-18.388669 94.104485 296.232351
-17.667095 94.129377 303.003840
-17.801319 94.127949 303.439556
-18.042266 94.137566 304.215053
-18.285406 94.145084 304.987545
-17.132977 11.083499 270.074678
-17.373665 10.650819 270.688328
-16.871642 11.686328 269.357470
-17.538830 14.253544 265.678420
-17.458257 14.769045 265.429289
-17.336730 15.636100 265.123730
-17.241557 16.427734 264.893520
-17.186711 17.213676 264.712239
-17.146744 18.003187 264.580439
-17.125060 18.797391 264.506217
-17.120396 19.594893 264.478772
-17.155848 20.399243 264.548474
-17.183629 21.203281 264.614988
-17.228916 21.921045 264.718200
-17.266004 22.373862 264.821544
-17.319607 22.832015 264.948369
-17.420025 23.567033 265.194768
-17.526798 24.298242 265.428902
-16.836872 27.180443 269.060657
-16.936335 27.461848 269.326113
-17.113343 27.886169 269.790244
-17.211733 28.170439 270.092209
-17.458668 28.593781 270.689694
-17.127324 94.097063 258.857028
-17.362267 94.074201 259.549624
-17.565297 94.063890 260.074289
-16.851731 94.152644 263.866145
-17.067047 94.158027 264.448712
-17.395575 94.160101 265.301037
-16.979200 93.975000 277.128000
-17.238550 93.980850 277.973000
-17.477700 93.966200 278.798000
-16.891535 94.038728 283.751700
-17.100169 94.051938 284.457458
-17.367490 94.050453 285.323143
-16.822809 94.071277 291.034647
-16.944669 94.073180 291.464546
-17.161903 94.090036 292.217371
-17.449594 94.106102 293.157637
-16.961890 94.114380 300.740320
-17.197884 94.120415 301.490825
-17.433772 94.124351 302.239330
-16.835299 94.229546 310.197690
-17.108105 94.316216 311.131299
-17.383107 94.400423 311.673900
-16.574905 12.547393 268.564444
-16.679231 12.214867 268.834779
-16.313893 13.504999 267.942071
-16.414497 13.079650 268.187028
-16.190207 14.032339 267.607567
-16.024792 14.894178 267.128937
-16.080184 14.549854 267.304012
-16.003760 23.923203 266.939720
-16.066562 24.290592 267.095121
-16.134847 24.661052 267.290184
-16.237262 25.135351 267.537088
-16.365333 25.704735 267.872662
-16.511794 26.196361 268.260015
-16.652260 26.671159 268.602841
-16.774482 26.993552 268.892346
-16.185738 94.154768 262.046529
-16.413981 94.158854 262.690566
-16.730637 94.158455 263.532410
-16.078000 93.956100 274.180000
-16.281100 93.972300 274.838000
-16.478900 93.973800 275.468000
-16.728200 93.974150 276.321500
-16.103601 94.026683 281.136624
-16.368863 94.030800 281.994313
-16.633590 94.036065 282.865003
-16.259876 94.054119 289.209110
-16.495015 94.060917 289.970917
-16.131745 94.070544 297.989043
-16.361663 94.082072 298.750565
-16.659750 94.095435 299.733445
-16.176718 94.152551 308.052783
-16.425350 94.163484 308.847350
-16.690504 94.197541 309.705913
-15.980719 15.151351 266.996133
-15.900902 15.599931 266.810354
-15.799868 16.382720 266.568204
-15.726253 17.170972 266.375411
-15.749623 16.907824 266.435744
-15.680094 17.971166 266.246789
-15.648315 18.764533 266.135321
-15.644416 19.563252 266.105008
-15.651391 20.334702 266.104008
-15.703703 21.221213 266.215735
-15.754582 21.814490 266.349275
-15.788724 22.177247 266.428558
-15.852752 22.812539 266.588420
-15.922800 23.448525 266.767271
-15.265015 94.185766 259.538508
-15.557524 94.162683 260.312348
-15.878923 94.155375 261.200166
-15.286400 93.971700 271.630000
-15.528950 93.962900 272.410500
-15.829150 93.951600 273.372000
-15.393925 94.024418 278.781959
-15.657099 94.037634 279.649152
-15.852856 94.033360 280.291921
-15.304790 94.036990 286.006902
-15.573947 94.044826 286.909180
-15.843711 94.052658 287.818458
-15.968371 94.054061 288.248354
-15.352721 94.092165 295.429703
-15.571747 94.091425 296.149240
-15.849185 94.078988 297.064145
-15.320127 94.138222 305.279300
-15.558329 94.145076 306.057881
-15.695440 94.147829 306.508639
-15.935234 94.150988 307.283213
-14.435000 93.949000 268.755000
-14.623000 93.948000 269.433000
-14.818600 93.958300 270.062000
-15.100300 93.970600 271.012000
-14.445898 94.027511 275.662574
-14.707608 94.032289 276.475767
-14.950727 94.024467 277.298980
-15.137963 94.016899 277.924758
-14.577182 94.043994 283.608513
-14.832791 94.033404 284.456795
-15.095101 94.026512 285.306073
-14.537530 94.047044 292.798394
-14.760212 94.048317 293.496925
-14.994298 94.067656 294.242443
-15.121913 94.076433 294.673180
-14.482228 94.114489 302.502773
-14.715961 94.114887 303.244355
-15.019445 94.128354 304.261827
-14.427453 94.709805 313.186319
-13.602400 93.934300 266.039000
-13.776800 93.932200 266.555000
-14.060750 93.962900 267.525000
-14.256000 93.965100 268.196000
-13.743346 94.017622 273.413398
-13.986662 94.005410 274.192610
-14.240944 94.017685 275.023813
-13.649901 94.022010 280.532280
-13.853537 94.021013 281.173109
-14.115631 94.034157 282.057895
-14.377629 94.044898 282.947681
-13.728570 94.066464 290.104116
-13.996848 94.065183 291.013548
-14.205321 94.061762 291.708106
-14.325164 94.050863 292.106845
-13.646129 94.070552 299.730220
-13.891040 94.094502 300.510808
-14.121319 94.104074 301.276407
-14.350951 94.118414 302.070012
-13.773550 94.368868 310.975860
-14.112393 94.524214 311.920548
-12.901700 93.930100 263.674500
-13.128000 93.928300 264.434000
-13.313300 93.936900 265.058000
-13.513200 93.933700 265.866000
-12.953921 93.964883 270.770315
-13.244090 93.990868 271.757980
-13.449524 94.003529 272.463741
-12.944723 94.009193 278.174864
-13.140094 94.020583 278.853706
-13.390704 94.021194 279.700496
-12.968762 94.053391 287.603212
-13.235280 94.049580 288.484146
-13.451596 94.061044 289.197697
-12.853506 94.070638 297.103639
-13.074154 94.077032 297.852251
-13.355466 94.075228 298.804746
-13.011589 94.299491 308.397463
-13.441758 94.318923 309.855312
-12.059600 93.938400 260.852000
-12.339950 93.940300 261.869500
-12.608550 93.937650 262.756500
-12.171370 94.001883 268.176244
-12.490527 93.979504 269.203863
-12.684136 93.963780 269.849632
-12.183827 94.010272 275.731501
-12.437037 94.004556 276.521287
-12.693469 94.005829 277.334573
-12.220385 94.037440 285.140281
-12.486292 94.032548 285.992716
-12.701083 94.045521 286.694271
-12.049806 94.047910 294.493052
-12.387492 94.055801 295.568456
-12.725235 94.068158 296.674865
-12.023817 94.267811 305.239477
-12.274202 94.290382 306.045114
-12.520748 94.303487 306.827744
-12.651922 94.297038 307.253528
-11.257400 93.906800 258.393000
-11.429600 93.913500 258.989000
-11.601300 93.917800 259.465000
-11.835150 93.937200 260.188500
-11.288593 94.011909 265.310284
-11.517496 93.997162 266.036012
-11.742417 93.979512 266.777743
-11.928933 93.990848 267.383526
-11.252212 93.999731 272.673276
-11.361121 93.999461 273.042185
-11.646491 93.998987 273.961446
-11.938077 94.003704 274.897704
-11.227514 94.032523 281.901375
-11.482855 94.032673 282.769336
-11.736056 94.026936 283.619297
-11.949294 94.037027 284.295854
-11.278776 94.050369 291.973434
-11.495751 94.053509 292.682050
-11.706761 94.043788 293.356661
-11.924148 94.045020 294.072273
-11.424748 94.252248 303.245401
-11.721749 94.263116 304.252447
-11.242030 94.335740 309.241489
-11.485272 94.357026 310.075037
-11.630758 94.373975 310.593776
-11.902774 94.429367 311.507344
-10.401900 93.924600 255.428000
-10.665950 93.930100 256.386500
-10.917200 93.923300 257.145000
-11.153900 93.911200 257.929000
-10.557744 93.982520 262.855137
-10.833953 94.000527 263.750816
-11.068583 94.007537 264.666042
-10.690185 93.969569 270.856734
-10.883534 93.985718 271.389578
-11.067080 93.994121 272.039428
-10.498141 94.003816 279.512896
-10.703253 94.013117 280.177469
-10.962410 94.018978 281.028926
-10.460311 94.029210 289.215375
-10.721128 94.025022 290.115404
-10.937659 94.041529 290.853035
-11.156445 94.050263 291.566653
-10.601842 94.230475 300.536669
-10.828191 94.226669 301.261306
-11.056599 94.231612 302.020952
-11.190703 94.238438 302.463750
-10.504632 94.306518 306.894946
-10.745543 94.312549 307.667462
-10.992856 94.320279 308.439968
-10.245250 93.959750 255.001500
-9.798266 93.990942 260.369532
-10.023113 93.987647 261.088767
-10.246950 93.976603 261.800502
-9.743846 93.988220 267.702532
-9.929419 93.984156 268.268376
-10.267976 93.988014 269.290094
-9.607412 94.004221 276.575777
-9.806004 94.013829 277.231364
-10.057168 94.014255 278.062834
-10.304346 94.013177 278.901312
-9.667739 94.063410 286.666332
-9.932333 94.058766 287.525853
-10.194768 94.040556 288.355363
-9.810757 94.228890 297.899915
-10.090488 94.231975 298.863978
-10.375591 94.230583 299.811026
-9.668280 94.300674 304.184661
-9.896672 94.304729 304.948199
-10.201266 94.309558 305.928080
-8.912370 18.804237 268.981366
-8.910584 19.279436 269.033159
-8.955297 93.972491 257.599020
-9.134770 93.980917 258.253811
-9.316807 93.989719 258.792598
-9.577597 93.990541 259.632292
-8.822046 93.974243 264.602297
-9.016336 93.974097 265.247135
-9.290551 93.994529 266.155914
-9.526660 93.995267 266.942217
-8.811480 94.005579 273.967459
-9.051249 93.998838 274.755448
-9.354834 94.000483 275.761808
-8.918187 94.016467 284.142621
-9.180145 94.032207 285.062170
-9.451393 94.051250 285.975706
-9.024695 94.229292 295.341157
-9.360502 94.236403 296.415137
-9.593291 94.225107 297.166253
-8.843352 94.282410 301.439324
-9.082840 94.293469 302.199854
-9.313488 94.294873 302.942381
-9.538111 94.301995 303.719933
-8.384111 93.986294 255.742695
-8.583075 93.973318 256.392958
-8.786144 93.970641 257.045218
-8.007423 93.963466 261.950974
-8.280762 93.978710 262.830252
-8.466275 93.971278 263.443594
-8.641460 93.971411 264.022447
-8.148401 94.011734 271.760864
-8.385832 94.009039 272.553861
-8.622561 94.004146 273.345857
-8.200808 94.025393 281.816915
-8.458019 94.015852 282.630944
-8.719170 94.012185 283.466972
-8.021915 94.203662 292.081704
-8.348628 94.217671 293.158708
-8.579501 94.211992 293.898835
-8.798139 94.217701 294.614498
-8.027070 94.263466 298.811967
-8.249877 94.264818 299.534509
-8.480648 94.275498 300.287057
-8.714481 94.280120 301.021585
-7.360179 93.990604 259.803526
-7.570023 93.978527 260.515346
-7.828751 93.961327 261.388123
-7.383975 94.007686 269.297476
-7.647534 94.000229 270.174914
-7.852337 93.996531 270.836479
-7.292576 94.019193 278.852534
-7.492867 94.029692 279.513187
-7.738134 94.027971 280.357246
-7.996629 94.020389 281.162275
-7.388899 94.216643 289.959222
-7.701703 94.220308 291.000233
-7.820258 94.213579 291.414036
-7.330106 94.268792 296.526420
-7.454186 94.262971 296.949150
-7.678581 94.266037 297.665693
-7.904124 94.273049 298.405244
-6.604933 93.960302 257.309146
-6.782835 93.957627 257.907996
-7.048510 93.976030 258.769781
-6.589575 93.993715 266.658644
-6.912579 93.989283 267.698459
-7.106166 93.990394 268.352051
-6.583415 93.997000 276.541778
-6.787970 94.008219 277.182424
-6.987111 94.013348 277.816074
-7.185505 94.020545 278.478727
-6.412342 94.196591 286.745235
-6.680435 94.200354 287.622317
-6.955044 94.208702 288.508395
-7.164462 94.216632 289.211076
-6.461004 94.262337 293.696202
-6.791939 94.272547 294.767042
-7.119532 94.273302 295.818866
-6.237809 18.203751 269.566332
-6.332962 18.118509 269.742072
-6.179163 18.744138 269.359823
-6.378133 93.970535 256.590339
-5.705624 93.964641 263.761991
-5.940445 93.981951 264.548007
-6.178392 93.988185 265.300009
-6.361350 93.994739 265.892627
-5.610558 94.003587 273.338526
-5.854238 94.012192 274.160100
-6.095344 94.004640 274.943660
-6.334648 93.992689 275.726718
-5.674049 94.184233 284.357383
-5.939327 94.182304 285.194461
-6.207760 94.190827 286.064549
-5.855984 94.267824 291.695466
-6.128537 94.270969 292.607910
-6.339878 94.268697 293.299468
-4.907150 93.958713 261.134673
-5.172343 93.970461 262.002121
-5.443493 93.962889 262.898544
-4.955602 94.006754 271.137702
-5.148462 94.019012 271.836371
-5.367513 94.005463 272.534464
-4.954781 94.172447 281.985501
-5.214141 94.178992 282.841601
-5.473920 94.187622 283.708704
-4.837525 94.260199 288.334554
-5.050169 94.267527 289.026131
-5.321678 94.265427 289.894065
-5.589851 94.269257 290.792019
-4.811367 94.148360 306.979051
-4.852950 94.209300 308.566000
-4.960680 94.209500 309.039000
-5.148180 94.203000 309.807000
-5.340460 94.208200 310.618000
-5.565530 94.245500 311.459000
-4.045463 93.995935 258.307519
-4.216868 93.980042 258.901146
-4.471907 93.969690 259.698600
-4.688591 93.955713 260.399633
-4.104518 94.005559 268.421224
-4.294553 94.022196 269.049903
-4.573616 94.016986 269.919897
-4.766085 93.996706 270.518030
-4.063103 94.175037 279.037913
-4.262208 94.177571 279.670602
-4.461246 94.186376 280.323301
-4.700571 94.170800 281.129400
-4.096450 94.233092 285.855022
-4.304592 94.244522 286.545618
-4.567277 94.253942 287.448598
-4.180810 94.202518 305.512742
-4.313816 94.198950 305.991025
-4.477368 94.185335 306.680878
-4.662930 94.204300 307.768000
-4.106029 94.388315 313.656866
-3.741903 94.014732 257.240172
-3.884869 93.994055 257.744856
-3.202549 94.016145 265.377850
-3.431617 94.008352 266.111931
-3.644688 93.991660 266.850031
-3.819254 93.992343 267.442720
-3.995749 93.994707 268.051407
-3.569908 94.195342 277.462721
-3.764698 94.195890 278.086414
-3.868313 94.176089 278.414222
-3.378814 94.234216 283.487508
-3.573351 94.228164 284.129092
-3.830424 94.231502 285.003568
-3.210350 94.151300 301.882000
-3.347646 94.191447 303.003627
-3.532938 94.189775 303.564281
-3.771848 94.192744 304.364872
-3.977550 94.183100 304.961000
-3.351167 94.241609 310.613721
-3.539147 94.236006 311.394499
-3.794531 94.267272 312.496706
-2.654612 94.004978 263.579318
-2.928465 94.005264 264.498828
-2.505677 94.154933 273.922343
-2.780372 94.157247 274.832413
-3.074838 94.172095 275.784469
-3.187444 94.174214 276.166295
-2.474853 94.252454 280.578420
-2.672956 94.249139 281.204003
-2.870070 94.245613 281.834587
-3.126470 94.239039 282.650541
-2.463120 94.135900 298.734000
-2.694045 94.145300 299.722500
-2.927310 94.146500 300.685000
-2.804554 94.169396 301.281012
-2.855789 94.204455 302.070143
-2.475250 94.205965 306.921743
-2.657534 94.202665 307.697528
-2.840213 94.207057 308.502314
-2.948771 94.210537 308.967188
-3.147306 94.228922 309.799958
-1.716689 93.993775 260.536984
-1.942580 94.005222 261.281093
-2.166788 94.006639 262.008193
-2.389294 94.004056 262.735292
-1.838897 94.165568 271.664911
-2.115068 94.175560 272.589990
-2.310097 94.164169 273.240165
-1.718930 94.245051 278.097966
-1.961559 94.236402 278.904444
-2.162788 94.241761 279.541040
-2.367474 94.255756 280.204650
-1.647840 94.148800 295.450000
-1.831510 94.158500 296.187000
-2.016090 94.166400 296.921000
-2.242175 94.150850 297.810000
-1.843441 94.204825 299.315738
-2.172019 94.199208 300.219889
-1.778157 94.201274 304.222562
-1.976900 94.217267 305.011332
-2.178194 94.219071 305.753095
-2.373042 94.222172 306.513867
-1.743280 94.285057 313.168873
-1.002425 93.999496 258.080769
-1.149685 93.973285 258.675476
-1.403409 93.990130 259.547541
-0.914864 94.161206 268.620864
-1.099117 94.166092 269.220580
-1.360205 94.160310 270.095659
-1.552550 94.154657 270.754848
-0.987923 94.247414 275.672482
-1.227096 94.244525 276.474981
-1.476434 94.253563 277.307487
-0.919622 94.131100 292.422000
-1.108705 94.125450 293.185500
-1.372430 94.134900 294.274000
-1.546770 94.147200 295.031000
-0.984854 94.208363 297.088945
-1.309927 94.198702 297.953098
-1.574267 94.199073 298.628421
-0.873658 94.173989 300.511119
-1.104979 94.167193 301.454346
-1.292447 94.174993 302.224127
-1.482415 94.188489 303.008907
-1.586322 94.186579 303.430784
-0.818577 94.209020 309.476115
-0.926275 94.205522 309.917023
-1.119565 94.203773 310.692861
-1.320467 94.214508 311.504698
-1.516187 94.233926 312.359542
-0.181836 94.173984 266.207040
-0.408936 94.178234 266.962187
-0.635140 94.173279 267.721323
-0.743456 94.163778 268.048138
-0.218163 94.244008 273.173566
-0.417344 94.247202 273.859662
-0.701227 94.255661 274.786095
-0.157426 94.143400 289.245000
-0.336320 94.146650 290.010000
-0.594166 94.146200 291.048000
-0.763006 94.148000 291.757000
-0.153162 94.236201 294.817615
-0.420164 94.226533 295.557417
-0.663663 94.218133 296.217782
-0.055604 94.167718 297.127579
-0.281691 94.151284 298.022310
-0.459094 94.156590 298.771103
-0.640891 94.170289 299.546892
-0.189734 94.202817 306.926138
-0.431212 94.207016 307.931438
-0.624658 94.205073 308.691275
0.671379 94.176026 263.424890
0.402307 94.170210 264.321957
0.183831 94.155375 265.033590
0.002828 94.158006 265.602308
0.747612 94.264752 269.970111
0.527507 94.245996 270.717612
0.259709 94.233156 271.581528
0.060093 94.242368 272.259638
0.769620 94.113100 285.349000
0.567207 94.094100 286.183500
0.361469 94.082800 287.042000
0.191793 94.100100 287.771000
0.016723 94.126200 288.523000
0.628537 94.216276 292.687092
0.368871 94.227338 293.370441
0.373629 94.204320 294.216596
0.534726 94.171927 294.798274
0.355304 94.171243 295.504063
0.175002 94.164961 296.193850
0.720106 94.166872 303.120384
0.541272 94.160838 303.866232
0.438866 94.162937 304.315147
0.247029 94.177782 305.107993
0.052799 94.199315 305.925839
1.513049 94.166520 260.673705
1.338503 94.154160 261.271912
1.078302 94.151057 262.091996
0.896178 94.164672 262.671728
1.449656 94.255360 267.671541
1.221185 94.247043 268.402049
0.986438 94.250841 269.167572
1.526020 94.088800 282.259000
1.368780 94.095400 282.944000
1.203360 94.110400 283.651000
1.025005 94.112450 284.356000
1.514017 94.206407 290.290348
1.417701 94.190244 290.852509
1.125983 94.195797 291.723595
1.008090 94.189897 292.121854
0.970135 94.158416 292.903783
0.803600 94.163228 293.631588
1.556207 94.177378 299.774087
1.374164 94.171158 300.483932
1.192084 94.171025 301.223780
1.011527 94.166294 301.961627
0.902597 94.175197 302.400540
1.612573 18.761727 271.097639
1.826954 94.183258 259.596225
1.677314 94.170951 260.127971
2.182422 94.233572 265.268005
1.921934 94.242545 266.148487
1.729491 94.243488 266.792592
2.132730 94.088750 279.809500
1.924330 94.089100 280.539000
1.766110 94.099900 281.224000
1.679140 94.097700 281.618000
2.268571 94.153300 287.583308
2.136628 94.202376 288.486416
1.908258 94.190992 289.156619
1.753966 94.187156 289.696834
2.377255 94.169874 296.447770
2.195480 94.174649 297.169620
1.962175 94.178628 298.104927
1.735892 94.179603 299.052238
3.152668 94.255129 262.102061
2.967806 94.254315 262.707177
2.706923 94.258698 263.562148
2.487587 94.246821 264.276167
3.044240 94.077700 275.925000
2.883650 94.089500 276.574000
2.726650 94.081850 277.261000
2.456565 94.088500 278.268500
3.031587 94.127415 284.449200
2.782183 94.131753 285.452907
2.911759 94.177678 286.075771
2.594732 94.173330 286.844506
2.498874 94.219547 287.549891
3.161821 94.164949 293.154424
2.987353 94.077710 293.773929
2.815230 94.177000 294.602139
2.601328 94.167145 295.508456
3.058046 93.971941 304.342177
2.866253 93.950818 304.824257
3.655844 94.277371 260.408654
3.404811 94.256401 261.265586
3.930005 94.090900 272.304500
3.720440 94.059000 273.238000
3.531180 94.058700 274.045000
3.366590 94.070800 274.678000
3.203950 94.078400 275.310000
3.933590 94.132882 280.725261
3.842502 94.136580 281.122155
3.611081 94.141838 282.046884
3.437013 94.144702 282.761680
3.583917 94.171496 283.680521
3.665239 94.203139 284.422859
3.371764 94.195769 285.229097
3.950847 94.130510 289.899070
3.782581 94.142388 290.618934
3.705730 94.112978 291.501466
3.422506 94.111190 292.452327
3.215004 93.996444 293.199000
3.992217 94.160046 301.197778
3.890245 94.151942 301.609557
3.574037 94.143579 302.844884
3.334355 94.076374 303.579332
4.576960 18.311200 271.591000
4.690573 18.726667 271.421333
4.647780 94.077800 269.293000
4.464415 94.077200 270.072500
4.272840 94.089700 270.899000
4.120310 94.099100 271.529000
4.569388 94.127370 278.073007
4.406641 94.114994 278.750813
4.252853 94.120526 279.401634
4.092844 94.129553 280.069448
4.507856 94.198835 282.185513
4.208214 94.201255 282.997249
4.790844 94.134392 286.366773
4.625636 94.137088 287.043636
4.534818 94.127810 287.444557
4.296909 94.121262 288.444355
4.358638 94.099435 289.400926
4.431779 94.080606 289.994280
4.121293 94.073368 290.816213
4.629498 94.166168 298.589127
4.395288 94.161639 299.506629
4.168367 94.160590 300.457150
5.456800 94.083700 266.001000
5.236365 94.086750 266.872500
5.092400 94.074600 267.520000
4.877520 94.076950 268.417000
5.518255 94.121562 274.275122
5.369356 94.118603 274.885946
5.171754 94.120042 275.697714
4.896234 94.127209 276.778391
4.806896 94.132216 277.132288
5.391703 94.184875 279.744260
5.099215 94.193776 280.572523
4.807695 94.193612 281.375775
5.452989 94.123723 283.622322
5.211209 94.131169 284.635123
5.050750 94.129270 285.301988
4.959888 94.130994 285.697913
5.356606 94.067586 287.414436
5.046441 94.069283 288.250378
4.811051 94.072537 288.906956
5.593058 94.187885 294.628175
5.422564 94.186168 295.330814
5.155343 94.195915 296.419256
4.902774 94.187585 297.480718
4.804850 94.170794 297.875500
6.312110 94.077400 262.384000
6.175140 94.072100 262.937000
6.033595 94.052200 263.540500
5.822030 94.048300 264.393000
5.642115 94.064750 265.195500
6.284820 94.129083 271.114024
6.126694 94.134626 271.711840
5.936411 94.129076 272.478615
5.749543 94.125318 273.283394
5.662868 94.127019 273.669293
6.262191 94.185927 277.400993
5.988211 94.169990 278.152769
5.748015 94.161069 278.792641
6.361533 94.117573 279.954079
6.273808 94.112514 280.307004
6.028771 94.117028 281.275801
5.784670 94.116544 282.237597
5.623574 94.121947 282.899464
6.268561 94.075413 284.980589
5.962512 94.079921 285.807542
5.661128 94.071565 286.600489
6.387836 94.157794 291.356831
6.133116 94.168810 292.422801
5.863811 94.190605 293.514748
5.689994 94.199270 294.242387
6.506655 20.156340 271.925556
7.028590 94.056900 259.594500
6.808870 94.078100 260.362000
6.600355 94.089000 261.217500
6.453480 94.084200 261.836000
7.123696 94.111463 267.514006
6.944448 94.107016 268.276795
6.765842 94.102865 269.054584
6.586094 94.099514 269.833372
6.440199 94.112150 270.472203
7.101741 94.199495 275.109664
6.980108 94.190003 275.434339
6.642164 94.199476 276.342486
7.062119 94.122683 277.032667
6.860584 94.119372 277.832997
6.669354 94.110660 278.641334
6.519183 94.111372 279.287208
7.119620 94.047726 282.689097
6.765622 94.054656 283.625465
6.506743 94.065454 284.330009
7.070585 94.159121 288.462272
6.861820 94.153177 289.338328
6.648766 94.157412 290.243381
6.481846 94.161396 290.945032
7.882166 94.131071 264.405902
7.671712 94.135694 265.282656
7.506258 94.114757 266.009957
7.312027 94.116008 266.766229
7.918559 94.172188 273.106526
7.692656 94.171956 273.888602
7.485594 94.146067 274.825799
7.378204 94.113249 275.775927
7.224121 94.115968 276.399799
7.627697 94.057615 281.292023
7.346836 94.046727 282.073506
7.994948 94.149481 284.719216
7.829245 94.158180 285.398873
7.660290 94.172166 286.097526
7.446197 94.159859 286.916565
7.231650 94.157527 287.773611
8.774288 18.206311 272.041541
8.616774 18.483232 272.412521
8.673905 94.111508 261.194329
8.461622 94.105541 262.020578
8.251489 94.103770 262.871831
8.105576 94.103959 263.494159
8.664456 94.105671 270.367999
8.621205 94.137957 270.800274
8.366903 94.130679 271.651834
8.146554 94.191421 272.214831
8.558899 94.070709 278.748717
8.274817 94.065110 279.540199
8.045714 94.067416 280.148788
8.728901 94.156273 281.746770
8.490208 94.165491 282.741772
8.482975 94.166674 283.846452
8.351031 94.124776 284.446925
8.196089 94.044844 285.088095
9.097181 94.135240 259.777332
8.890437 94.121283 260.334586
9.472893 94.099364 267.042672
9.324776 94.100102 267.623549
9.344844 94.137569 268.347118
9.111183 94.156770 269.141450
8.877812 94.167522 270.064909
9.368051 94.046492 276.571152
9.070268 94.060291 277.359629
9.191589 94.105067 278.183350
9.375060 94.150663 279.041129
9.205808 94.167788 279.681783
9.046459 94.154634 280.368438
8.815448 94.158855 281.360954
9.502265 94.249191 281.971614
9.203569 94.245359 282.756081
8.931317 94.205509 283.467558
9.956423 18.396821 272.815631
9.946945 18.530905 272.824290
10.337416 94.101662 263.481396
10.155582 94.102030 264.219744
9.902419 94.105815 265.255034
9.693342 94.104876 266.122859
9.615965 94.100423 266.466792
9.822735 94.181736 267.683615
10.190094 94.065766 274.307655
10.188311 94.101558 274.899776
9.914682 94.084502 275.529886
10.011217 94.140125 276.445964
9.852818 94.137370 277.134128
9.700125 94.140301 277.771808
10.317228 94.231879 279.749043
10.088814 94.240781 280.372646
9.862101 94.248184 280.996252
9.633391 94.252987 281.618851
10.399529 94.128188 286.969467
10.238330 94.103871 287.566151
9.960146 94.037858 288.423580
11.109161 94.143131 260.696058
10.899098 94.142506 261.279382
10.649877 94.114285 262.205162
10.476513 94.105014 262.922513
11.164148 94.102869 271.696151
10.911073 94.100744 272.512416
10.652407 94.096970 273.324669
10.518186 94.091152 273.797398
10.479327 94.137182 274.536450
10.954127 94.231427 278.008172
10.669033 94.233052 278.790668
10.445858 94.235775 279.394275
11.009252 94.157007 284.440089
10.802586 94.165348 285.329229
10.603863 94.155143 286.172862
11.276407 18.110706 272.980076
11.242581 18.534424 273.015626
11.976931 94.126915 268.382603
11.882905 94.086612 269.285535
11.661887 94.117224 269.906059
11.417667 94.118346 270.809569
11.294540 94.060089 271.301642
11.790505 94.239491 275.715663
11.516065 94.225024 276.443162
11.235515 94.230598 277.228670
11.936805 94.169403 280.679261
11.776738 94.175341 281.315982
11.613344 94.160228 281.996673
11.372018 94.172235 282.996255
11.205309 94.168580 283.624953
12.671837 18.499543 273.326361
12.707828 94.126832 265.371145
12.560851 94.119583 265.981330
12.341438 94.137915 266.888379
12.402855 94.108908 267.616549
12.314806 94.053642 268.532976
12.058388 94.038042 269.235998
12.618186 94.221627 273.399114
12.359926 94.214155 274.136648
12.129198 94.217920 274.797243
12.584778 94.134267 278.030381
12.348702 94.148223 278.987974
12.261436 94.151557 279.379822
12.101718 94.168053 280.054555
13.490650 94.127173 262.196797
13.349646 94.122469 262.741496
13.175615 94.111551 263.443622
12.922882 94.115887 264.481591
13.551911 94.201235 270.945750
13.340293 94.207295 271.516380
13.072130 94.209821 272.253407
13.544928 94.142870 274.093607
13.349989 94.151006 274.900768
13.191494 94.157865 275.519492
13.009827 94.138291 276.294645
12.825179 94.123111 277.074798
14.052344 17.301239 273.727182
14.039836 18.970218 273.370690
14.240409 20.095501 273.055640
13.937188 20.414829 273.839454
13.629905 94.114843 261.847083
14.382936 94.243675 268.676266
14.142475 94.228836 269.387825
13.886680 94.205927 270.063348
14.266887 94.127029 271.112380
14.122831 94.130209 271.716126
13.962231 94.131075 272.372340
13.737550 94.139417 273.300447
14.596907 19.916683 273.564205
14.607970 20.180019 273.532484
15.071542 94.112213 267.774802
14.929305 94.120787 268.383557
14.742764 94.129747 269.172734
14.561720 94.114283 269.894893
14.415027 94.116569 270.491633
15.852839 94.119970 264.499207
15.707324 94.127351 265.145956
15.498223 94.120091 265.990574
15.246515 94.105745 266.990107
16.309513 94.119226 262.772690
16.067198 94.110055 263.633580
17.125741 18.234279 274.143666
17.087100 18.797277 274.103415
17.110981 19.874774 274.215505
17.135603 20.108768 274.154881
18.963810 17.292589 274.773023
18.955425 18.197429 274.820135
18.997078 20.375214 274.648677
21.892177 90.295748 261.689793
23.172789 71.796767 265.145932
23.169439 72.229569 265.135734
23.195556 73.282737 265.061688
23.149827 74.044152 265.069846
23.099390 74.781453 265.111125
23.084901 75.519387 265.036025
23.055872 76.385077 265.007927
23.024976 77.202363 264.999606
22.988589 78.012767 265.038938
22.951228 78.665109 265.029978
22.963668 79.970306 264.892065
22.933517 80.380115 264.901822
22.856917 80.928418 264.967832
22.824652 81.925090 264.993343
22.802426 82.761152 265.045558
22.763163 83.584403 264.927997
22.732334 84.339830 264.960395
22.701253 85.167218 264.932676
22.675860 86.072591 264.901352
22.584527 86.856605 265.038131
22.614331 87.603573 264.829851
22.552724 88.260283 264.863396
22.635826 89.320215 264.639118
22.550374 88.895785 264.916574
22.977943 90.099882 263.623507
22.737897 89.797571 264.234594
23.918500 40.699300 265.162000
23.956617 41.228362 265.108156
23.967575 41.245668 265.611370
23.970995 41.943251 265.189632
23.970191 42.823805 265.231809
23.951924 43.624163 265.211190
23.938788 44.423435 265.267480
23.908923 45.112705 265.329317
23.942832 45.872286 265.199951
23.891537 46.648887 265.326956
23.885972 47.356139 265.234939
23.889550 48.660887 265.206697
23.826854 49.165527 265.268538
23.853333 50.029853 265.270771
23.874328 50.873548 265.212284
23.868191 51.616018 265.161576
23.755858 52.342187 265.235420
23.780477 53.230158 265.163568
23.730973 54.117316 265.179208
23.991800 55.048200 264.712000
23.757626 54.589825 265.109586
23.751854 55.537995 265.182631
23.677346 56.427375 265.193886
23.695712 57.166612 265.036107
23.704111 57.857605 265.096389
23.599042 58.876791 265.286819
23.597450 59.802814 265.188236
23.586436 60.454586 265.129609
23.566457 61.190654 265.187306
23.553815 62.044581 265.129887
23.543984 62.867298 265.119161
23.526317 63.561566 265.065197
23.511931 64.725193 265.021352
23.427838 65.979615 265.140571
23.417071 66.793930 265.015346
23.358152 67.735463 265.199753
23.306538 68.345970 265.165547
23.277042 69.138735 265.106014
23.241699 69.950387 265.102515
23.286964 70.474827 265.005991
23.228702 71.383614 265.089504
23.235326 72.709786 265.017629
24.006225 42.047915 265.353360
24.002667 47.654500 264.958667
24.010850 48.445050 264.955000
24.009100 51.963900 264.949000
24.008600 52.051200 264.942000
24.042300 53.181850 265.008250
24.043200 54.005940 265.052400
24.011400 54.948600 264.672000
24.009050 55.644000 264.971500
24.022250 56.535350 264.987000
24.056450 57.132500 264.911000
24.042650 58.024975 264.913250
24.034100 58.534200 264.953000
24.055380 59.637440 264.972600
24.054233 60.331567 264.936333
24.056250 61.403700 264.904500
24.089300 62.137200 264.970000
24.076467 62.909600 264.877667
24.071975 63.543925 264.920250
24.052300 64.369940 264.983000
24.062000 65.225050 264.865500
24.167100 65.746000 264.688000
24.096100 66.099000 264.886500
24.086700 66.948067 264.850000
24.074933 67.486400 264.857000
24.102900 68.471250 264.758000
24.073550 68.124950 264.833500
24.105100 68.939500 264.794000
24.118300 69.139900 264.863000
24.125400 69.968850 264.868000
24.126833 70.616533 264.881333
24.132267 71.713633 264.751333
24.133300 71.286600 264.958000
24.112700 72.443967 264.863000
24.113780 73.200540 264.914000
24.129750 74.165900 264.742500
24.137800 73.725400 264.822000
24.131900 74.544200 264.781500
24.118700 74.929550 264.842500
24.113233 75.394767 264.856333
24.180700 76.221950 264.862000
24.162500 77.024725 264.850250
24.137000 78.322600 264.780000
24.139450 78.057950 264.819500
24.146600 78.711900 264.751333
24.144167 79.451867 264.852667
24.155700 80.271600 264.876000
24.158400 81.056675 264.951250
24.169540 81.918500 264.999800
24.180925 82.818875 264.924750
24.169750 83.764150 264.752500
24.188000 83.476600 264.896000
24.179650 84.412825 264.755500
24.172500 84.429500 264.804000
24.206850 85.486800 264.923000
24.209200 86.071567 264.728333
24.213100 85.754200 264.896000
24.181600 86.447800 264.743000
24.185900 86.865867 264.892333
24.220150 87.496425 264.836000
24.228150 88.538350 264.622750
24.220000 88.137600 264.807000
24.315620 89.251720 264.260800
24.196997 90.223375 260.372167
24.490667 90.047767 262.911000
24.371533 89.801567 263.704000
25.841612 41.233355 265.357129
25.851648 40.878263 265.631896
25.838142 42.145284 265.372325
25.829179 42.786331 265.419538
25.830876 43.640189 265.385727
25.863075 44.421015 265.402687
25.848260 45.233800 265.460948
25.859524 46.016152 265.346532
25.925203 46.735280 265.156017
25.880951 47.642464 265.346914
25.913962 48.478252 265.275803
25.873147 49.146576 265.476485
25.909151 49.928360 265.234949
25.890170 50.730126 265.373936
25.905998 51.408891 265.394437
25.890641 52.355947 265.279960
25.925818 53.215922 265.330190
25.935284 53.983272 265.352036
25.902603 54.607460 265.459468
25.891879 55.610087 265.464676
25.945840 56.425586 265.296918
25.944602 57.194542 265.254485
25.961315 58.033221 265.111289
25.975998 58.766133 265.297217
25.969513 59.541706 265.301880
25.918847 60.389471 265.195256
25.947549 61.310558 265.274492
25.970452 63.030700 265.254396
25.969339 63.901617 265.254086
25.937275 64.443666 265.232000
25.975077 65.169428 265.318121
25.997770 66.089277 265.228766
25.963095 66.906549 265.331738
25.988508 67.543305 265.244074
25.986639 68.336143 265.261329
25.970690 69.211792 265.369003
26.015727 69.883906 265.263953
25.984107 70.488764 265.279049
26.022637 71.575598 265.227332
26.056821 72.358206 265.143211
26.022097 73.221099 265.260693
26.383469 73.034109 265.661228
26.037632 73.918610 265.110364
26.396556 74.155068 265.618836
26.135662 74.927322 265.203216
26.366755 75.551597 265.473115
26.149088 76.349962 265.251503
26.217638 77.246630 265.358180
26.132477 78.004315 265.428946
26.127898 78.738462 265.390743
26.112467 79.617085 265.386071
26.140711 80.343177 265.457757
26.130859 81.235103 265.258550
26.078734 82.092721 265.300688
26.082692 82.804782 265.299301
26.049574 83.519740 265.291530
26.045831 84.401727 265.240944
26.022413 85.208167 265.306960
25.989178 85.994926 265.335942
25.967813 86.863962 265.298522
25.992064 87.626364 265.224760
26.010847 88.344438 265.153722
26.202520 89.330288 264.498534
25.992932 89.070555 265.007758
26.348930 89.964943 263.682317
26.193367 89.790022 264.262747
26.797125 13.757578 271.252845
27.192908 41.102884 265.984153
27.198618 45.353268 265.869069
27.129233 45.848131 265.927271
27.129035 46.735806 265.849593
27.073900 47.569952 265.958078
27.111543 48.203251 265.881780
27.089579 49.328020 265.913087
27.058678 50.048125 265.776455
27.090827 50.881964 265.703545
27.077866 51.618696 265.698773
27.032287 52.336584 265.776814
27.017435 53.177986 265.744954
26.990704 53.904168 265.776167
26.966463 54.875440 265.798201
26.999901 55.586913 265.700338
26.978680 56.328305 265.721583
26.967434 57.292069 265.717423
26.935751 58.028202 265.668829
26.859110 58.802711 265.748690
26.841682 59.649584 265.672078
26.834706 60.337056 265.654620
26.833906 61.111297 265.634344
26.783198 61.741606 265.737600
26.783936 62.980583 265.491991
26.718754 63.516416 265.706787
26.616372 64.641493 265.859483
26.639578 65.266168 265.758424
26.738796 65.764908 265.432020
26.658274 66.386278 265.727526
26.637127 66.789979 265.731482
26.619335 67.864123 265.551501
26.626965 67.371474 265.659346
26.598473 68.306101 265.578380
26.553301 69.349918 265.633514
26.557421 70.281966 265.543686
26.556322 70.851116 265.576265
26.495479 71.596720 265.517197
26.428104 72.341665 265.574915
26.422339 73.212776 265.534369
26.426730 73.777482 265.511933
26.403414 74.734742 265.510850
26.481649 90.067372 262.887929
26.473011 90.147570 263.534102
27.639848 14.918694 265.999007
27.599497 15.612261 266.039310
27.634368 16.194179 266.038424
27.620514 17.133395 266.031684
27.604587 17.981070 266.013076
27.587744 18.654405 266.071039
27.594331 41.304188 265.823952
27.531358 41.885828 265.813512
27.648534 42.706636 265.794481
27.728351 43.667382 265.703778
27.589120 44.202287 265.804020
27.766996 45.175614 265.730668
27.917843 46.054434 265.774448
27.940217 46.902574 265.850642
27.964801 47.463322 265.742388
27.674131 48.399558 265.673015
27.992590 49.109453 265.678324
27.996254 49.618560 265.664282
27.989962 50.834710 265.537100
27.970252 51.553089 265.663372
27.995615 52.767690 265.589549
27.988821 52.399458 265.666062
27.998797 56.572347 265.698083
27.217217 90.272142 259.025338
27.303635 90.187270 261.105620
27.315103 90.788735 258.768867
28.005509 50.150089 265.597504
28.002869 49.886919 265.645396
28.015649 53.372470 265.649809
28.031041 53.982638 265.687468
28.029821 54.671410 265.804844
28.009955 55.726324 265.762752
28.000041 56.135228 265.745908
28.039808 57.136762 265.556345
28.036652 57.785296 265.594603
28.028841 58.072418 265.661712
28.031671 58.744849 265.711485
28.028314 59.777716 265.543398
28.037817 60.330339 265.572629
28.045360 61.057064 265.554927
28.049383 62.186410 265.568385
28.025886 61.720364 265.670678
28.068785 62.651009 265.579589
28.043455 62.895489 265.618666
28.038796 63.537832 265.632420
28.027322 64.321494 265.660976
28.038193 65.173899 265.591578
28.075507 65.785645 265.494856
28.057385 66.902514 265.564290
28.058212 67.723943 265.553622
28.046029 67.278395 265.605432
28.089596 68.470516 265.491948
28.082457 69.188573 265.554232
28.101597 70.317631 265.666202
28.105569 70.931125 265.559952
28.097700 70.575406 265.603803
28.090390 71.762662 265.584274
28.109136 71.317297 265.630111
28.084026 72.127564 265.577416
28.109359 73.184054 265.654862
28.091179 73.961417 265.572660
28.099415 74.817218 265.513261
28.119239 75.926940 265.529975
28.118904 75.494050 265.670800
28.114328 76.160181 265.550064
28.106880 76.552194 265.637716
28.141055 77.223309 265.534181
28.131564 77.004709 265.612419
28.172801 77.925204 265.398157
28.139383 78.698481 265.522440
28.151452 79.762021 265.594545
28.142988 79.489911 265.613929
28.139692 80.675525 265.577903
28.127561 80.169362 265.729689
28.143231 80.833759 265.494970
28.158074 81.295705 265.636168
28.147179 82.003018 265.648644
28.153407 83.050661 265.495871
28.161601 82.531312 265.620669
28.146660 83.322862 265.489975
28.461297 83.841130 265.687251
28.483787 84.409670 265.715086
28.184768 85.189991 265.561008
28.757757 85.190160 265.745097
28.185600 85.938364 265.442060
28.655985 85.979530 265.804290
28.177699 86.927866 265.496118
28.596663 86.844256 265.775591
28.180128 87.593688 265.567722
28.595498 87.656621 265.756367
28.338563 88.476952 265.320349
28.614060 88.281628 265.694671
28.343574 89.512286 264.657131
28.501353 89.075221 265.140720
28.526828 90.030932 263.758992
28.434833 89.848325 264.311509
29.540134 59.624002 266.149346
29.536011 62.185978 266.009975
29.479403 62.779632 266.120036
29.489544 63.628850 266.049633
29.438155 64.349346 266.009971
29.449203 65.093840 266.017148
29.429446 65.943181 265.956968
29.418726 66.785167 265.933092
29.383118 67.431598 265.999199
29.296942 68.416720 266.023844
29.258339 69.061274 266.081553
29.302696 69.946579 265.923228
29.315420 70.793264 265.865633
29.236902 71.786263 265.992976
29.231240 72.368622 265.899124
29.238947 73.186295 265.769224
29.176395 74.177301 265.802435
29.111853 74.864528 265.875828
29.100591 75.618785 265.879729
29.083858 76.373361 265.871040
29.026685 77.307101 265.927749
29.016630 77.941952 265.862956
28.925852 78.835208 265.921095
28.926701 79.564000 265.835732
28.924081 80.328103 265.792300
28.864345 81.249288 265.810093
28.874646 82.028806 265.723877
28.830068 82.936120 265.784003
28.820470 83.410800 265.732951
29.267926 90.057708 259.696622
28.979039 90.069384 261.110385
28.866927 90.088519 261.717300
28.960471 89.826844 264.529760
29.953150 10.101788 268.881048
29.945939 12.344023 268.901058
30.334677 14.602880 266.892414
30.213924 15.976601 266.478373
30.187654 16.607300 266.598103
30.169007 17.480347 266.596876
30.195747 17.966944 266.532276
30.160880 18.493415 266.615521
29.644058 35.137434 256.070829
30.046158 41.230525 266.059813
29.973266 42.019491 266.304719
30.080250 42.838295 266.144504
29.953811 43.643811 266.283118
29.961922 44.404767 266.219577
29.891326 45.224276 266.303027
29.939365 45.875249 266.242735
29.848776 47.191893 266.367272
29.826515 46.679149 266.451489
29.895486 47.579387 266.164558
29.879813 48.243417 266.158405
29.866138 49.210299 266.120886
29.854037 50.115215 266.046631
29.855847 50.937848 266.048285
29.840887 51.700600 266.054790
29.778449 52.413598 266.198303
29.751430 53.212640 266.166639
29.727990 54.005010 266.149457
29.699138 54.688854 266.132111
29.835418 55.592097 266.124821
30.106702 56.501008 266.183707
29.811401 57.181834 266.058322
29.947309 57.966763 266.110649
29.666421 58.879149 265.945413
29.635686 60.411763 265.915602
30.330349 61.154284 266.118629
30.332440 62.100149 266.145675
30.307047 62.848835 266.222231
30.338425 63.593936 266.029477
30.334310 64.197220 266.046206
30.247199 65.264389 266.165770
30.239428 65.642042 266.198266
30.243002 67.155631 266.135339
30.258590 67.580126 266.085157
30.231558 68.384400 266.118485
30.212997 69.164298 266.063800
30.196295 69.977295 266.131066
30.201306 70.802583 266.068704
30.185001 71.565688 266.115703
30.102333 72.460166 266.095877
30.110772 73.303670 265.997632
30.145845 73.945650 265.974681
30.093293 74.828736 266.062417
30.059948 75.624388 266.044666
30.056223 76.370944 266.021174
30.026591 77.137718 266.062727
30.026576 77.700071 265.975160
30.017141 79.007475 266.006919
29.975866 79.701034 266.024759
29.970286 80.449892 266.042766
29.959230 81.210865 266.016775
29.901630 81.952907 266.109306
29.880689 82.935718 266.022258
29.888762 83.552794 265.920787
29.848676 84.366622 265.999044
29.877509 85.185204 265.910984
29.825597 85.985932 265.905342
29.815893 86.785893 265.902008
29.792691 87.584600 265.890238
29.785131 88.462828 265.843882
29.945556 89.241240 265.321188
30.202655 89.996732 264.451877
30.075101 89.794692 264.808774
30.528389 14.985253 266.581047
30.552618 15.525794 266.489253
30.475810 16.736774 266.361164
30.560125 16.348239 266.546895
30.458540 17.276322 266.358995
30.587576 17.112723 266.510858
30.462900 17.933783 266.345285
30.597362 17.857605 266.580837
30.624167 18.582994 266.548519
30.622294 41.334678 266.286218
30.602172 41.999720 266.250221
30.621238 42.786847 266.183444
30.609699 43.555379 266.209917
30.580297 44.398999 266.304720
30.557068 45.256572 266.283209
30.557649 45.959377 266.305687
30.547192 45.967314 266.411703
30.581619 46.737017 266.246510
30.608342 47.523925 266.183149
30.578884 48.404599 266.177278
30.608530 49.217270 266.166389
30.583428 50.019641 266.215251
30.603553 50.819648 266.219135
30.565376 51.606914 266.215644
30.572600 52.377609 266.209184
30.528530 53.105928 266.181090
30.556744 53.984875 266.157650
30.597462 54.778397 266.153403
30.562261 55.548851 266.232662
30.706011 56.192577 266.230497
30.551693 57.443323 266.159176
30.704965 58.056371 266.166762
30.587798 58.745700 266.119292
30.703646 59.684776 266.060867
30.512609 60.498487 266.072578
30.730893 61.182033 266.048694
30.739199 61.790341 266.002875
30.730581 62.694372 266.101472
30.732897 63.559071 266.088965
30.715507 64.367673 266.095079
30.736584 65.134879 266.057645
30.735740 66.000414 266.043232
30.735492 66.926729 266.094362
30.741037 67.612122 266.033840
30.772587 68.440549 266.029970
30.774832 69.143979 265.998954
30.759573 70.014273 266.002264
30.760049 70.788704 266.043208
30.777105 71.687695 266.087689
30.787209 72.393209 265.997191
30.973233 73.334684 266.075718
30.977717 74.053232 266.061750
30.976445 74.807066 266.081897
30.905540 75.706012 266.150817
30.930841 76.457821 266.142240
30.956233 77.150567 266.019093
30.955213 78.043746 266.179531
30.891209 78.746292 266.116616
30.938711 79.488976 266.104086
30.895746 80.326954 266.050652
30.878257 81.186310 266.054822
30.847052 82.022523 266.076766
30.833185 82.807974 266.098584
30.848643 83.613819 266.057382
30.813806 84.411759 265.993170
30.817019 85.121667 265.950509
30.766819 85.927071 266.013550
30.751400 86.804045 266.051793
30.790017 87.634780 265.983303
30.774448 88.475009 265.880388
30.905289 89.326460 265.347817
30.931473 88.956870 265.669265
31.108679 89.943478 264.590480
31.021249 89.708356 264.941118
31.310893 7.781526 277.404571
31.412841 8.162232 277.088179
31.486357 11.401934 268.558553
31.974766 41.478559 266.726673
31.923841 41.817075 266.726380
31.969777 42.959382 266.595192
31.994028 43.848771 266.548634
31.916658 44.140206 266.600331
31.914699 45.074432 266.555918
31.980432 45.969991 266.515927
31.987158 46.406051 266.383980
31.902003 46.931181 266.486761
31.860738 47.538335 266.514981
31.916666 48.437849 266.460606
31.877074 49.156100 266.392926
31.881257 49.053808 266.448076
31.831664 49.805392 266.536146
31.792019 50.634852 266.463654
31.831322 51.697366 266.346849
31.760998 51.929608 266.483928
31.803705 52.553843 266.488122
31.788550 53.317656 266.374205
31.778236 52.842969 266.511429
31.804018 53.763235 266.341585
31.770414 54.359348 266.524017
31.800996 55.169959 266.288307
31.763677 54.594092 266.466932
31.792294 55.358385 266.389650
31.731646 55.731601 266.524775
31.715733 56.560336 266.343886
31.698480 56.152038 266.456741
31.651506 57.187610 266.449368
31.644880 58.137214 266.441743
31.626168 59.009404 266.375268
31.616429 58.655134 266.444028
31.640552 59.708879 266.384081
31.613321 60.122945 266.379187
31.610078 60.497484 266.414830
31.492300 61.195658 266.567823
31.540786 61.993400 266.303295
31.535178 62.752186 266.310844
31.435022 63.661354 266.378314
31.455365 64.338351 266.321740
31.448396 65.212246 266.318238
31.444962 65.948125 266.281159
31.443061 66.717586 266.324467
31.362936 68.477694 266.205657
31.343286 69.012296 266.121947
31.265961 70.099930 266.263493
31.259464 70.657806 266.247454
31.246204 71.589452 266.259166
31.233525 72.388697 266.160202
31.211514 72.902056 266.179880
31.202521 73.785699 266.153399
31.815432 90.056578 260.664875
31.529369 90.132462 263.662199
31.216122 89.983229 264.355564
32.080690 7.791205 277.374339
32.153033 8.099575 277.344272
32.786571 9.292656 268.360890
32.087142 11.545375 267.585707
32.173124 14.917548 267.032436
32.181707 16.595211 266.984003
32.173557 17.410071 266.888404
32.194195 17.978401 266.934562
32.158677 18.565076 266.873398
32.024786 41.153361 266.499489
32.007567 43.521956 266.619045
32.796178 68.725821 266.571921
32.795609 69.266572 266.554800
32.793547 70.386278 266.614596
32.787364 70.774366 266.525727
32.775347 72.396039 266.524346
32.764768 73.214711 266.450405
32.744825 73.843081 266.498005
32.740158 74.882938 266.514549
32.762818 75.792126 266.329009
32.691293 76.473163 266.498319
32.714694 77.453217 266.420936
32.710401 77.755693 266.377901
32.639879 78.157110 266.534180
32.688728 78.822511 266.352941
32.626305 78.794354 266.486466
32.607501 79.705832 266.370354
32.595372 79.367608 266.423324
32.609869 80.417413 266.373912
32.601408 80.432016 266.417745
32.598458 81.296328 266.339280
32.559765 81.922565 266.355344
32.554221 82.811239 266.355233
32.527905 83.609182 266.349092
32.508791 84.235689 266.365092
32.475439 84.616322 266.420417
32.427869 85.396447 266.362786
32.445083 84.902310 266.471651
32.440707 86.264291 266.292021
32.427523 85.769049 266.427496
32.434457 86.791843 266.277743
32.422663 87.579818 266.234319
32.444268 88.348025 266.141535
32.570365 89.109567 265.767633
32.447317 90.099966 257.321574
32.167339 90.130892 257.809591
32.143871 90.053557 259.043565
32.749275 89.697057 265.147050
33.240652 9.242051 267.359347
33.230726 9.908168 267.313920
33.222382 10.765283 267.279403
33.211912 11.657308 267.359717
33.226928 12.379981 267.329446
33.148550 13.271556 267.593631
33.201751 13.671758 267.459026
33.244763 14.919999 267.076818
33.249286 14.703380 267.254502
33.261189 15.488563 267.140817
33.208318 15.765637 267.227876
33.247336 16.388411 267.109047
33.262992 17.228643 267.062638
33.269872 17.970330 267.075065
33.351429 18.447875 266.977061
33.390074 41.350133 266.625284
33.415697 42.014928 266.590883
33.307652 42.778536 266.725416
33.296692 43.740202 266.789913
33.282764 44.434141 266.771492
33.329140 45.212095 266.771026
33.300703 45.896091 266.736208
33.308880 46.746065 266.669826
33.295173 47.632705 266.681107
33.323593 48.288659 266.696333
33.228270 49.245915 266.676227
33.368954 50.120318 266.632400
33.406291 50.713191 266.682580
33.299108 51.588366 266.715028
33.363228 52.233845 266.611043
33.365378 53.225788 266.636363
33.217653 54.039826 266.581347
33.299560 54.739696 266.581488
33.239724 55.713350 266.556396
33.313640 56.665371 266.573697
33.409016 57.100065 266.674381
33.320386 58.008120 266.510820
33.231067 58.820572 266.552822
33.179701 59.616430 266.632801
33.246207 60.283921 266.570766
33.549205 61.214095 266.596256
33.214937 61.981070 266.561853
33.233355 62.736483 266.634525
33.082673 63.570707 266.595435
33.244319 64.491961 266.592909
33.143413 65.155047 266.500092
33.244863 66.025710 266.522542
33.381722 66.746359 266.581594
33.196339 67.618166 266.533309
33.238201 68.359967 266.584683
33.597902 69.199663 266.571763
32.889344 69.753905 266.323129
33.075110 69.972591 266.523851
33.367963 71.717327 266.608487
33.598739 72.860159 266.488354
33.579451 74.565901 266.625225
33.591843 77.013512 266.530481
32.936305 89.911994 264.482604
33.970182 37.689243 255.636708
33.611405 69.234553 266.554660
33.609997 70.175195 266.457375
33.608194 72.429126 266.519889
33.624596 73.376650 266.504477
33.617699 73.863699 266.518509
33.631808 75.067115 266.448878
33.614350 75.444655 266.497769
33.644252 76.411522 266.446736
33.611268 77.286088 266.468320
33.646670 77.818423 266.447312
33.640006 78.970702 266.464920
33.662807 79.656830 266.514561
33.693063 80.551374 266.506115
33.656454 81.212076 266.524120
33.659408 81.896706 266.558557
33.635445 82.811753 266.528336
33.679724 83.617675 266.458766
33.673614 84.445564 266.512430
34.033896 85.381740 266.607804
33.691283 86.182377 266.417401
33.702843 86.893556 266.327966
33.681021 86.465360 266.429699
33.708083 87.626672 266.315295
34.382823 87.477060 266.612827
33.720242 88.374518 266.344902
34.384324 88.004529 266.577685
33.802694 89.242023 266.051019
34.313264 90.082921 262.706868
34.203165 90.032861 264.161617
33.918620 89.827850 265.209879
35.131562 9.169986 267.636610
35.120645 9.967828 267.779079
35.099579 10.836864 267.852901
35.100096 11.643894 267.843832
35.131953 12.217627 267.754456
35.066289 13.172971 267.830450
35.006789 13.819549 268.227151
35.192566 15.835510 267.559805
35.134222 16.370033 267.636630
35.161313 16.966950 267.660368
34.464473 29.701778 260.691686
35.118841 35.036376 257.346814
35.126370 35.577184 257.207431
35.175396 42.216529 267.143844
35.189873 42.521804 267.073172
35.112152 43.386571 267.180388
35.161338 45.146728 267.100315
35.139587 45.908555 267.055929
35.187787 47.028086 266.991621
35.114697 47.587906 267.096794
35.089970 48.197519 267.125603
35.094555 49.039787 267.008693
35.090319 50.041502 266.982826
35.091947 50.790506 266.964669
35.074987 51.549865 267.008556
35.075339 52.721081 266.959047
35.069020 52.893625 266.963206
35.061304 53.944215 266.941031
35.103356 54.619770 266.880473
35.041194 55.568587 266.942467
35.032897 56.312555 266.921770
34.980046 57.359828 266.980795
34.931566 58.231081 267.062236
35.008290 58.666899 266.920303
35.011218 59.500622 266.898632
34.674543 59.425375 267.531960
34.973747 60.325518 266.889181
34.901195 61.144063 267.020061
34.918204 61.902958 266.869441
34.879298 63.109843 266.881464
34.859647 63.558531 266.937373
34.870932 64.357664 266.847583
34.874119 64.955940 266.782779
34.869360 65.964871 266.876018
34.828050 66.640820 266.837362
34.835914 67.563493 266.936288
34.824322 68.400317 266.772761
34.834432 69.182591 266.769636
34.791251 70.040982 266.788407
34.813888 70.800401 266.752948
34.808890 71.475589 266.763606
34.713282 72.413610 266.859363
34.697713 73.094083 266.856508
34.697639 74.137034 266.830538
34.705644 74.817960 266.706725
34.693293 75.663990 266.722789
34.671968 76.421909 266.747251
34.668581 77.021364 266.673337
34.635673 77.957879 266.815537
34.615561 78.627365 266.721496
34.617078 79.618421 266.666145
34.517161 80.501928 266.749257
34.553004 81.184937 266.677746
34.513645 81.958584 266.691940
34.488728 82.812954 266.739240
34.460143 83.610329 266.744277
34.421994 84.431491 266.805221
34.422057 85.152942 266.745934
34.440453 85.942423 266.602747
34.406937 86.895314 266.633962
34.417128 88.503012 266.471902
34.494280 89.096114 266.147158
34.532043 89.965584 259.205536
34.564987 90.042701 261.811273
34.770757 90.016624 265.239358
34.646509 89.734864 265.676859
35.219418 8.939870 267.393038
35.261769 14.761700 267.543367
35.215115 15.494095 267.548508
35.242484 17.399645 267.475440
35.248331 18.000775 267.464794
35.259140 18.492309 267.484549
35.634483 37.317453 256.222567
35.202415 41.633911 267.070317
35.229652 43.835508 266.983541
35.209765 46.339072 266.911979
35.206892 46.506064 266.919139
35.899289 90.124286 261.503465
36.264479 9.331438 267.798695
36.284800 9.339382 268.004739
36.276791 9.937608 267.969588
36.246459 10.066275 268.030725
36.285788 11.126278 267.828313
36.217514 10.612091 268.153465
36.252464 11.402585 267.921659
36.216455 11.770296 268.115631
36.200733 12.134831 268.192632
36.114179 13.444697 268.408881
36.220114 14.894466 267.873302
36.277369 15.615369 267.780764
36.298210 16.414468 267.685698
36.281137 17.223466 267.673485
36.239625 18.120128 267.789978
36.278764 18.638700 267.644119
36.494569 41.078395 267.184773
36.434566 41.919958 267.355890
36.494421 42.709107 267.247121
36.503399 43.874350 267.185313
36.500038 43.350558 267.282554
36.489164 44.326487 267.191442
36.483859 44.510837 267.225699
36.456350 45.901194 267.389657
36.498490 46.529085 267.150295
36.524231 47.933154 267.154690
36.484269 47.604511 267.292154
36.514158 48.266932 267.121488
36.558168 49.446478 267.330924
36.555538 50.058807 267.159801
36.529005 50.563711 267.186986
36.541673 51.465684 267.208805
36.543337 52.367906 267.264107
36.554937 53.489504 267.164240
36.548428 53.843838 267.139740
36.558930 54.641521 267.189405
36.527944 54.844595 267.271149
36.559426 55.322507 267.199387
36.577382 56.401934 267.323720
36.569209 57.082072 267.157436
36.564005 57.189458 267.235582
36.564829 57.960134 267.160860
36.571024 58.445265 267.163902
36.577034 59.528466 267.095471
36.575747 60.322474 267.159946
36.583052 61.290948 267.156685
36.571990 60.819695 267.214322
36.594804 62.064641 267.095151
36.608841 62.630103 267.078321
36.614908 63.649491 267.111465
36.611762 64.639231 267.199886
36.598289 65.283058 267.155458
36.607865 64.828389 267.228152
36.606898 66.001927 267.098340
36.591344 66.617737 267.088702
36.614443 68.547790 267.023018
36.640160 69.437942 267.062340
36.628312 70.061870 267.110720
36.604565 70.748366 267.178671
36.644841 71.569780 267.177418
36.655028 71.937127 267.216463
36.635273 72.487500 267.092890
36.649501 72.029224 267.217587
36.627278 72.844910 267.153726
36.638690 73.199875 267.273255
36.629122 74.084788 267.084014
36.643770 75.042014 267.155916
36.673120 75.595628 267.175426
36.664114 76.414402 267.099924
36.670456 77.192785 267.044055
36.681057 78.028706 267.171276
36.675937 79.015196 267.212688
36.701314 79.660182 267.146324
36.684029 80.409695 267.007209
36.684851 81.221387 266.978879
36.734908 81.964915 267.053429
36.699292 83.576200 267.095793
36.759341 84.372818 267.043335
36.777262 85.155314 267.004023
36.726605 85.928290 267.057723
36.740279 87.030225 267.129998
36.731857 87.717157 267.129640
36.748597 88.346712 267.100490
36.245686 90.227738 260.158680
36.362197 90.644458 259.928299
36.291548 90.408981 260.031441
37.595562 9.453498 269.405886
37.596722 10.811799 268.777476
37.309167 11.655172 269.942757
37.289309 12.268522 269.965903
37.464554 53.266846 267.982269
37.502031 60.189596 267.602510
37.539275 63.843916 267.393519
37.598478 64.595680 267.267020
37.525669 65.214851 267.321118
37.595908 66.086809 267.226360
37.570220 66.865309 267.301315
37.468465 67.970730 267.376307
37.470894 68.430063 267.307185
37.469308 69.198273 267.302648
37.472721 70.003081 267.282520
37.451633 70.744088 267.358325
37.424320 71.744971 267.297452
37.422103 72.289283 267.356987
37.406160 73.562703 267.173896
37.364887 73.141068 267.262295
37.422246 73.960171 267.128423
37.340318 74.908114 267.261386
37.378266 75.586236 267.179473
37.323684 76.511918 267.297175
37.359356 77.094004 267.167576
37.371457 77.692727 267.132231
37.299531 78.179802 267.237077
37.336196 78.759280 267.111724
37.276566 79.222378 267.167539
37.241926 79.682567 267.232627
37.203043 80.444857 267.305119
37.229284 81.100777 267.226066
37.185357 81.980399 267.123693
37.167311 82.417303 267.188505
37.144775 82.798599 267.273873
37.186721 83.917020 267.079886
37.155346 83.305157 267.316184
37.162830 84.413938 267.105807
37.141500 85.146648 267.109929
37.091305 86.008417 267.169765
37.085481 85.795244 267.206852
37.077030 86.829104 267.101413
37.083288 87.631627 267.024683
37.029627 88.387686 266.965481
37.242510 89.566557 266.290220
37.025696 89.139811 266.576971
37.304993 90.225878 264.193822
37.281497 90.083581 265.388861
37.090835 89.814540 265.966733
37.767484 9.585111 269.680049
37.771075 9.711642 269.671354
37.765028 10.702608 269.665172
37.765739 11.619410 269.686830
37.751487 12.236879 269.720754
37.890581 15.107823 267.987002
38.032943 14.820107 268.122840
37.890398 15.453337 267.979994
38.058172 15.712039 268.161852
37.945088 16.329121 267.970405
38.024677 16.426760 268.055527
37.885929 17.008808 267.995621
37.991829 17.215875 268.111189
38.009039 17.971720 268.130634
38.028950 18.566319 268.184214
37.982530 41.375984 267.569534
37.959653 42.020542 267.726609
38.124208 42.847994 267.544183
38.373036 43.746000 267.751328
38.050658 44.424293 267.594801
38.109392 45.191525 267.618836
38.197347 46.002859 267.649611
37.818336 46.615518 267.446991
37.778816 47.582542 267.515290
37.789119 48.361078 267.463953
38.094936 49.168635 267.587931
38.052274 49.955143 267.607740
37.801839 50.842302 267.373281
37.715376 51.677774 267.490192
37.694010 52.438926 267.551202
37.757806 53.425413 267.461906
37.787226 54.018329 267.372570
37.763063 54.523186 267.391005
37.701831 55.642788 267.449070
37.682374 56.345801 267.295987
37.670583 57.372522 267.514332
37.703153 57.901326 267.344377
37.667945 58.812774 267.278074
37.662905 59.622552 267.368113
37.645716 60.401979 267.325079
37.623650 60.918639 267.290039
37.624107 61.948275 267.289336
37.621571 62.678293 267.315391
37.600547 64.340472 267.271536
37.687574 90.198753 262.131385
37.981383 90.487627 260.122263
38.460462 37.964099 256.513383
38.420743 42.046150 267.576761
38.412526 46.929657 267.720566
38.410873 47.617589 267.703847
38.429291 48.437990 267.695815
38.405386 49.521002 267.732313
38.416192 50.108094 267.705467
38.433086 51.526939 267.729890
38.438892 52.677959 267.672309
38.407804 53.161707 267.713383
38.436251 53.912300 267.698458
38.440532 55.676045 267.724199
38.441718 56.635640 267.713459
38.439983 57.176664 267.675394
38.516142 58.270311 267.536125
38.525198 58.454521 267.490577
38.494734 59.784607 267.601643
38.506334 60.363000 267.599028
38.475463 61.033122 267.701040
38.488155 62.005648 267.713855
38.528514 62.908162 267.606061
38.478504 63.685978 267.723288
38.544366 64.368919 267.528530
38.500000 65.089467 267.646800
38.497817 65.941053 267.632132
38.474083 66.813589 267.679635
38.507794 67.381385 267.656541
38.507784 68.287247 267.649172
38.489838 69.308529 267.695371
38.521833 69.920931 267.683878
38.507429 70.714719 267.716716
38.506651 71.437465 267.584747
38.564718 72.414093 267.501498
38.514215 73.128317 267.622074
38.520329 73.876847 267.667514
38.517463 74.672020 267.658212
38.591268 75.760005 267.545425
38.526066 76.272137 267.774161
38.560526 77.186659 267.559517
38.569176 77.955576 267.558043
38.606167 78.812013 267.653236
38.606626 79.600318 267.534990
38.611280 80.394029 267.620368
38.615717 81.197644 267.664768
38.596035 82.011341 267.633391
38.623100 82.757443 267.646452
38.581345 83.659412 267.593237
38.610472 84.516024 267.517312
38.638502 85.320323 267.461012
38.660601 86.012044 267.483436
38.659822 86.831973 267.457946
38.634119 87.627926 267.618099
38.673785 88.391528 267.441060
38.790429 89.446295 266.989032
38.715244 89.024555 267.416553
38.955912 90.177084 265.939758
38.839215 89.843853 266.579401
40.613567 14.913833 268.527333
40.637675 15.554725 268.439500
40.668400 16.420925 268.432750
40.652450 17.111650 268.486000
40.647425 17.929425 268.392500
40.609400 18.556900 268.464000
40.775227 75.977818 267.993178
40.777182 75.631840 268.017204
40.768803 76.404905 267.944969
40.781265 77.199226 267.937442
40.758651 77.925159 267.904186
40.740422 78.706591 267.857900
40.740805 79.641119 267.838965
40.654318 80.460721 267.898227
40.637628 81.347385 267.900619
40.638187 81.949118 267.843485
40.624955 82.822164 267.807852
40.585122 83.632812 267.848351
40.576248 84.401314 267.759775
40.578174 85.197511 267.754501
40.555338 86.014276 267.808963
40.545045 86.778215 267.705178
40.518963 87.519485 267.706216
40.534442 88.463139 267.569800
40.662566 89.376656 267.040503
40.599324 89.038877 267.318706
40.736292 89.754511 266.814043
41.257360 15.092340 268.797361
41.243262 14.975591 268.820144
41.258599 15.439807 268.789005
41.253779 15.873778 268.830809
41.278159 16.300251 268.797602
41.278605 16.419076 268.820489
41.260485 17.179169 268.924830
41.247346 18.040189 268.892825
41.207283 18.557939 268.896781
40.934500 41.045500 267.977000
41.353213 41.329381 268.088002
40.937033 42.128900 267.841333
41.217981 41.818584 268.119526
40.990650 42.885250 267.984500
41.277995 43.648223 268.228627
41.007200 44.306750 267.939750
41.282543 44.276227 268.155792
41.218695 45.090310 267.951195
41.057267 46.040067 267.848000
41.224884 46.075951 268.119525
41.094550 46.775550 267.776000
41.231201 46.862323 268.183748
41.144151 47.433061 267.786563
41.257194 47.240028 268.079950
41.069700 48.362867 267.934667
41.279921 48.280554 268.090547
41.088125 49.217800 267.887750
41.209527 49.176696 268.177536
41.123200 49.936300 267.779500
41.214814 49.921839 268.192251
41.142100 50.872500 267.878000
41.207811 50.752874 268.118124
41.135100 51.870300 267.788000
41.205265 51.359931 268.231582
41.130700 52.358567 267.783333
41.161300 53.143200 267.698000
41.214732 53.437594 268.093934
41.168520 54.079283 267.887076
41.186052 53.649640 268.169825
41.172250 54.812500 267.749000
41.150328 54.952973 268.225738
41.174769 55.558107 267.805582
41.177107 55.548983 268.038345
41.188988 56.569625 267.866809
41.148366 56.213103 268.021073
41.218000 57.204700 267.750750
41.138026 57.454525 268.061874
41.206875 58.020650 267.720500
41.078856 58.014783 268.106240
41.223200 58.880533 267.768000
41.092919 58.739732 268.048002
41.256525 59.551150 267.874750
41.058312 59.766451 268.138152
41.263350 60.110700 267.882000
41.017305 60.425644 268.132371
41.253200 61.181025 267.645500
41.026608 61.246964 268.043894
41.299325 61.961425 267.797750
41.025316 61.901892 268.020108
41.308625 62.707175 267.862750
41.026522 62.813125 268.060997
41.312850 63.780750 267.799000
40.983534 63.596381 268.120745
41.233387 64.486984 267.756482
40.981874 64.125729 268.135226
41.203480 65.115390 267.803900
40.990195 65.429155 268.070643
41.346275 65.996075 267.780500
40.975637 65.734833 268.061208
41.291074 66.760550 267.785177
40.986962 66.459365 268.011552
41.086475 67.557602 267.846503
41.207434 68.481164 267.793746
41.172768 69.167750 267.798028
40.856473 69.452412 268.010089
41.426050 69.982950 267.685250
40.855880 69.996029 268.019430
41.342223 70.748929 267.722607
40.893141 70.916511 268.048306
41.220698 71.657367 267.835191
40.867780 71.528424 268.008938
41.208753 72.400793 267.841267
40.857653 72.641611 268.014001
41.118043 73.245756 267.858174
40.845371 72.817180 268.028325
41.152734 74.058284 267.859981
41.273978 74.750544 267.758501
41.515000 75.493650 267.765250
41.530133 76.421400 267.639000
41.358980 77.094669 267.751277
41.571350 77.922225 267.780750
41.579733 78.920467 267.753333
41.579033 79.731133 267.765333
41.582700 80.279867 267.859000
40.950167 90.108124 266.051382
40.803149 90.022739 266.600212
41.619100 80.794100 267.752000
41.633167 81.221467 267.672000
41.664300 81.916000 267.688000
41.673900 82.750750 267.689750
41.687760 83.590740 267.678200
41.722100 84.422050 267.644000
41.746450 85.167050 267.633000
41.731560 86.014180 267.649800
41.764025 86.862275 267.599500
41.754075 87.595575 267.615500
41.780560 88.404620 267.518000
41.831833 89.300967 267.002333
41.734727 90.222150 263.320655
41.941500 90.032250 266.026000
41.890967 89.798733 266.640000
42.279656 94.369718 289.307153
42.077560 94.325467 290.061615
43.012425 13.901165 274.273886
42.463679 14.754193 269.071244
42.498709 15.583915 268.885217
42.511209 16.398492 268.769410
42.542230 17.037668 268.788337
42.533880 17.405260 268.820908
42.511251 17.949167 268.768501
42.535203 18.037106 268.839048
42.532745 18.490640 268.909145
42.843901 41.376208 268.156532
42.837261 42.803288 268.242838
42.899975 43.589898 268.246334
42.915659 44.465195 268.156295
42.913928 45.238750 268.094462
42.932419 46.034788 268.243659
42.912894 46.828412 268.194310
42.939350 47.590710 267.996008
42.927240 47.464043 268.064966
42.993819 48.424844 268.222006
42.997348 49.091673 268.208906
42.953643 50.363586 268.117634
42.966184 50.833898 268.185752
42.993302 51.541203 268.069939
43.025526 52.332027 268.134817
43.057051 52.897846 267.920311
43.050399 53.510749 268.132438
43.049215 54.144534 268.198076
43.084166 54.884395 268.176779
43.059002 55.658681 268.220586
43.078724 56.297496 268.167416
43.111081 57.099665 268.104547
43.098546 57.790269 268.078434
43.102685 58.840704 268.151003
43.105457 59.258371 268.072264
43.135661 60.691606 268.163114
43.126165 60.984924 268.075667
43.150979 62.145700 268.053784
43.166179 63.074133 268.063673
43.185321 63.305542 268.037246
43.199652 64.100029 268.110937
43.183742 64.864939 268.053086
43.194814 66.039185 268.079357
42.977269 94.329780 279.801769
42.785261 94.300058 280.519080
42.726302 94.251396 280.855113
43.020614 94.385319 286.807714
42.742896 94.388055 287.730955
42.539991 94.389527 288.412496
43.212489 65.290411 268.051880
43.213008 65.653653 268.012294
43.219922 66.607909 268.062845
43.246166 67.651205 268.103438
43.246246 68.091430 268.142868
43.299230 69.441028 267.964726
43.306362 68.899018 268.014116
43.255949 69.866869 267.973269
43.289839 71.149544 267.884090
43.273200 70.666004 268.127465
43.302976 71.365691 267.906653
43.299165 71.722135 268.162227
43.312836 72.359082 268.139483
43.346053 73.194549 268.133105
43.358806 74.109561 268.085321
43.366036 74.862795 268.165245
43.355724 76.560988 268.188855
43.402525 77.249098 268.104728
43.635906 78.059285 268.158040
43.479584 78.460802 267.995418
43.727162 78.821591 268.265579
43.472249 79.863900 267.995717
43.739406 79.543837 268.221360
43.997595 94.326027 276.393858
43.741651 94.330991 277.260344
43.562295 94.324844 277.902669
43.298667 94.322389 278.748657
43.728450 94.390513 283.837075
43.631587 94.371316 284.432468
43.438662 94.326915 285.209095
43.212078 94.391535 286.130716
43.858052 94.217229 294.162793
43.648836 94.222134 295.026421
43.485475 94.217122 295.674122
43.316424 94.186725 296.503287
43.286887 94.046371 296.942592
43.851707 94.401204 282.985611
44.221570 17.213405 279.726055
44.324557 18.651743 279.456843
44.266606 19.941638 279.551693
44.243757 20.167909 279.596100
44.606464 40.780716 268.684514
44.590066 41.197384 268.577247
44.592574 42.014678 268.570403
44.568426 42.429168 268.655387
44.561554 43.914030 268.714857
44.475210 43.464538 268.820367
44.561988 44.484719 268.592188
44.496215 45.218409 268.711196
44.518707 46.098398 268.721984
44.471768 46.105535 268.824033
44.464972 47.033086 268.673202
44.500416 47.567353 268.728175
44.479240 48.432181 268.697458
44.469504 49.033670 268.619368
44.444081 49.948984 268.609022
44.449490 50.575684 268.632481
44.422931 51.527673 268.632387
44.442121 52.510320 268.560667
44.492989 53.211322 268.489602
44.468452 54.190347 268.499904
44.418975 54.688774 268.592101
44.384073 55.625994 268.619646
44.384492 56.399769 268.588451
44.369083 57.303752 268.564905
44.368181 57.699871 268.542663
44.344450 59.059920 268.603854
44.351778 59.664320 268.563259
44.336545 60.357204 268.582053
44.326319 61.358286 268.574397
44.257227 62.036369 268.652760
44.332257 62.785821 268.391057
44.335424 63.573052 268.431092
44.310198 64.238276 268.450129
44.238255 65.469388 268.494885
44.201395 65.956634 268.488797
44.199194 66.834181 268.640597
44.221685 67.589726 268.434344
44.182814 68.532364 268.446571
44.196391 69.356568 268.391485
44.142034 69.921346 268.518341
44.159299 70.655772 268.426209
44.164001 71.651653 268.407864
44.161757 72.350883 268.398297
44.142156 73.207956 268.320911
44.102626 74.028526 268.405203
44.043326 74.737958 268.432649
44.077293 75.621223 268.424187
44.022041 76.470666 268.405541
44.013141 77.228604 268.409483
44.033142 77.971740 268.320703
44.653173 94.316785 274.171619
44.440793 94.309218 274.881003
44.269549 94.311342 275.450327
44.096251 94.324320 276.046671
44.731306 94.326304 279.508759
44.471956 94.366066 280.449150
44.243808 94.380456 281.377586
44.250490 94.383970 282.066497
44.156045 94.375637 282.966185
44.039897 94.391715 283.367520
44.766598 94.220174 290.326432
44.609110 94.219183 290.955148
44.447087 94.222473 291.601859
44.241941 94.216474 292.420984
44.052099 94.211643 293.276137
44.754918 94.275941 298.288401
44.940495 17.266881 279.935211
45.024197 18.301868 279.677337
45.008267 18.679119 279.671811
45.015609 19.497014 279.604778
44.976597 20.161632 279.690751
44.946482 41.089263 268.499047
44.902429 42.177867 268.592949
44.882430 42.809811 268.537186
44.927775 43.633399 268.484389
44.954492 44.263069 268.489331
44.989709 45.218397 268.520745
45.000053 45.991595 268.530065
45.012442 46.833838 268.469915
44.967435 47.486740 268.568640
44.995622 48.411028 268.612286
45.041287 49.303654 268.569433
45.046969 49.931738 268.447357
45.046767 50.876857 268.503321
45.047302 51.769849 268.585431
45.093405 53.497172 268.467165
45.090007 54.286146 268.364479
45.116060 54.703053 268.444002
45.102048 55.568984 268.524406
45.103798 56.144323 268.428739
45.159648 57.286871 268.585746
45.143520 58.055153 268.623041
45.211916 58.885847 268.339100
45.156170 59.802137 268.502422
45.172282 60.426390 268.545687
45.206176 61.245120 268.485378
45.180056 61.943423 268.529137
45.216459 62.704989 268.569641
45.256120 63.541331 268.296594
45.285972 64.308241 268.308678
45.253415 65.382414 268.609083
45.292658 65.945512 268.300092
45.325551 66.669448 268.391661
45.313194 67.566786 268.374679
45.341938 68.448824 268.343391
45.365056 69.458924 268.306817
45.380299 70.115011 268.344761
45.368425 71.594414 268.333679
45.371927 72.544582 268.413065
45.392706 73.100321 268.410973
45.411632 73.921286 268.361652
45.439932 74.894398 268.408068
45.444477 75.501878 268.375649
45.454670 76.314103 268.277651
45.482427 77.311061 268.519076
45.506957 77.990470 268.427703
45.494956 78.763190 268.391921
45.571538 79.507341 268.364035
44.948448 94.338722 273.219603
45.417742 94.373689 278.865835
45.163687 94.349674 279.676468
44.925826 94.356907 280.432611
45.562287 94.225556 287.056871
45.413931 94.215785 287.669594
45.251785 94.213635 288.355300
45.010061 94.228967 289.328880
44.848523 94.232359 289.973592
45.598445 94.352316 295.379971
45.385446 94.368264 296.266609
45.124784 94.353187 297.262133
44.846753 94.266680 298.079554
45.587972 94.405802 278.274437
46.001348 18.177879 279.832595
46.135076 18.611590 279.754383
46.223605 18.937403 280.055009
46.176103 38.169583 257.600897
46.382566 94.337690 272.679998
46.136734 94.385560 273.581434
46.191343 94.330464 276.241709
45.957327 94.351635 277.035366
45.760898 94.391080 277.674954
46.251549 94.237735 284.248125
46.145121 94.282003 285.287735
46.091111 94.288104 285.999013
45.978052 94.287280 286.640298
46.146742 94.325812 287.658231
46.046781 94.306673 288.491008
45.990022 94.280122 289.134872
46.143371 94.395576 293.086978
45.961025 94.369062 293.896129
45.766175 94.354915 294.733271
46.060768 94.407786 273.906270
46.302608 94.400355 292.458265
47.148326 48.606849 269.081428
47.165445 48.956092 269.058958
47.192894 51.791638 268.914469
47.165426 52.483933 268.953301
47.143406 54.132831 268.972328
47.173064 54.602793 268.919695
47.105350 55.630185 269.055808
47.123689 56.490684 268.936908
47.080484 57.316973 268.976234
47.081922 57.744401 268.980252
47.063633 58.460117 269.091438
47.058571 59.926390 268.890306
47.017827 60.459535 268.926740
46.970271 61.247691 268.985430
47.004655 62.093942 268.916394
46.968003 63.045999 268.960660
47.030255 63.599722 268.774268
46.939280 64.435890 268.915033
46.990352 65.227608 268.858795
46.989809 65.893946 268.773534
47.001511 65.661965 268.805140
46.879209 66.667219 269.056485
46.893857 67.545940 268.922704
46.944733 69.240039 268.703501
46.894911 69.657501 268.700766
46.879192 70.073584 268.894465
46.845947 70.774659 268.923988
46.878207 71.743941 268.798154
46.860003 71.482665 268.841101
46.834451 72.690427 268.766758
46.853056 72.273110 268.833052
46.825918 73.386020 268.707892
46.828128 73.908366 268.711229
46.732510 74.847814 268.894418
46.732718 75.624192 268.836867
46.781912 76.403813 268.694829
46.706763 77.232628 268.897703
46.772862 78.056774 268.718172
46.752196 77.739779 268.814034
46.672769 78.748706 268.718405
46.637888 79.556221 268.733169
46.628419 79.754245 268.809505
46.552396 94.366474 272.155472
47.112479 94.368151 273.376330
47.143235 94.346464 279.171337
47.122445 94.315404 279.547273
47.072604 94.263224 280.505869
46.940928 94.293205 281.274716
46.826186 94.279855 281.966410
46.635947 94.266659 282.960302
46.511252 94.286445 283.732310
46.525160 94.367775 284.533054
46.441840 94.364632 285.155877
47.034989 94.392301 289.538554
46.802331 94.401932 273.970208
47.123353 94.404993 289.173723
46.873949 94.401702 290.188278
46.709696 94.417384 290.855003
46.507284 94.411118 291.658138
47.648419 17.420047 280.221928
47.650368 18.209287 279.936230
47.646484 18.466980 279.941983
47.644525 19.550705 279.933410
47.431252 39.580314 269.153283
47.338947 40.466391 269.071984
47.443036 41.244574 269.142032
47.484415 41.973559 269.067522
47.483393 42.825967 269.093676
47.506482 43.608694 269.058666
47.538001 44.351103 269.053716
47.508652 45.137881 269.042654
47.520259 45.980451 269.081116
47.547357 46.785437 268.988518
47.477343 47.546747 268.983532
47.515245 48.380625 269.062807
47.558731 49.224562 269.014766
47.640662 50.065711 268.977351
47.500168 50.848573 268.983647
47.423898 51.634174 269.009100
47.536800 52.426303 269.079799
47.600963 53.239393 269.031403
47.636685 54.293255 268.798601
47.516186 53.972851 268.947035
47.597005 54.850062 268.993705
47.689861 55.571646 268.992763
47.631943 56.390918 268.926882
47.683402 57.199994 268.948659
47.709000 58.072026 268.950605
47.710901 58.755880 268.906866
47.747032 59.569068 268.978638
47.756914 60.374018 268.938377
47.913761 61.238695 268.787919
47.787296 61.260039 268.864289
47.671947 62.214204 268.909795
47.779551 62.595220 268.935888
47.723882 63.636109 269.013385
47.521294 64.310364 268.947465
47.970316 65.507638 268.744444
47.700852 65.135720 269.012127
47.625305 65.989464 268.910834
47.793392 66.727992 268.939483
47.958834 67.448814 268.728407
47.519863 67.594462 268.914440
47.468105 68.338456 268.995322
47.504254 69.114756 268.878473
47.502234 70.231110 268.728990
47.453053 70.138132 268.844737
47.506003 70.821893 268.706555
47.496455 70.790166 268.833738
47.499189 71.729499 268.908693
47.486736 72.419445 268.920535
47.477420 73.281621 268.887087
47.491447 73.992173 268.756091
47.490723 74.037746 268.848652
47.496027 74.982777 268.791454
47.490871 74.664932 268.896508
47.402443 75.637650 268.864706
47.415151 76.538877 268.878868
47.406971 77.221204 268.832611
47.401589 77.970779 268.873886
47.405148 78.797646 268.936923
47.404648 79.861000 268.787871
47.424821 79.374241 268.836926
47.332830 92.181677 301.228695
47.552744 94.321206 276.529182
47.391494 94.343659 277.351857
47.294608 94.349925 277.957657
47.209015 94.349590 278.567477
47.295632 94.216256 279.837984
47.233949 94.215270 280.198872
47.930958 94.367921 285.794117
47.733722 94.365767 286.586765
47.577713 94.382466 287.240506
47.998801 94.302799 295.668249
47.913521 94.304077 296.380099
47.825758 94.303165 297.082942
47.731208 94.300757 297.778771
47.604177 94.320427 298.710066
47.450292 94.345244 299.949320
47.419280 94.305185 300.352221
47.340603 94.185604 301.028447
47.418629 94.400850 287.907242
47.263575 94.411751 288.558978
48.780337 18.646239 280.316107
48.787414 20.044831 280.415682
48.017328 68.592174 268.904976
48.013140 69.225791 268.940565
48.034861 69.981252 268.895375
48.041141 70.740730 268.892655
48.056495 71.247498 268.835532
48.084013 72.396594 268.960872
48.061138 73.108726 268.906808
48.293053 74.145478 269.121714
48.436099 74.813879 269.056194
48.402316 75.594696 269.036157
48.524410 76.428957 269.004561
48.455729 77.230168 268.995350
48.189792 78.283087 268.753601
48.527772 77.947128 269.032228
48.194176 78.714553 268.706237
48.712599 78.780358 269.035701
48.220075 79.723813 268.651645
48.560251 79.476885 269.050166
48.752461 94.204628 273.937596
48.541038 94.247404 274.729259
48.685824 94.382150 282.647467
48.499384 94.387832 283.458143
48.282519 94.374889 284.334246
48.124434 94.364784 284.990456
48.784240 94.320172 289.468666
48.703080 94.310924 290.115511
48.618467 94.311544 290.790361
48.529109 94.321336 291.488213
48.439790 94.323851 292.166057
48.326597 94.308984 292.999339
48.209966 94.298494 293.852620
48.125569 94.308863 294.572481
48.045887 94.309642 295.285340
49.498866 18.289089 280.582713
49.559079 18.768641 280.451293
49.354194 39.909365 269.341206
49.348670 40.431101 269.388104
49.250700 41.202834 269.450669
49.238036 42.012125 269.449739
49.228710 42.685043 269.521487
49.275940 43.482413 269.299461
49.248719 44.303508 269.341173
49.241675 45.094003 269.417280
49.267069 45.947945 269.383659
49.214596 46.992154 269.176564
49.175392 46.819589 269.796378
49.213372 47.759991 269.371535
49.215879 48.210090 269.333623
49.203987 49.302319 269.344504
49.189242 50.107010 269.362155
49.150011 50.940259 269.340419
49.142479 51.699962 269.376725
49.178715 52.472583 269.357337
49.193540 53.314484 269.277656
49.165551 53.887872 269.220367
49.156623 54.581841 269.335899
49.119940 55.603210 269.263892
49.124000 56.271527 269.181512
49.075308 57.247578 269.230043
49.066371 58.057829 269.346689
49.080797 58.553748 269.220490
49.056986 59.624214 269.177364
49.010358 61.283404 269.204546
49.031943 62.039028 269.165852
49.072400 62.705319 269.062539
49.009966 63.390594 269.182864
49.045302 66.176989 268.900487
48.989975 66.497967 269.079177
48.948127 67.880567 269.160128
48.904611 69.326877 269.205192
48.838448 69.853367 269.211758
48.876573 70.632754 269.164810
48.819619 72.235731 269.157340
48.839962 73.151879 269.060837
49.113132 94.179850 272.655221
48.966368 94.202938 273.011980
48.827084 94.216687 273.607743
49.367254 94.302472 279.986596
49.200122 94.332390 280.616329
49.111074 94.347796 280.983187
48.882962 94.376315 281.893811
49.538051 94.318027 283.455005
49.413731 94.315769 284.412281
49.282017 94.311411 285.366541
49.171786 94.309706 286.190843
49.069504 94.312773 287.042165
48.983558 94.327274 287.733028
48.901073 94.324211 288.392878
48.823127 94.329013 289.084745
49.647241 18.930820 280.251610
50.271145 39.881950 269.557412
50.278023 40.436886 269.494174
50.307232 41.193760 269.446791
50.238475 42.066061 269.440194
50.280515 42.772466 269.480961
50.232499 43.542077 269.489344
50.211951 44.425024 269.502200
50.168744 44.364174 269.602727
50.210437 44.894527 269.466339
50.219210 46.015117 269.512488
50.233520 46.846784 269.418605
50.227276 47.521249 269.385693
50.187891 48.365297 269.415559
50.215222 49.085674 269.489254
50.184539 50.022811 269.515680
50.213599 51.061677 269.421584
50.225343 51.492466 269.362041
50.179536 52.608516 269.470587
50.208847 53.188531 269.426727
50.201570 53.983666 269.429518
50.207110 54.800313 269.385021
50.197978 55.922929 269.367473
50.154638 56.298504 269.476108
50.173070 57.254507 269.380775
50.177980 57.945928 269.382484
50.224221 58.576717 269.290205
50.174588 59.586559 269.430638
50.165113 60.454022 269.431665
50.150139 61.358225 269.456886
50.116179 62.060714 269.436535
50.204424 62.908795 269.274552
50.130198 63.612904 269.372931
50.119034 65.459464 269.508479
50.102755 66.025172 269.445772
50.091118 66.732506 269.285466
50.105300 67.717100 269.469571
50.093803 68.720714 269.353732
50.078435 69.240842 269.295981
50.096882 70.155989 269.380190
50.056810 70.766832 269.324235
50.069382 71.769075 269.336022
50.078656 72.083585 269.279607
50.089687 73.331649 269.245389
50.109781 74.143117 269.259747
50.080628 75.557867 269.201125
50.007388 76.571175 269.317018
50.043000 77.093388 269.267361
50.059415 77.981217 269.219789
50.046847 78.787431 269.207531
50.069941 79.581701 269.166677
50.332550 94.250959 277.876845
50.151526 94.264290 278.917037
50.025741 94.275342 279.685325
49.908692 94.291258 280.488634
49.833255 94.309769 281.173521
49.754536 94.326390 281.848399
49.644383 94.323052 282.657200
50.413497 41.953591 269.376053
50.413863 42.441404 269.364598
50.418004 43.827358 269.467488
50.415150 44.423920 269.396815
50.414575 45.168784 269.473897
50.447523 45.874996 269.503161
50.457719 46.805836 269.396053
50.445211 47.653658 269.417727
50.467455 48.341067 269.327285
50.473463 49.190762 269.422995
50.490373 50.192036 269.407394
50.543840 50.814821 269.301685
50.550893 51.577350 269.457550
50.543345 52.318309 269.492364
50.530777 52.617367 269.616176
50.555261 53.066216 269.490221
50.537330 52.803577 269.609396
50.584327 54.032046 269.338352
50.606259 54.808953 269.406009
50.607863 55.548532 269.402922
50.593637 56.377655 269.558239
50.638458 57.143594 269.327425
50.639778 58.839046 269.461655
50.640782 59.655250 269.398485
50.688876 60.577458 269.405852
50.683390 60.954215 269.442763
50.706376 61.970647 269.391606
50.704269 62.773986 269.341583
50.720724 63.710091 269.409658
50.758941 64.558972 269.565592
50.748841 65.184573 269.278605
50.743450 66.002450 269.342176
50.774554 66.863778 269.461278
50.780010 67.801492 269.361585
50.780319 68.602944 269.270480
50.798558 69.287746 269.364278
50.810036 70.057184 269.542159
50.848757 70.865306 269.280631
50.855142 71.694735 269.212068
50.897954 72.418685 269.299954
50.899474 73.370978 269.232021
50.938486 74.038938 269.302087
50.910277 74.823586 269.362996
50.934977 75.710187 269.303198
50.972788 76.443126 269.279084
50.992322 77.375440 269.317661
50.967168 78.312776 269.390663
50.982369 78.890321 269.288085
50.979757 79.598053 269.281121
50.999600 94.368822 273.341052
50.780324 94.337671 274.072632
50.520600 94.289586 274.772124
50.988378 94.311351 284.323579
50.768261 94.238600 284.989189
51.836816 19.423724 280.941963
51.742358 20.455686 281.020299
51.972818 73.284313 269.743107
51.993945 73.808330 269.699995
51.994481 75.577427 269.636744
51.993441 76.488579 269.685976
51.991335 76.825743 269.619972
51.991626 78.102604 269.694235
51.975564 78.800105 269.634095
51.920900 79.548369 269.704871
51.906995 94.317765 280.744136
51.753934 94.320780 281.335967
51.603543 94.336420 281.967826
51.379247 94.342262 282.872582
51.220130 94.337367 283.494392
51.849506 94.348292 288.941890
52.164975 17.197431 281.103392
52.160010 18.304162 281.060996
52.153416 19.813403 281.118366
52.149796 20.163368 281.162530
52.139004 39.812219 269.778658
52.160831 40.424172 269.834801
52.169453 41.346633 269.911228
52.145587 41.853941 269.962687
52.161362 43.049457 269.902397
52.113822 43.877347 269.946630
52.135963 44.293218 269.806330
52.133234 45.216949 269.884322
52.154405 46.016708 269.849567
52.158013 46.763810 269.799061
52.160524 47.503294 269.850297
52.145233 48.511541 269.738515
52.170831 49.100109 269.653892
52.132815 50.115587 269.814329
52.132582 50.698656 269.846405
52.102774 51.574921 269.871718
52.102675 52.218839 269.752853
52.130957 53.260713 269.764183
52.128553 54.192893 269.860351
52.131138 54.782956 269.726238
52.119810 55.569969 269.679695
52.126909 56.396984 269.819426
52.132633 57.113586 269.853411
52.120107 58.042679 269.645140
52.128541 59.003119 269.583604
52.119845 58.572260 269.639662
52.040314 59.609612 269.829046
52.113942 60.733120 269.679287
52.095014 61.103614 269.678620
52.081929 62.218248 269.673365
52.290849 62.513119 269.239360
52.051641 62.687803 269.725608
52.051133 63.569122 269.757312
52.027216 64.340675 269.771448
52.100446 65.360111 269.584836
52.015731 65.081932 269.769077
52.026027 66.284415 269.722950
52.100207 67.946104 269.593391
52.093514 68.032700 269.594464
52.033125 68.576307 269.717895
52.092517 69.397554 269.540311
52.044449 68.979802 269.676313
52.064541 69.678739 269.546040
52.052364 70.879936 269.696705
52.028807 71.601865 269.659377
52.020613 72.372555 269.677424
52.011405 74.680435 269.634888
52.006350 75.837955 269.613523
52.009899 76.115938 269.631304
52.009047 77.220146 269.573393
52.018313 77.702071 269.652886
52.798433 94.271123 277.058060
52.601092 94.292391 277.823376
52.415990 94.303039 278.601686
52.199393 94.326677 279.535985
52.042147 94.326387 280.182306
52.745752 94.426563 282.535409
52.642936 94.448952 283.391781
52.544654 94.455168 284.230136
52.445926 94.431520 285.008447
52.291457 94.431573 286.122704
52.204306 94.438852 286.815078
52.073128 94.437429 287.778370
52.025171 94.430009 288.130284
53.406726 39.685096 270.071937
53.339002 40.589569 270.066799
53.384006 41.197583 270.263080
53.424292 41.978322 270.220934
53.465030 42.760275 270.019125
53.452475 43.716814 270.077232
53.453654 44.415782 270.047990
53.498521 45.180994 270.025330
53.490405 46.158371 269.971058
53.506510 46.805251 269.976765
53.505021 47.441128 270.074595
53.524012 48.529822 270.059860
53.539431 48.987165 270.010209
53.531101 49.886304 269.999491
53.542966 50.888242 270.120619
53.556274 51.539308 269.950411
53.553665 52.223594 269.994892
53.595024 53.196359 270.167359
53.579402 53.767864 269.987656
53.544850 94.321890 274.231006
53.316958 94.322156 274.912247
53.137385 94.319053 275.534537
53.296537 94.427268 278.921776
52.902944 94.411601 281.219634
52.827829 94.438575 281.917556
53.660202 18.043076 281.399119
53.661486 18.602569 281.317771
53.698223 20.302102 281.351512
53.617872 52.826607 270.137862
53.601406 54.380341 269.973073
53.642956 54.846169 269.892810
53.623218 55.623346 270.044565
53.631414 56.414302 270.025050
53.628745 57.239734 270.020234
53.625944 58.116191 270.015825
53.650593 58.802432 270.034119
53.658924 59.794020 269.968460
53.693451 60.339343 269.872550
53.727565 61.049314 269.882376
53.760265 61.987931 269.877280
53.695606 62.957409 270.124574
53.734072 63.688728 270.066688
53.801680 64.367129 269.975522
53.793720 66.006038 269.934119
53.808939 66.558033 269.888938
53.779150 67.646270 270.053058
53.823342 68.458626 269.967197
53.835027 69.179278 269.899254
53.861596 69.944922 269.885898
53.888567 70.770075 269.971129
53.887222 71.601947 270.002325
53.930590 72.276640 270.073699
53.907580 73.281855 270.036777
53.923403 73.939411 270.070749
53.930884 74.788387 270.019983
53.924309 75.742927 269.922347
53.989833 76.425518 269.993684
53.990668 77.076588 270.032373
54.008361 78.099794 270.032874
54.044265 78.721874 269.937827
54.062982 79.604774 269.884377
55.183841 39.592702 270.683601
54.840970 41.082023 270.190474
54.823483 42.244955 270.232838
54.804482 42.856307 270.307315
54.786586 43.610941 270.304333
54.821049 44.353594 270.161522
54.785829 45.236460 270.269332
54.755244 46.096323 270.362436
54.825260 46.848717 270.196201
54.791754 47.544605 270.275489
54.779239 48.356885 270.252974
54.804697 49.306134 270.194613
54.794159 50.136575 270.346684
54.776918 50.164634 270.417218
54.796329 50.982553 270.184799
54.739415 51.644304 270.348496
54.771318 52.102764 270.454907
54.794520 53.128271 270.194488
54.749856 53.846152 270.065456
54.765111 54.718031 270.263886
54.807133 55.595788 270.148407
54.770887 56.412856 270.201124
54.745987 57.356758 270.196228
54.749213 57.884018 270.165904
54.749733 58.871953 270.240038
54.752189 59.689610 270.172350
54.730306 60.599092 270.230726
54.740834 61.294202 270.175646
54.759299 61.856910 270.123490
54.727668 62.775619 270.244706
54.713539 63.359647 270.201303
54.718082 64.315944 270.204632
54.809525 64.939251 269.957424
54.738933 65.688818 269.961772
54.705163 67.083518 270.061393
54.716955 67.636834 270.139662
54.723560 68.412011 270.043697
54.705279 69.290090 270.095601
54.698652 69.773943 270.154516
54.713506 70.489764 270.146897
54.701116 71.621950 270.100542
54.653511 72.213874 270.236616
54.664581 73.122422 270.162361
54.712511 73.678307 270.074976
54.624393 74.671285 270.280268
54.688404 75.570174 270.142055
54.659280 76.419646 269.981141
54.632958 77.239146 270.200007
54.678428 77.965730 270.050311
54.628733 78.925001 270.158883
54.663285 79.572304 270.037823
55.210929 39.905212 270.625726
55.264138 40.448048 270.630114
55.287165 41.151396 270.385815
55.268344 41.178765 270.524841
55.427053 42.064210 270.011252
55.239279 42.003224 270.604220
55.288729 42.587099 270.641197
55.316210 43.567696 270.646561
55.344566 44.371847 270.585761
55.352782 45.187588 270.553047
55.361625 46.048267 270.595157
55.363431 46.421855 270.586373
55.380794 47.614730 270.642549
55.388063 48.400755 270.633580
55.476558 49.544027 270.399952
55.402656 48.832998 270.617127
55.478725 49.715045 270.350359
55.439433 49.949963 270.466830
55.414497 50.501298 270.620076
55.422418 51.668700 270.515338
55.437838 52.406116 270.574355
55.448009 53.002235 270.568029
55.499200 53.825469 270.360738
55.545197 54.334477 270.518365
55.505028 55.136009 270.374166
55.543370 54.698731 270.878220
55.473601 55.424108 270.485779
55.486844 56.347811 270.514980
55.544229 57.136927 270.330288
55.573931 58.085029 270.492748
55.533579 58.846200 270.484287
55.521125 59.589781 270.690428
55.583511 60.072322 270.360442
55.588019 60.798207 270.474659
55.595451 61.183479 270.515915
55.622826 63.015976 270.365948
55.622872 62.510511 270.563260
55.624925 63.477555 270.375705
55.639313 63.864175 270.453979
55.644846 64.472786 270.376171
55.645705 64.840991 270.406290
55.684714 66.088514 270.515306
55.693429 66.712998 270.516543
55.667729 67.430041 270.347926
55.700944 67.832311 270.491442
55.722130 68.413680 270.479187
55.717766 69.137407 270.468214
55.732471 70.106562 270.571358
55.778773 70.668752 270.357276
55.776828 70.761410 270.417490
55.771908 71.576632 270.536148
55.790415 72.479916 270.489228
55.839490 73.294841 270.562081
55.784086 74.085017 270.567824
55.786613 74.633603 270.511120
55.844161 75.556171 270.346576
55.857133 76.015075 270.361016
55.840228 76.537521 270.574211
55.877197 77.122970 270.493664
55.873067 78.077932 270.446902
55.894625 78.868622 270.602808
55.915111 79.548814 270.396450
55.921546 79.556344 270.426981
58.028166 14.861715 271.985360
58.058868 15.807760 271.933449
58.044406 15.470253 272.077489
58.031386 16.154320 271.984756
58.038677 16.606729 272.090095
58.045741 17.124375 271.986555
58.046750 17.272232 272.037163
58.039684 18.006607 272.076190
58.156450 40.599200 270.824500
58.209950 41.096948 270.837339
58.176425 41.916483 270.848312
58.199964 42.842170 270.855479
58.211359 43.757547 270.799948
58.207552 44.573588 270.854406
58.232383 45.260943 270.821520
58.233238 46.121746 270.913421
58.234953 46.902717 270.905135
58.281586 47.591402 270.852440
58.309907 48.317070 270.764751
58.257002 49.325878 270.903212
58.273420 50.004370 270.849705
58.257641 50.742998 270.867874
58.265233 51.696470 270.795138
58.290417 52.339435 270.746584
58.218118 53.272572 270.906823
58.189310 54.052835 270.938684
58.168298 54.880725 270.921550
58.186018 55.624649 270.940681
58.194662 56.438765 270.764107
58.195266 57.968499 270.850776
58.199435 58.816022 270.844847
58.193797 59.572058 270.874248
58.093833 60.406400 271.043287
58.188849 61.345577 270.904869
58.201405 61.954229 270.785914
58.178979 62.958025 270.896190
58.130017 63.463254 271.012456
58.127674 64.286405 270.742481
58.091820 64.963982 270.854234
58.076319 65.914802 270.867662
58.101477 66.751642 270.772049
58.085488 67.705445 270.902315
58.077472 68.282780 270.810385
58.120641 69.104095 270.849578
58.103628 70.043490 270.817401
58.098559 71.495340 270.858341
58.096599 72.305470 270.788343
58.102670 73.184102 270.701805
58.074095 73.808940 270.800628
58.077749 74.766384 270.738153
58.054045 75.576994 270.843704
58.078065 76.260714 270.745839
58.061525 77.234989 270.684311
58.073678 77.954133 270.700561
58.079679 78.791555 270.677114
58.070329 79.552119 270.695023
58.068742 80.287288 270.712386
58.064714 81.156298 270.679746
58.042804 82.149938 270.694086
58.068748 82.676220 270.674731
58.048092 83.489084 270.699069
58.035490 84.352986 270.601169
58.012004 85.248224 270.678827
57.981218 86.041980 270.731629
57.960586 86.770620 270.795644
57.961273 87.562802 270.806313
57.997648 88.420104 270.674905
58.124224 89.473835 270.129668
58.054947 88.872646 270.429548
58.260302 90.044955 269.452237
58.185777 89.745791 269.827510
58.406900 49.809900 270.278000
58.429550 53.243300 270.731500
58.473700 53.650200 270.528000
58.442400 54.677200 270.791000
58.463967 55.630333 270.706000
58.499350 56.453500 270.642000
58.572450 57.134450 270.698500
58.590300 57.991700 270.791000
58.599867 58.718833 270.677000
58.615850 59.392400 270.771500
58.650700 60.293875 270.761250
58.659675 61.259875 270.686750
58.679650 62.092450 270.691500
58.680867 62.646700 270.689000
58.693750 63.502300 270.628000
58.755850 64.396625 270.519250
58.769700 64.946850 270.484000
58.796600 66.211950 270.567000
58.797850 66.760850 270.637500
58.845500 67.627800 270.687500
58.878900 68.405550 270.787500
58.886300 69.055600 270.738000
58.904900 69.988380 270.658800
58.939800 70.697700 270.572000
58.943900 71.727450 270.693000
58.947367 72.247000 270.743333
58.967200 73.170120 270.614800
58.990900 73.986367 270.666667
59.026000 74.608433 270.534667
59.071800 75.581967 270.527333
59.103900 76.415567 270.716000
59.138500 77.106067 270.683333
59.168025 77.945400 270.548750
59.169675 78.735825 270.634000
59.196100 79.298550 270.634500
58.567958 90.208391 268.431064
59.498458 14.883158 272.220600
59.531490 16.368710 272.236715
59.975766 40.946694 271.058130
59.992317 42.015787 270.990134
59.219900 79.780800 270.700667
59.235300 80.502200 270.573500
59.249367 81.072200 270.594333
59.274867 81.889733 270.593667
59.294225 82.870875 270.597500
59.339800 83.594833 270.589000
59.395875 84.394675 270.632750
59.417000 85.158825 270.654750
59.451375 85.918725 270.663750
59.468440 86.781300 270.696600
59.497175 87.637025 270.707750
59.553700 88.756100 270.360000
59.542925 88.378325 270.656750
59.565280 89.241040 270.118000
59.651000 90.059100 268.730000
59.621433 89.899500 269.227333
59.606600 89.653100 269.611000
60.009953 42.827179 270.971083
60.036435 43.788661 271.104658
60.054211 44.466177 271.198495
60.081568 45.207636 271.101690
60.102662 46.099092 271.050660
60.113586 46.826667 271.138749
60.113183 46.961885 271.207112
60.130584 47.629659 271.111279
60.174034 48.360968 270.986990
60.151502 49.189969 271.157979
60.168684 49.784017 271.102296
60.224396 50.805870 270.904586
60.243470 51.799629 270.955660
60.220865 52.417014 271.041435
60.258617 53.134853 271.009304
60.262354 53.813460 270.980291
60.276883 54.804596 270.942275
60.325335 55.895985 270.912322
60.348695 56.381028 270.962956
60.354002 57.085197 271.110867
60.383995 57.856015 271.049821
60.455622 58.839570 270.929788
60.451322 59.481419 271.008590
60.455363 60.318773 271.067196
60.515167 61.288390 270.883062
60.496606 62.105066 270.903886
60.521998 62.864485 270.951083
60.596133 63.657090 270.872844
60.564511 64.537830 270.894000
60.575882 65.138036 270.875895
60.632449 66.185816 271.009442
60.631411 66.798891 271.124075
60.687798 68.522975 271.124020
60.718080 69.348851 270.915403
60.740615 70.003878 270.962907
60.790459 70.838383 270.976482
60.789798 71.560507 270.869306
61.308349 9.533443 275.904053
61.312612 9.806651 275.886166
61.324017 11.433683 275.986831
61.314302 11.342065 276.025786
61.322757 14.771610 272.663320
61.194505 15.751511 272.696779
61.199605 15.218863 272.835533
61.267522 16.424943 272.733892
61.257122 17.186468 272.738736
61.350181 18.059276 272.625037
61.150432 18.503546 272.750232
61.557137 41.265974 271.367824
61.483941 42.187244 271.504775
61.481802 43.029604 271.372242
61.474501 43.624426 271.433302
61.467007 44.320702 271.542766
61.505610 45.169689 271.418971
61.481058 45.927929 271.418507
61.444759 46.672464 271.400103
61.464343 47.551190 271.433557
61.439337 48.354967 271.502950
61.463831 49.220891 271.392204
61.522511 49.982234 271.291241
61.465941 50.726665 271.452217
61.464870 51.509763 271.418045
61.446701 52.398507 271.460382
61.443320 53.191267 271.452185
61.509883 54.038198 271.317515
61.445481 54.865196 271.435890
61.441738 55.278253 271.314856
61.437525 56.305820 271.371757
61.454892 57.206437 271.249547
61.418259 58.139783 271.471551
61.435800 58.732934 271.357923
61.427105 59.606398 271.382967
61.435726 60.519770 271.290843
61.426719 61.278785 271.276204
61.410685 61.879814 271.318284
61.405324 62.527059 271.312799
61.414413 63.485728 271.265030
61.405708 64.349659 271.280852
61.408849 65.284487 271.262231
61.349415 66.135409 271.369258
61.412843 66.570072 271.185229
61.383009 66.841137 271.293882
61.411011 67.558620 271.230037
61.388488 68.366943 271.258689
61.351464 69.351993 271.316264
61.338302 69.984202 271.305848
61.316790 70.804867 271.396179
61.410865 71.898137 271.163665
61.329828 71.666675 271.343181
61.389535 72.471116 271.157767
60.951724 72.745762 271.498757
60.842165 73.282934 270.935746
61.145043 72.915848 271.375512
60.869688 73.805290 271.081893
61.359439 73.909695 271.258395
60.877035 74.617447 271.054080
61.306639 74.610317 271.309400
61.058206 75.648842 270.949176
61.294369 75.445016 271.344023
60.955224 76.352225 270.986552
61.328495 76.440510 271.248323
61.143530 77.186912 271.094408
61.320767 76.913690 271.255433
61.020071 77.975994 270.949735
61.328035 78.127551 271.232761
61.075181 78.895273 270.983817
61.324487 78.510498 271.212157
61.126825 79.572359 270.992544
61.284805 79.703156 271.254967
61.096193 80.341491 270.870594
61.276889 80.316900 271.288739
61.185099 81.185407 271.056905
61.280447 81.195470 271.238953
61.139503 82.080501 271.011693
61.284719 82.001462 271.244331
61.236197 82.751889 271.099951
61.282032 83.157675 271.218032
61.189238 83.619014 271.043257
61.251198 83.522928 271.246239
61.225497 84.243628 271.072702
61.240792 84.679285 271.228111
61.263747 85.279387 270.990002
61.216974 85.139801 271.237702
61.267786 86.039628 271.017860
61.288753 86.814888 271.012410
61.296245 87.762163 271.041368
61.196151 87.573250 271.279396
61.301916 88.485058 270.784511
61.449700 89.390700 270.343496
61.357355 89.185242 270.600668
61.515175 90.009011 269.428208
61.466342 89.800344 270.044323
61.987908 40.881343 271.189238
62.024317 41.239517 271.395413
62.047917 41.996671 271.497537
62.055841 42.829552 271.511829
62.092606 43.724948 271.289971
62.068602 44.391278 271.391052
62.073109 45.210701 271.335552
62.153394 45.953124 271.481418
62.147762 46.711293 271.307385
62.170267 47.928485 271.421228
62.192308 48.385053 271.388430
62.200805 49.074484 271.274714
62.210394 50.121830 271.246811
62.260022 51.561028 271.482015
62.292222 52.351044 271.272860
62.288396 53.543209 271.419587
62.287076 53.686413 271.410643
62.315381 54.988220 271.406191
62.346542 55.740028 271.401020
62.357174 56.487644 271.489829
61.674146 90.097661 269.306455
62.488623 57.171661 271.574465
62.420308 58.296141 271.156610
62.408496 58.122317 271.210530
62.450731 58.668544 271.163785
62.475529 59.419489 271.312775
62.494310 60.457792 271.376792
62.534183 61.292226 271.497245
62.553602 61.910539 271.473177
62.560425 62.726129 271.379011
62.599351 63.529126 271.403367
62.625506 64.403179 271.347740
62.635756 65.258192 271.381593
62.682537 66.332575 271.199065
62.664998 65.796778 271.307334
62.681655 66.700937 271.292545
62.698058 67.602188 271.421089
62.764165 68.391181 271.471712
62.759741 69.231747 271.368296
62.763494 70.265295 271.188715
62.770106 69.831188 271.333546
62.788804 70.746677 271.305930
62.874645 71.982358 271.333500
62.873018 72.503219 271.306458
62.922836 73.261233 271.171055
62.910236 73.125417 271.202990
62.912491 74.098591 271.352717
62.930460 74.697469 271.332973
62.982876 75.768541 271.427114
63.001967 76.503425 271.310093
63.033375 77.173813 271.396722
63.043121 77.929186 271.408035
63.043114 78.766055 271.373971
63.122860 79.750078 271.154834
63.081611 79.397614 271.293158
63.143409 80.109341 271.133496
63.119492 80.642807 271.330191
63.132588 81.197670 271.327825
63.182135 81.926461 271.225260
63.193654 82.868463 271.226149
63.666723 9.296335 274.138869
63.756010 8.851552 274.638166
63.841965 8.884444 289.627625
63.681126 10.101814 274.135289
63.676147 11.151282 274.030487
63.691210 11.612616 274.016210
63.703902 12.259632 274.146280
63.801437 13.259696 274.187626
63.929808 14.752208 273.199863
63.866053 15.568508 273.165438
63.897131 16.441052 273.132984
63.898300 17.195944 273.093130
63.908147 18.012246 273.053691
63.790662 18.568089 273.498205
63.992252 77.321609 271.716352
63.999990 77.728020 271.710992
63.982289 79.053790 271.634158
63.960788 79.667493 271.596518
63.979177 80.024866 271.617726
63.986859 81.276079 271.591724
63.726089 81.923980 271.502948
63.207750 83.048880 271.190233
63.735608 82.796815 271.421932
63.222106 83.323187 271.179856
63.824015 83.672875 271.502949
63.603090 84.375292 271.436550
63.671420 85.122140 271.427739
63.683455 86.006796 271.409434
63.686607 86.783100 271.419764
63.693047 87.681417 271.383385
63.421643 88.503799 270.999108
63.965074 88.432822 271.400945
63.567759 89.146213 270.869522
63.541077 89.854692 270.162918
63.516932 89.633400 270.545142
64.717619 7.726218 283.895526
64.135717 8.754335 273.820116
64.689327 8.165408 283.821419
64.390399 8.439353 284.723157
64.132886 9.218243 273.866926
64.166426 9.956513 273.779249
64.166339 10.787624 273.729764
64.143289 11.621722 273.733083
64.158594 12.259036 273.778882
64.166725 13.221425 273.848221
64.114651 14.988929 273.234408
64.101121 15.648511 273.168869
64.049683 16.335155 273.171794
64.061471 17.153498 273.172345
64.060581 17.977353 273.146340
64.623005 40.780602 271.841934
64.435668 41.276514 271.844010
64.367681 40.970180 272.177532
64.394604 42.028250 271.836722
64.429384 42.816456 271.889594
64.158088 42.843682 272.019575
64.420703 43.596970 271.808129
64.369630 43.322223 272.037744
64.397331 44.432553 271.827418
64.262080 45.187452 271.900721
64.389154 45.199355 272.021854
64.287324 45.981897 271.887234
64.269330 46.746203 271.895843
64.294753 47.633920 271.755385
64.258790 48.357423 271.806247
64.317292 49.194895 271.738595
64.297006 50.096871 271.824692
64.276610 50.784811 271.832103
64.333043 51.534456 271.743095
64.362822 52.350264 271.769039
64.334172 53.178680 271.815070
64.369363 53.948195 271.718649
64.367247 54.762631 271.781119
64.368594 55.588207 271.775741
64.371925 56.331354 271.755141
64.357278 57.116188 271.841641
64.262742 58.064149 271.720503
64.338486 58.835456 271.730759
64.292739 59.633959 271.727837
64.210896 60.355662 271.714220
64.426750 61.236902 271.797886
64.284400 61.969524 271.769018
64.365776 62.833523 271.765300
64.290259 63.605737 271.679088
64.315385 64.447432 271.709444
64.246881 65.259541 271.662837
64.389894 66.047492 271.661788
64.362822 66.789889 271.629630
64.261444 67.535081 271.646821
64.433301 68.321438 271.677131
64.398935 69.284560 271.651874
64.379961 70.034228 271.734845
64.287863 70.890201 271.739532
64.279755 71.652390 271.635568
64.245473 72.304680 271.663027
64.414713 73.234960 271.702725
64.322927 73.973875 271.666798
64.364904 74.793883 271.659586
64.424240 75.568913 271.745694
64.288601 76.384459 271.651875
64.461894 77.094959 271.753842
64.345648 78.090069 271.683499
64.482682 78.727203 271.715795
64.615257 79.620619 271.760877
64.319165 80.383809 271.645399
64.600265 81.233413 271.688237
64.334338 82.064236 271.544391
64.492328 82.659001 271.561746
64.631331 83.581687 271.641569
64.607987 84.221493 271.722132
64.652114 85.243417 271.615639
64.652039 86.067797 271.635763
64.635567 86.754935 271.609658
64.673995 87.679852 271.646518
64.704058 88.536446 271.495763
64.274621 89.347213 270.809773
64.750601 89.046251 271.359578
64.467243 90.087314 269.467002
64.317457 89.931278 269.953281
64.151784 89.673066 270.545925
64.814849 43.230290 272.073008
64.814395 45.087227 271.872270
64.808446 45.850449 271.764776
64.877351 47.113070 271.978782
64.860429 46.902993 272.012103
64.844614 47.504841 271.752979
64.863517 48.555738 271.727067
64.865788 49.049007 271.773574
64.907412 49.899979 271.976075
64.892914 50.280941 272.027971
64.933808 51.001934 271.905048
64.897098 50.465350 272.015105
64.937510 51.696059 272.017028
64.929932 52.531620 271.667829
64.948936 53.265163 271.574119
64.986296 54.037538 271.697224
65.025682 54.852348 271.623028
65.051738 55.684307 271.741650
65.008555 56.439538 271.926406
65.063944 57.089446 271.860965
65.077549 57.919743 271.650058
65.108902 58.861318 271.734516
65.137624 59.814147 271.737975
65.174531 60.375685 271.732685
65.184716 61.133294 271.869223
65.196332 61.971579 271.676067
65.204366 62.904283 271.782219
65.261581 63.628919 271.691233
65.315942 64.466561 271.670268
65.311729 65.336268 271.793768
65.330801 66.003324 271.840346
65.373716 66.754748 271.857448
65.407631 67.497668 271.840275
65.411308 68.381296 271.738717
65.467342 69.099990 271.864659
65.431642 69.997526 271.741727
65.515814 70.719544 271.606863
65.525090 71.713032 271.824226
65.528727 72.184281 271.826221
65.568003 73.264670 271.672539
65.563429 74.042541 271.787808
65.596129 74.528046 271.828958
64.841881 89.402516 270.825796
65.004825 89.957166 270.080302
64.894713 89.696280 270.611332
66.277528 7.850243 283.803498
66.231733 8.108842 283.894205
65.865142 9.350545 273.344959
65.848858 9.230395 273.792801
65.748049 8.993359 290.543839
65.845675 10.111963 273.664301
65.823075 10.631913 273.630241
65.767267 11.921916 274.119574
65.738420 12.129448 273.829000
65.763340 13.194490 273.840238
65.855291 13.723879 273.866891
65.867820 14.551943 273.517425
65.832375 15.040818 273.603680
65.832981 15.523295 273.617745
65.836900 16.530238 273.623690
65.864096 17.309893 273.548771
65.860804 16.968902 273.620869
65.850111 18.069290 273.528427
65.806698 17.845449 273.641496
65.884486 18.532429 273.493453
66.146099 40.975239 272.166084
66.181105 42.023097 272.108832
66.162092 42.791750 272.105783
66.190084 43.698585 272.101494
66.186398 44.254508 272.097529
66.177998 45.370633 271.865606
66.178651 44.984170 272.079784
66.182138 46.029066 272.118811
66.185934 46.820702 272.137541
66.120955 47.705561 272.207961
66.080779 48.748112 272.214082
66.157867 49.213483 272.086166
66.168114 49.963333 272.029908
66.173442 50.808675 272.065825
66.180914 51.544345 272.071051
66.160823 52.362799 272.147790
66.139806 53.145503 272.118120
66.108196 53.945966 272.148808
66.142869 54.772611 272.071116
66.165647 55.721084 271.960161
66.113617 55.425988 272.093799
66.145363 56.661299 272.036307
66.118390 57.205677 272.088050
66.078582 57.902990 272.161085
66.164510 58.633749 271.924095
66.077487 59.539237 272.090608
66.086959 60.497553 272.098455
66.111113 61.334213 272.093641
66.099475 61.870786 272.127247
66.134204 62.616147 271.981417
66.097943 63.127940 272.096379
66.082992 63.649692 272.077552
66.068953 64.439345 272.044176
66.054455 64.950242 271.969078
66.049331 65.226775 272.008060
66.038935 66.187212 271.955213
66.034770 65.685910 272.073376
66.049536 66.538730 271.947280
66.075051 66.912269 272.018346
66.060109 67.631661 272.049853
66.033777 68.059497 271.993897
66.061496 68.522833 272.067608
66.065475 69.121906 271.996612
66.067418 68.968080 272.071347
66.062658 70.293369 272.048603
66.050012 70.808332 271.979507
66.051378 70.822892 272.033029
66.042903 71.622920 272.033105
66.025246 72.576773 271.951566
66.047030 72.247677 272.041952
66.042378 73.256266 271.940005
66.036137 73.222854 272.024632
66.064405 73.998827 271.943870
65.832826 74.773315 271.887935
66.049798 74.835994 272.064327
65.844547 75.592507 271.910821
65.847985 76.431765 271.850352
66.025801 76.349575 272.012952
65.837761 77.182358 271.847697
65.860260 77.989132 271.823898
66.030232 78.035435 272.038795
65.819266 78.771310 271.789377
65.883303 79.664994 271.864454
65.913007 80.390181 271.791934
65.946702 81.154343 271.804049
65.919650 81.958415 271.834173
65.907067 82.799086 271.852172
65.909979 83.617174 271.802747
65.933051 84.391917 271.790932
65.954571 85.182956 271.716128
65.956307 85.963101 271.814645
65.969958 86.798343 271.818462
65.978957 87.566634 271.756470
66.029459 88.478883 271.679286
66.111743 89.374875 271.004882
66.063917 89.096030 271.349333
66.344303 89.957483 270.199140
66.193410 89.744659 270.669761
66.591218 8.584893 274.109765
66.726703 9.260936 273.952904
66.693016 10.053475 273.897968
66.751673 10.798383 273.915332
66.708903 11.751591 273.903450
66.696958 12.359962 273.970066
66.683794 13.558160 273.588463
66.849045 13.239644 274.193826
66.925792 13.708664 273.664185
66.645653 15.142507 273.529997
66.730853 14.777802 273.759702
66.636982 15.402437 273.547244
66.860847 15.490668 273.700611
66.660868 16.477555 273.487875
66.866596 16.189222 273.714722
66.768984 17.282566 273.581562
66.617469 17.190800 273.627518
66.748387 18.005165 273.559221
66.742843 17.938236 273.666195
66.989220 41.075582 272.302602
67.019924 41.977180 272.266320
67.053663 42.741102 272.182154
66.962355 43.667035 272.341092
67.000296 44.426951 272.215013
67.009271 45.336476 272.317449
67.026778 45.953455 272.279189
67.051416 46.874733 272.211165
67.022791 47.648034 272.266062
67.032800 48.385178 272.226660
67.039022 49.144939 272.267606
67.050371 50.047611 272.201373
67.036344 50.768337 272.229944
67.057583 51.459957 272.109482
67.051339 52.328210 272.203349
67.053207 52.975665 272.249007
67.087168 54.287541 272.186396
67.056059 54.888507 272.242281
67.065902 55.539397 272.223291
67.103101 56.410451 272.232573
67.083910 57.209714 272.213347
67.087943 58.034815 272.148188
67.085589 58.895806 272.124389
67.095246 59.719455 272.211573
67.096180 60.369706 272.161232
67.103041 61.164168 272.248382
67.135430 62.057021 272.078344
67.141649 62.725974 272.078365
67.089839 63.681608 272.159238
67.104983 64.378669 272.131037
67.135686 65.188074 272.126762
67.122569 66.098127 272.169909
67.111149 66.720617 272.126351
67.147392 67.686460 272.047560
67.143464 68.419108 272.180795
67.198835 69.180817 271.959665
67.142868 69.430841 272.114817
67.134158 69.700501 272.151574
67.146000 71.034791 272.067445
67.133443 71.346578 272.076072
67.166065 72.360122 272.192823
67.161427 73.139701 272.295270
67.169788 74.020563 272.203843
67.182797 74.575355 272.167094
67.173725 75.709182 271.990225
67.164934 75.909411 272.057411
67.163939 76.399459 272.108572
67.199917 77.685878 272.004272
67.184017 79.186171 272.104761
67.188677 79.628494 272.083967
67.195254 80.286463 272.150561
67.196156 81.562399 272.182187
67.198054 84.496853 271.982659
67.082318 90.091311 267.447408
66.512121 90.118173 269.414466
67.221901 8.702225 281.094775
67.473111 41.206678 272.231082
67.488947 42.021582 272.259071
67.474663 42.905423 272.219282
67.505489 43.656127 272.224926
67.554085 44.453227 272.239154
67.584758 45.314268 272.435671
67.577784 46.110998 272.317882
67.578693 46.781638 272.342299
67.620999 47.602907 272.300793
67.623983 48.495221 272.341961
67.682291 49.430177 272.487444
67.672615 50.001945 272.215565
67.712219 50.659202 272.235870
67.700978 51.415103 272.292028
67.723175 52.427970 272.253866
67.738416 53.144137 272.243693
67.767228 54.109361 272.163573
67.776739 54.822598 272.156387
67.838730 55.470684 272.186472
67.897410 56.409873 272.393127
67.912723 57.571228 272.124951
67.874820 58.084709 272.221124
67.892758 58.754743 272.285738
67.929369 59.643951 272.289297
67.977858 60.497029 272.144337
67.994467 61.355330 272.238326
67.985641 61.982204 272.169510
67.989209 62.421573 272.109507
67.200705 69.011324 271.953497
67.237158 70.179769 271.922245
67.223004 70.453531 271.954997
67.225957 74.968370 271.920569
67.209905 75.411715 271.919989
67.219510 77.495855 271.934115
67.258668 77.097012 272.088783
67.238283 78.053876 271.953047
67.221768 78.622593 272.046259
67.239718 80.781732 271.965476
67.233435 80.631554 272.040313
67.236977 81.130620 271.976824
67.231634 81.313674 272.021000
67.215762 82.047943 272.178714
67.245041 82.721606 272.093698
67.265104 83.836188 271.887945
67.242229 83.440561 272.087671
67.223273 84.473023 271.921680
67.231982 84.951134 271.963680
67.268664 85.351797 272.062652
67.252481 86.396997 271.909180
67.226274 86.090157 272.137489
67.246241 86.503393 271.911276
67.221379 86.991837 272.155726
67.265384 87.460190 272.119279
67.302405 88.351366 271.799647
67.466824 89.585624 271.166792
67.393397 89.132599 271.422801
67.687994 89.952804 270.174562
67.541083 89.809927 270.760486
68.438927 9.286373 274.684504
68.443286 9.981599 274.581949
68.426796 10.784519 274.634563
68.431414 11.585708 274.637763
68.437258 12.206221 274.609720
68.331423 12.923732 274.728907
68.541950 14.953115 274.039286
68.528056 15.825932 274.043124
68.513776 16.444330 274.070510
68.523384 17.246632 274.093270
68.555902 17.992349 273.961564
68.002596 60.694575 272.199602
68.018339 60.994080 272.289965
68.052659 62.864870 272.309617
68.034923 63.570332 272.204623
68.038183 64.240310 272.210960
68.109847 65.226207 272.204857
68.116068 66.026532 272.274512
68.152810 66.750251 272.178636
68.141844 67.588775 272.363554
68.184091 68.378506 272.318762
68.181561 68.936404 272.320130
68.240502 69.797294 272.256698
68.280766 70.784536 272.212973
68.313544 71.651386 272.308650
68.300095 72.446427 272.125931
68.368068 73.138423 272.269159
68.389686 74.060186 272.309228
68.395583 74.834689 272.308604
68.405776 75.675146 272.261061
68.390098 76.413399 272.239191
68.486169 77.239350 272.169702
68.497043 77.802365 272.181601
68.499501 78.801846 272.260055
68.560955 79.613318 272.261139
68.585287 80.437233 272.192203
68.583969 81.168145 272.115017
68.622290 81.976781 272.205822
68.667237 82.787148 272.177475
68.683911 83.622930 272.158188
68.715072 84.403569 272.222617
68.752501 85.145131 272.200512
68.765764 86.009314 272.249585
68.783851 86.835014 272.180456
68.941839 41.313037 272.633044
68.997217 42.027172 272.516648
68.955129 42.845585 272.564582
68.925230 43.566449 272.616242
68.986791 44.449617 272.545224
68.941582 45.174990 272.657360
68.949228 45.949883 272.625306
68.971163 46.719503 272.559839
68.947888 47.417438 272.671754
68.986540 48.404921 272.593882
68.953878 49.186672 272.640180
69.002679 50.105281 272.539591
68.958452 50.882711 272.595281
68.971076 51.630186 272.600042
68.981278 52.368997 272.525373
68.977739 53.197377 272.586853
68.986093 54.005958 272.574266
68.978939 54.885089 272.374272
68.991998 55.793142 272.519443
68.988744 56.168889 272.352808
69.010703 57.039895 272.608208
69.017118 58.043432 272.506045
69.030043 58.817791 272.478700
69.044258 59.627686 272.479075
69.054201 60.450867 272.527907
69.066545 61.139326 272.430859
69.070021 62.092163 272.285806
69.047428 62.942080 272.471606
69.057255 63.473897 272.424149
69.089809 64.273931 272.401998
69.064985 65.286200 272.492954
69.050117 66.180057 272.464144
69.087662 66.971192 272.392159
69.102259 67.699185 272.430155
69.088719 68.195062 272.423371
69.069417 69.221269 272.527517
69.104281 70.041567 272.424973
69.093908 70.740402 272.470729
69.105406 71.569744 272.399235
69.092136 72.424385 272.454056
69.085094 73.091844 272.493370
69.119911 73.989428 272.345902
69.108717 74.445668 272.377083
69.113078 75.618852 272.463251
69.129172 76.363472 272.382265
69.134665 77.174437 272.420026
69.138084 77.969910 272.347868
69.145320 78.786292 272.369038
69.143224 79.589748 272.337478
69.150577 80.401427 272.316043
69.162477 81.131004 272.330452
69.120955 82.077575 272.480647
69.141841 82.924337 272.458855
69.176192 83.488435 272.372806
69.148518 84.616016 272.450205
69.192621 85.226892 272.414887
69.192749 85.996933 272.398898
69.188575 86.672933 272.347059
68.987779 87.581027 272.272251
69.002837 88.451022 272.167350
69.183709 89.328634 271.695968
69.105853 88.857323 272.038680
69.470692 89.871577 271.090969
69.188755 89.662495 271.382171
70.005643 15.140317 274.372604
69.975263 14.684181 274.564900
70.001991 15.319914 274.373857
69.987048 15.614513 274.476258
70.010248 16.158752 274.350078
70.007785 17.303072 274.475056
70.036302 18.279440 274.295173
70.082213 90.135713 268.442313
69.727368 90.060169 270.027610
71.163297 14.826696 274.637048
71.142211 15.611584 274.650370
71.155323 16.407199 274.593452
71.141074 17.181532 274.613362
71.157855 18.006335 274.607904
71.146688 18.526814 274.428683
70.463010 41.465444 272.759733
70.461681 41.047093 272.944963
70.524199 41.934746 272.758673
70.511440 42.882637 272.925685
70.509600 43.560289 272.958991
70.574457 44.424936 272.962339
70.575426 45.200099 272.937040
70.595615 46.122109 272.778483
70.595215 46.485578 272.799672
70.602118 46.894454 272.853272
70.656639 47.764994 272.940612
70.640870 48.322512 272.856140
70.660644 49.510455 272.761131
70.679674 49.096605 272.961233
70.655003 49.612342 272.769269
70.693480 50.271616 273.026947
70.706409 50.791467 272.624048
70.720870 51.191772 272.831648
70.724199 51.313440 272.854829
70.751820 52.632043 272.928271
70.759543 53.162964 272.916048
70.762682 53.906014 272.951623
70.818069 54.794237 272.900657
70.817991 55.468002 272.832960
70.832698 56.160191 272.739980
70.870067 57.488638 272.749952
70.870161 57.042071 272.830809
70.877895 57.951871 272.746381
70.917165 58.789843 272.756567
70.925222 58.994237 272.832208
70.949247 59.857574 272.950489
70.951901 60.393088 272.855014
70.967716 61.146320 272.888124
70.994045 61.980771 272.879617
71.034762 62.501665 272.766432
71.022442 62.909865 272.834000
71.060675 63.413537 272.757286
71.048249 64.034998 272.886661
71.124094 65.503755 272.792896
71.097565 65.169684 272.837373
71.149595 65.863890 272.750789
71.196729 66.744874 272.933799
71.176847 67.492891 272.918845
71.198236 68.525174 272.935365
71.896363 14.915633 274.845729
71.849909 15.463294 274.815920
71.888748 16.481501 274.849646
71.894819 17.309410 274.815357
71.874141 18.238103 274.902499
71.886121 18.426716 274.940967
71.574101 41.507148 272.942985
71.568250 41.968146 272.943457
71.588958 42.795438 273.109709
71.581782 43.592136 273.089370
71.602163 44.758905 272.974217
71.609117 45.200148 273.076067
71.577027 46.089358 273.100225
71.604831 46.878288 273.038261
71.617396 47.703474 273.101183
71.625962 48.462016 272.937305
71.614011 49.162321 273.024960
71.614008 49.999109 273.042422
71.622110 50.771905 272.892455
71.629257 51.553478 273.013703
71.666304 52.404046 273.025117
71.647091 53.206788 273.017709
71.652246 54.026205 273.097944
71.639548 54.621438 273.079065
71.648108 55.750354 272.968227
71.651091 56.446698 273.072558
71.667339 57.233022 273.029826
71.669106 57.989110 273.011019
71.689339 58.832826 272.994151
71.681743 59.747579 273.044387
71.674245 60.356759 272.986039
71.688810 61.113053 272.894831
71.673990 62.025652 273.054221
71.668832 62.986324 273.100047
71.669245 63.571656 272.926763
71.683216 64.384975 272.946730
71.705041 65.115591 272.995398
71.669416 65.910437 273.044123
71.535163 66.800582 272.991407
71.580901 67.672882 272.905525
71.591194 68.467004 272.984460
71.504995 69.242093 273.003913
71.276231 69.890743 272.764955
71.536333 70.052291 272.900717
71.241600 70.785506 272.645188
71.734153 70.850240 272.902615
71.274626 71.445786 272.666358
71.625013 71.645783 272.947062
71.329040 72.404158 272.752358
71.726774 72.372244 272.995209
71.365362 72.973352 272.778035
71.657008 73.295205 272.966694
71.391411 74.079238 272.724002
71.667883 74.008388 272.968850
71.480863 74.801010 272.751152
71.739038 74.726684 272.901512
71.545151 75.628611 272.885079
71.433452 76.241809 272.753849
71.647547 76.514994 272.844867
71.470872 77.089060 272.772796
71.646763 77.266464 272.831870
71.808666 78.263787 272.768835
71.596705 77.942510 272.896490
71.824325 78.491632 272.774788
71.661503 79.025946 272.907161
71.645149 79.594153 272.895279
71.581500 80.462782 272.758162
71.798735 80.400585 272.936065
71.590779 80.842606 272.789724
71.714825 81.136662 272.892140
71.649374 82.248802 272.769842
71.688075 81.918115 273.003705
71.671701 82.841332 272.765397
71.775067 82.792186 272.898649
71.660388 83.548572 272.724731
71.683888 83.880395 272.887246
71.831777 84.045651 272.771386
71.750633 84.487870 272.862669
71.727910 85.279800 272.788831
71.795684 85.254632 272.890568
71.828982 86.023049 272.699028
71.773088 85.735021 272.818058
71.844296 86.624236 272.766650
71.797896 86.827123 272.859687
71.801332 87.642508 272.925233
71.870687 88.495385 272.617531
71.861677 88.363584 272.978317
71.939417 89.182224 272.304147
71.965027 89.603379 272.122931
72.357696 41.230561 273.355586
72.372366 41.915741 273.316562
72.372599 42.703397 273.364415
72.402524 43.638401 273.409344
72.415643 44.310694 273.307952
72.455325 45.137615 273.388481
72.447927 46.116730 273.276268
72.469413 46.667977 273.386610
72.497473 47.566060 273.298447
72.506797 48.416509 273.452801
72.503931 49.144285 273.318507
72.543599 49.904696 273.240628
72.585611 50.845094 273.331178
72.601279 51.567174 273.225159
72.597853 52.298499 273.339123
72.609039 53.166869 273.353855
72.599465 53.821562 273.434709
72.668886 54.630458 273.422423
72.708592 55.644261 273.284557
72.713803 56.411986 273.321041
72.737140 57.101843 273.353212
72.764761 58.171471 273.330619
72.786734 58.720392 273.239623
72.786125 59.758164 273.330563
72.794563 60.134024 273.369965
72.003639 89.477169 272.013937
72.232034 90.034650 270.836259
72.055086 89.731072 271.760479
72.820096 59.088765 273.268559
72.826549 59.448401 273.254418
72.835021 60.513871 273.375443
72.881755 61.157828 273.377805
72.871584 62.153327 273.250875
72.912423 62.829792 273.355352
72.939595 63.644844 273.262025
72.957468 64.378582 273.344039
72.973464 65.164479 273.326421
73.006719 65.970944 273.246137
73.023294 66.848761 273.404737
73.055100 67.553406 273.382295
73.047323 68.426075 273.381398
73.066213 69.374861 273.446936
73.113423 70.163198 273.209721
73.113157 71.025237 273.321916
73.141449 71.702606 273.412652
73.216241 72.506506 273.275282
73.225181 73.161631 273.273508
73.228138 73.931556 273.359576
73.272451 74.776876 273.375407
73.288177 75.689603 273.294086
73.329102 76.307358 273.147624
73.321592 77.149731 273.318841
73.374187 77.965233 273.370119
73.426026 78.804779 273.373952
73.425372 79.508517 273.220355
73.456345 80.292709 273.333765
73.471643 81.220318 273.300479
73.525846 81.988355 273.365149
73.531992 82.756314 273.313051
73.558802 83.612043 273.451588
73.546867 84.438324 273.298039
73.584806 85.187906 273.395049
73.607353 85.197866 273.371619
73.641313 86.033270 273.382655
73.681365 87.062002 273.344158
73.706540 87.535307 273.380324
73.704363 88.499020 273.223336
73.844074 89.571150 272.725397
73.788383 89.167190 272.985998
73.878158 89.673702 272.578708
75.105600 14.802700 275.199000
74.523322 14.806739 275.272061
74.511518 15.507350 275.411292
74.635619 16.500184 275.446352
74.548908 17.187858 275.373077
74.699709 17.945466 275.311255
74.548075 18.528974 275.500563
74.947676 41.108325 273.720697
74.962471 41.958907 273.775025
74.952756 42.822959 273.713426
74.959360 43.597050 273.752728
74.974789 44.412494 273.661908
74.996632 45.442569 273.807486
74.993975 46.118889 273.729489
75.030350 46.941477 273.651600
74.989021 47.714112 273.695029
75.031217 48.319937 273.566822
75.007680 48.599163 273.654838
75.023565 49.373459 273.536107
74.997860 48.857357 273.655815
75.029837 50.075530 273.554076
75.059699 50.737623 273.529972
75.011080 51.647718 273.777239
75.030805 52.362511 273.705815
75.094823 53.380549 273.527208
75.079255 53.735575 273.563364
75.018008 54.132412 273.717595
75.016020 54.648328 273.695301
75.088101 55.692930 273.510993
75.099858 56.421372 273.573095
75.099112 57.022601 273.575626
75.106703 57.951369 273.510431
75.072204 58.767755 273.559525
75.081069 59.534143 273.506113
75.038736 59.906246 273.629299
75.096852 60.433676 273.506532
75.110490 61.215574 273.498482
75.105480 62.035966 273.485852
75.071949 62.767571 273.536939
75.090403 63.560921 273.483578
75.092652 64.491940 273.506471
75.067659 65.201070 273.574616
75.083725 66.085626 273.549257
75.139873 66.967593 273.474397
75.135144 67.238227 273.508898
75.075336 67.810877 273.611288
75.145343 68.420526 273.540091
75.141619 68.352245 273.609964
75.152938 69.054721 273.464267
75.129630 69.910090 273.502850
75.135017 70.745782 273.509650
75.116039 71.559797 273.510907
75.152024 72.524137 273.418447
75.150079 72.987393 273.482556
75.086715 73.303802 273.678138
75.096059 74.305992 273.578996
75.106898 73.785340 273.609032
75.172497 74.889264 273.478833
75.177091 75.602401 273.474156
75.156168 76.306342 273.532709
75.182602 77.206380 273.407629
75.173027 77.746093 273.412379
75.186562 78.678443 273.497358
75.177734 79.321492 273.550300
75.193003 81.355589 273.396071
75.187511 82.088365 273.421429
75.195016 82.622554 273.389420
75.604300 40.809600 273.586000
75.679575 41.300925 273.727750
75.738233 41.969233 273.719667
75.674733 42.715100 273.722667
75.710900 43.824900 273.594000
75.699650 43.549700 273.620000
75.729733 44.446633 273.521667
75.740100 44.950800 273.554000
75.726300 45.171500 273.619000
75.768900 45.704100 273.549000
75.771800 46.065567 273.702000
75.820400 46.764700 273.652500
75.846300 47.485867 273.661667
75.846400 48.626900 273.537500
75.871300 48.283100 273.724000
75.905367 49.299500 273.614667
75.958400 49.692400 273.565000
75.914500 51.144500 273.396000
75.912200 50.493750 273.637000
75.931300 51.544133 273.454000
75.922367 52.322167 273.391333
75.207120 80.368024 273.411842
75.203117 80.999765 273.410912
75.218562 82.964578 273.329056
75.229528 83.551070 273.471144
75.236058 84.457733 273.467075
75.224839 85.192461 273.503686
75.219832 86.079671 273.444080
75.229119 86.807393 273.448680
75.227868 87.665497 273.478437
75.244495 88.392836 273.309370
75.388352 89.558691 272.750292
75.309971 89.199668 273.012620
75.635334 90.138245 271.569885
75.503712 89.975753 272.126074
76.764129 38.409027 264.069581
76.032900 53.064500 273.594000
76.019900 53.398950 273.773500
76.051125 53.953975 273.719750
76.063800 54.581900 273.546000
76.117867 54.982600 273.656667
76.138425 55.659100 273.728000
76.157267 56.487000 273.619667
76.173567 57.258633 273.681000
76.172133 57.805067 273.572667
76.191900 58.283500 273.621000
76.214700 58.895667 273.656000
76.235300 59.462700 273.581500
76.277000 59.743050 273.643000
76.304100 60.435067 273.461667
76.311300 60.091500 273.614000
76.330040 61.209040 273.520000
76.372500 61.791900 273.599000
76.399300 62.275100 273.640000
76.416800 62.926100 273.596000
76.408550 62.653250 273.636500
76.425650 63.391150 273.574000
76.418000 63.581800 273.621000
76.515200 64.439050 273.531500
76.493300 64.120700 273.625000
76.528375 65.184625 273.491750
76.554400 65.775200 273.579000
76.595500 66.174567 273.659000
76.628200 66.917800 273.597000
76.610500 66.643550 273.634500
76.717800 67.827933 273.537333
76.662100 67.302900 273.604000
76.729333 68.588433 273.462333
76.762550 69.222250 273.531500
76.777550 69.835750 273.475000
77.485328 40.794402 273.922234
77.453336 41.167130 273.919278
77.521203 42.133010 274.064236
77.490837 42.760114 273.868921
77.511685 43.608255 273.881282
77.556360 44.503032 273.990798
77.595152 46.232145 273.808556
77.599762 46.445117 273.939608
76.808300 69.404900 273.632000
76.800300 70.159100 273.616000
76.899000 71.632850 273.423000
76.998400 72.995800 273.514000
77.042000 73.937467 273.575667
77.058200 74.549100 273.641000
77.086600 75.406300 273.634000
78.222281 40.907334 274.199861
78.210627 42.007087 274.336686
78.248508 42.871357 274.198427
78.218812 43.603029 274.322405
78.266013 44.437000 274.178736
77.898599 45.206095 274.081859
78.000501 45.991694 273.992263
77.870197 46.812333 273.962699
77.938087 47.565154 273.961222
77.651996 48.076602 273.594027
78.082216 48.384964 274.099815
77.967633 49.350657 274.033573
77.898666 49.930874 273.987054
77.975169 50.723749 274.011864
77.878055 51.743491 273.973324
78.003924 52.453005 274.018052
78.057481 53.183193 274.036271
78.109310 54.022339 274.093486
78.069647 54.705053 274.046168
78.064497 55.648534 274.022915
78.146177 56.359652 273.947690
78.272142 57.256858 274.104430
78.023856 58.242933 273.966197
78.174415 58.854032 274.062133
78.129547 59.602100 273.845238
78.147992 60.450191 274.037056
78.292577 60.400272 274.480308
78.271954 61.130827 274.105777
78.253207 62.167082 274.091960
78.296934 62.862919 274.024822
78.284975 63.568353 273.968920
78.334981 64.403038 274.026232
78.349051 65.177497 274.062698
78.339133 65.955072 274.152490
78.347372 66.796104 274.111697
78.354239 67.565220 274.246487
78.348783 68.259352 274.071861
78.344338 69.222209 274.079861
78.344934 70.102330 274.050414
78.361360 71.538020 274.098854
78.370831 72.059748 274.072465
78.382605 73.042356 274.051250
78.390567 74.013990 274.114763
78.382226 74.733338 274.053697
78.397437 75.443931 274.025345
78.389167 76.994128 274.005469
78.614989 17.023351 286.597228
78.678106 18.227445 286.056546
78.719447 19.136687 286.226433
78.707160 19.319802 286.214750
78.550486 68.785052 274.055630
78.563319 68.948047 274.089681
78.582886 69.848153 274.074902
78.618786 70.562663 274.058101
78.682650 71.782714 273.872944
78.405756 77.369819 274.056334
78.408650 79.017049 274.131677
78.412882 79.636349 274.101119
78.424975 80.436785 274.078729
78.417684 82.015366 274.181468
78.416628 82.805751 274.008513
78.416373 83.757061 274.019734
78.427852 84.383482 273.928521
78.444693 85.488439 274.001755
78.443293 85.785704 274.081450
78.439030 86.576216 273.969048
78.470229 87.551823 274.199054
78.455387 88.397036 274.159287
78.576102 89.391036 273.473105
78.472871 88.975961 273.796208
78.988148 90.150441 271.921258
78.806939 90.102462 272.457272
78.647244 89.807266 273.119694
79.414597 20.169308 286.340974
80.647097 18.120017 286.644896
80.659825 18.934166 286.427240
81.560723 20.392666 286.951011
81.375266 94.171843 285.361718
81.994161 16.908361 286.956594
81.996754 18.002946 286.972706
82.033251 18.733083 286.752011
81.813376 20.162853 286.774456
81.679209 94.248018 284.231040
82.395510 93.998994 293.435327
83.164843 94.074904 287.161783
83.083337 94.073858 287.772636
83.003691 94.078992 288.404498
82.926759 94.080333 289.029362
82.817445 94.060430 289.786646
82.711266 94.054594 290.576949
82.597077 94.064107 291.563254
82.472716 94.071432 292.534539
82.444771 94.049758 292.894467
82.409308 93.915403 293.728269
83.936725 17.947662 287.162665
83.904287 18.142557 287.256800
83.919752 18.705737 287.350717
83.301480 94.091457 286.365046
83.248583 94.091217 286.583950
83.989472 94.230787 296.312163
83.907024 94.247168 297.010034
83.798924 94.245996 297.853342
83.692047 94.237737 298.684645
83.607529 94.244032 299.367503
83.506527 94.229760 300.214310
83.412432 94.207891 301.059123
83.368498 94.119546 301.797959
84.364865 18.629617 287.272384
84.725224 94.208201 290.388437
84.643400 94.211949 291.019297
84.604835 94.213467 291.392230
84.484766 94.207046 292.331512
84.354685 94.207917 293.275784
84.279676 94.202490 293.984146
84.158998 94.206089 294.954437
84.072796 94.217593 295.627297
84.795619 94.182880 310.862678
84.724000 94.173387 311.579580
84.623447 94.132443 312.684389
84.584912 93.972878 313.550043
85.188463 94.191460 287.055238
85.085917 94.222504 287.580087
84.977584 94.221548 288.357395
84.896456 94.202100 289.135733
84.813555 94.200359 289.754585
85.506988 94.175166 305.316966
85.388966 94.179376 306.206341
85.296960 94.182006 306.907242
85.211943 94.184119 307.618150
85.130229 94.171846 308.375035
84.996877 94.166697 309.423875
84.898946 94.174285 310.145779
86.392700 94.138760 298.174395
86.349046 94.146295 298.567360
86.231993 94.159710 299.611754
86.105369 94.164668 300.632121
86.013434 94.155107 301.275999
85.919521 94.156372 301.983895
85.779641 94.166217 303.008756
85.692034 94.173048 303.709670
85.612425 94.175877 304.413586
86.397470 94.310723 326.261125
86.306004 94.306924 327.047112
86.255971 94.296275 327.492089
86.156999 94.301530 328.301091
86.087601 94.232966 329.235460
86.009096 94.181625 330.154860
86.042031 94.055318 330.436629
86.491757 17.069957 288.178041
86.520078 17.972476 288.043294
86.566037 18.852384 287.839024
87.142877 94.157989 292.351278
87.021282 94.157676 293.305140
86.935964 94.154449 293.932037
86.855032 94.152703 294.569943
86.751932 94.150384 295.398822
86.644808 94.157132 296.244714
86.520938 94.153674 297.221568
87.140203 94.262535 320.290089
87.048434 94.267243 321.072091
86.928796 94.272431 322.073592
86.798958 94.279433 323.065096
86.697482 94.293987 323.874116
86.594513 94.298388 324.657116
86.495440 94.307248 325.463126
87.358034 18.513296 287.702521
87.488719 18.882464 288.687762
87.670831 94.153979 288.472366
87.550851 94.147886 289.153718
87.465025 94.155953 289.783637
87.344500 94.172400 290.758532
87.224920 94.172812 291.699398
87.962808 94.169992 313.721975
87.873635 94.184616 314.495996
87.768756 94.211130 315.271038
87.665072 94.245096 316.073093
87.563794 94.268492 316.859130
87.426847 94.269787 317.987122
87.331934 94.260036 318.773098
87.232169 94.262200 319.523094
88.788785 94.139455 307.150977
88.701124 94.140011 307.853972
88.612660 94.145841 308.570977
88.523300 94.144897 309.273969
88.427885 94.145807 310.026964
88.284036 94.159069 311.116978
88.190976 94.157310 311.826968
88.101412 94.160008 312.560967
88.010745 94.166185 313.305972
89.209661 17.252776 288.925372
89.195890 20.347117 288.740622
89.247583 20.533039 288.821167
89.580714 94.144946 300.934044
89.470286 94.152527 301.807050
89.356966 94.147560 302.651033
89.224184 94.139999 303.648509
89.092790 94.148947 304.696017
89.004030 94.151925 305.387016
88.919673 94.148816 306.072004
88.874144 94.140188 306.452985
89.521218 94.258901 328.092817
89.421074 94.268730 328.914911
89.319222 94.271796 329.720990
89.187675 94.271222 330.751582
89.052738 94.285786 331.808211
88.955440 94.315720 332.714350
88.841687 94.399596 333.727627
89.923376 18.724759 288.476250
89.889289 19.630674 288.082926
89.971110 20.134789 288.608368
90.342017 94.208788 294.709216
90.214940 94.201140 295.647193
90.124890 94.196147 296.268177
90.018534 94.172752 297.048126
89.925660 94.173713 297.909121
89.858109 94.162670 298.563096
89.768335 94.159758 299.437085
89.668964 94.154575 300.293068
90.286815 94.232685 321.908215
90.151163 94.230449 322.857305
90.047486 94.233000 323.626384
89.954029 94.240879 324.428469
89.859361 94.238814 325.206531
89.766908 94.246480 326.014614
89.717317 94.244099 326.466644
89.621473 94.254230 327.288736
91.048068 94.209830 289.441269
90.950820 94.222371 289.934285
90.850558 94.213599 290.703261
90.743587 94.217458 291.508261
90.619557 94.216964 292.444751
90.497216 94.232297 293.421271
90.421768 94.222619 294.038247
91.130569 94.084541 314.981272
91.025203 94.135665 315.804466
90.974583 94.155447 316.229548
90.820446 94.188396 317.373734
90.723350 94.195906 318.118820
90.675543 94.196878 318.548856
90.587278 94.209779 319.342949
90.501312 94.217292 320.132027
90.411652 94.230273 320.934121
91.929912 94.115358 308.468779
91.884104 94.126416 308.904837
91.680780 94.185685 310.822120
91.543441 94.130002 311.748087
91.444580 94.068643 312.565514
91.324106 94.024986 313.376996
91.245041 94.028208 314.164060
91.919490 94.226896 331.372865
91.814415 94.234634 332.196075
91.679126 94.256230 333.256364
91.525312 94.358915 334.318818
92.156033 93.963896 306.917266
92.028614 94.072990 307.705610
92.712541 94.180625 324.819298
92.593743 94.191080 325.846039
92.474636 94.191947 326.865764
92.379844 94.200203 327.679956
92.279323 94.202684 328.477149
92.179740 94.208832 329.295346
92.129047 94.204415 329.729435
92.023851 94.214271 330.541648
93.136586 17.326738 289.415684
93.157298 18.346588 289.186049
93.150667 18.531305 289.134485
93.197912 19.672828 289.265117
93.191356 20.271587 289.224852
93.553427 94.127768 317.987631
93.430682 94.139707 318.961881
93.339323 94.149822 319.740069
93.249736 94.149665 320.501238
93.201526 94.147364 320.926325
93.104044 94.153598 321.691518
93.004082 94.162513 322.467720
92.904310 94.166638 323.237915
92.810873 94.172235 324.027100
93.551815 94.358608 334.858172
94.366418 94.136685 311.601116
94.256553 94.066674 312.360710
94.139291 93.978750 313.064288
94.054252 93.956133 313.739412
93.967857 93.985389 314.555622
93.851757 94.029986 315.587912
93.727773 94.087863 316.631239
94.376548 94.214501 328.248721
94.253413 94.210245 329.259544
94.134351 94.211842 330.298366
94.036587 94.215432 331.109633
93.934149 94.223004 331.930920
93.827766 94.239437 332.774233
93.704148 94.309681 333.991184
94.761839 93.993247 308.325641
94.632788 94.033266 309.248448
94.556675 94.022427 309.939574
94.469259 94.062697 310.746803
95.122553 94.124707 322.205573
95.020635 94.141228 322.997873
94.917208 94.156056 323.786175
94.811960 94.167296 324.566475
94.716385 94.182992 325.374758
94.665607 94.176754 325.799883
94.574140 94.185748 326.610144
94.475176 94.198237 327.422430
95.847322 18.292722 289.535276
95.851931 18.482058 289.576572
95.863099 18.864641 289.713667
95.708956 93.923394 300.645246
95.419521 94.018451 302.906944
95.265722 94.121284 303.412396
95.974096 93.916212 315.476942
95.850209 94.008524 316.329429
95.734383 94.070570 317.162843
95.629627 94.096612 317.942167
95.530074 94.116256 318.721467
95.433859 94.122944 319.475736
95.328922 94.115111 320.447004
95.220114 94.114856 321.430295
95.990757 94.225677 330.617842
95.928839 94.228231 331.439690
95.869948 94.238050 332.288555
95.811584 94.255833 333.164433
95.752698 94.290354 334.085332
95.733221 94.331326 334.613340
95.688731 94.423911 335.565356
96.569334 93.910759 293.089605
96.739828 93.981444 309.010001
96.630441 94.027399 309.780371
96.550733 94.044786 310.538615
96.468370 94.100306 311.394930
96.321043 94.191720 312.004476
96.790194 94.156439 318.851756
96.761441 94.155670 319.260683
96.682259 94.145434 320.400470
96.608309 94.127816 321.529260
96.554415 94.138989 322.340140
96.528982 94.145180 322.779085
96.442444 94.174190 323.992907
96.416894 94.182273 324.437854
96.361780 94.192735 325.256730
96.310138 94.204283 326.086616
96.249917 94.201188 326.871460
96.190592 94.196492 327.658304
96.162953 94.191877 328.101229
96.107823 94.198629 328.927099
96.049741 94.213254 329.771973
96.872672 20.124849 289.680886
97.229807 93.901909 308.422946
97.484044 94.024983 309.342324
97.413576 94.056920 310.101189
97.377442 94.075633 310.888125
97.330023 94.111500 311.705055
97.230066 94.118241 312.599311
97.125652 94.022597 313.260414
97.040108 93.978912 314.177138
97.029388 93.996849 315.541141
96.940058 94.061791 316.474003
96.938237 94.098921 318.029056
97.807750 18.004477 289.964470
97.808151 19.011119 289.763172
97.812930 20.275964 290.063803
98.376705 94.105021 333.809449
98.315771 94.155541 334.757392
98.278800 94.315091 335.981489
99.162423 94.000411 322.220741
99.103837 93.998016 322.986634
99.042612 94.004500 323.772531
98.987614 94.022348 324.596451
98.939601 94.037589 325.429382
98.917765 94.039716 325.890345
98.867475 94.047467 326.712264
98.811095 94.055123 327.528171
98.755767 94.070753 328.369089
98.706020 94.084475 329.221015
98.649055 94.083037 330.029912
98.619863 94.075283 330.468852
98.558348 94.065569 331.252733
98.501942 94.068809 332.083635
98.437019 94.079839 332.922531
99.412121 18.069904 290.225305
99.430981 18.547896 290.239322
99.959040 93.886346 310.690042
99.912126 93.885395 311.415958
99.885304 93.940991 312.300968
99.799138 93.999622 312.933872
99.766762 93.763203 314.622578
99.687749 93.745538 315.351419
99.601904 93.820660 316.190341
99.540853 93.881185 317.035294
99.476042 93.929928 317.860228
99.416445 93.966979 318.680159
99.357377 93.993143 319.486080
99.300151 94.006930 320.270992
99.231025 94.008715 321.251371
100.042916 93.853355 309.770159
100.776150 94.199285 327.532065
100.720070 94.212046 328.360980
100.661016 94.218419 329.176883
100.601083 94.219102 329.981778
100.539935 94.222178 330.794674
100.475081 94.226749 331.610565
100.415573 94.238293 332.455472
100.383224 94.227763 332.878405
100.329990 94.238695 333.738323
100.282712 94.252705 334.622255
100.269103 94.335902 335.734315
100.178933 94.468258 336.758287
101.343638 20.084036 290.787756
101.542435 93.946933 317.028157
101.458235 94.029287 317.854091
101.389031 94.087239 318.688027
101.326840 94.128598 319.516959
101.262044 94.146904 320.297863
101.202742 94.160707 321.082773
101.145944 94.169913 321.866682
101.078332 94.171161 322.856065
101.011014 94.171006 323.849447
100.959650 94.184678 324.669371
100.910908 94.190161 325.478292
100.862631 94.200326 326.306218
100.836045 94.198380 326.748169
101.765496 93.988317 312.771586
101.610089 93.859258 316.116189
103.196452 94.134189 330.551741
103.141582 94.145164 331.393701
103.069033 94.163023 332.476155
102.999990 94.173190 333.555598
102.947887 94.189114 334.424570
102.889161 94.216406 335.309557
102.833481 94.255516 336.237570
102.731542 94.336868 337.029610
103.967003 94.033821 319.301406
103.911849 94.064135 320.122402
103.858819 94.082883 320.926379
103.797338 94.089200 321.692323
103.740929 94.101077 322.480283
103.676131 94.105600 323.478719
103.608546 94.103237 324.469140
103.551930 94.111001 325.264092
103.495890 94.124426 326.079055
103.446922 94.141711 326.917034
103.397697 94.143658 327.721983
103.375771 94.141075 328.180954
103.316402 94.128802 328.941865
103.255191 94.128766 329.735796
104.628074 93.919519 310.302924
104.600653 93.947929 310.659948
104.529764 93.968039 311.427906
104.409376 93.940236 312.559718
104.344001 93.984689 313.568730
104.269031 94.008497 314.231691
104.094376 93.881417 317.544257
104.019298 93.989066 318.448378
106.358744 94.253944 335.078726
106.309354 94.280142 335.984772
106.246058 94.367374 337.219430
107.190554 94.132146 322.769550
107.129784 94.139585 323.542559
107.071412 94.149201 324.328574
107.021835 94.164458 325.148599
106.968562 94.174041 325.953614
106.919084 94.188891 326.777639
106.893947 94.188662 327.218637
106.845671 94.199210 328.043654
106.791198 94.206878 328.856665
106.737721 94.220109 329.689686
106.685641 94.235220 330.533711
106.617896 94.245234 331.588226
106.538964 94.237736 332.592707
106.472100 94.231251 333.376691
106.413024 94.240069 334.215703
107.966855 94.077234 312.530996
107.919118 94.010790 313.325370
107.858288 93.965959 313.920283
107.775327 93.971465 314.597287
107.696247 94.007546 315.343349
107.578842 94.031507 316.440885
107.520179 93.980051 317.454286
107.487817 93.971296 318.231269
107.444716 94.021495 319.138360
107.415076 94.034863 319.525383
107.349891 94.068824 320.339441
107.294610 94.093895 321.150485
107.244229 94.116554 321.969524
108.023883 94.001325 311.444358
109.577074 94.268745 337.116166
109.496637 94.336056 337.993381
110.394607 94.093491 324.126160
110.344855 94.108265 324.940231
110.281050 94.128217 325.974824
110.211436 94.138512 326.989399
110.151779 94.152497 327.796475
110.094138 94.175414 328.633570
110.037294 94.191651 329.461649
109.979233 94.191077 330.251690
109.953737 94.185134 330.692695
109.905395 94.185897 331.511732
109.856753 94.186463 332.329769
109.805414 94.189010 333.154813
109.750072 94.189570 333.973854
109.696935 94.190014 334.799894
109.646316 94.198585 335.657951
109.621336 94.207063 336.132989
110.526591 18.153334 292.684243
110.550803 18.451700 292.490422
111.171215 93.940242 312.581238
111.172628 93.920704 313.026193
111.161231 93.911394 313.756181
111.064169 93.929436 314.851793
110.911007 93.982824 315.829525
110.749071 93.889116 319.224427
110.675209 93.961009 320.067648
110.612055 94.013313 320.908815
110.550290 94.043797 321.715931
110.495130 94.068375 322.527028
110.442265 94.083090 323.323101
112.785140 94.264139 330.094170
112.769832 94.230751 330.891147
112.753301 94.186278 331.243107
112.433349 94.038446 336.411479
112.337996 94.168257 337.377868
112.285607 94.231350 338.365070
112.231005 94.329255 339.406332
112.126860 94.462628 340.269742
112.996455 11.199364 297.437038
112.980547 10.928464 298.054134
113.032984 11.729273 296.549154
113.006194 11.357105 297.165273
113.087388 12.530778 295.570006
113.050453 12.059347 296.093317
113.144583 13.270818 294.874588
113.186919 14.093819 294.257665
113.173764 13.733686 294.481777
113.215581 14.772695 293.865036
113.252702 15.658979 293.418225
113.228994 15.205247 293.650040
113.272580 16.506388 293.138051
113.293618 17.154382 292.960304
113.292460 18.276794 292.767361
113.301790 17.809655 292.855426
113.304673 18.839341 292.694493
113.308113 19.599113 292.713459
113.300469 20.170312 292.759393
113.312158 20.553958 292.826988
113.315722 21.129941 292.931909
113.302458 21.997176 293.169229
113.281305 22.883653 293.462046
113.267276 23.569836 293.775760
113.244829 24.378179 294.283104
113.228966 24.768186 294.503428
113.209274 25.189346 294.876143
113.188829 25.594996 295.234835
113.160262 26.040012 295.715605
113.113925 26.661892 296.443694
113.045347 27.023049 296.973404
113.528787 93.770333 318.766960
113.490326 93.797764 319.547078
113.437400 93.878469 320.464309
113.366245 93.952582 321.310563
113.301834 93.992255 322.120749
113.245627 94.019133 322.929899
113.189071 94.032157 323.710027
113.137213 94.037886 324.488135
113.109882 94.036210 324.902184
113.050025 94.048235 325.681317
112.989942 94.077289 326.504478
112.932730 94.117779 327.367652
112.877644 94.159748 328.244825
112.830033 94.212450 329.165001
113.895404 93.841069 313.295377
113.827378 93.889053 314.098583
113.780525 93.887369 314.823669
113.730033 93.907524 315.585798
113.628021 93.948945 316.234056
114.393031 94.128175 336.966842
114.346852 94.177426 337.930052
114.264380 94.249348 338.785395
114.132166 94.347358 339.400913
114.862424 9.421072 298.010215
114.654106 9.335819 298.468000
114.865640 10.206914 296.497193
114.761656 9.881360 297.157290
114.653235 9.647584 297.708420
115.076278 11.058395 295.170206
114.804394 10.863747 295.603762
114.639804 10.562459 296.138626
115.120839 11.892512 294.284996
114.864814 11.542919 294.805600
114.632813 11.291130 295.204598
114.892162 12.466448 293.977786
114.636305 12.037983 294.506623
114.966694 13.221438 293.369816
114.631787 13.060569 293.672002
114.654084 13.994797 293.127331
114.650322 14.830824 292.672460
114.649491 14.460352 292.846953
114.661630 15.685032 292.297652
114.676825 16.436755 292.102716
114.681375 17.191839 291.896006
114.694968 17.955071 291.748581
114.703953 18.811826 291.682423
114.707826 19.673676 291.676708
114.714410 20.443788 291.725525
114.735710 21.221657 291.883892
114.746643 21.708170 291.988084
114.748417 22.105132 292.090297
114.748653 22.793877 292.277821
114.759410 23.580762 292.567673
114.772793 24.391358 292.979564
114.785099 25.093606 293.370472
114.791714 25.526981 293.684415
114.794189 26.025909 294.032103
114.927427 26.894923 294.750105
115.173953 27.236341 294.942335
114.964353 27.663471 295.576898
114.947178 28.207091 296.288368
114.920210 28.646528 297.015118
114.739807 28.905253 297.654905
115.184108 94.019358 324.423010
115.140207 94.078352 325.568732
115.119269 94.166613 326.590941
115.024312 94.237706 327.224315
114.579205 93.943858 335.186030
114.466891 94.059186 336.031526
115.202653 13.443248 293.101900
115.235415 14.186922 292.672404
115.214258 13.713357 292.951826
115.249066 14.821749 292.359358
115.282868 15.843412 291.961746
115.274778 15.477155 292.091481
115.294030 16.396878 291.819253
115.306658 17.230070 291.638279
115.324035 17.976919 291.495997
115.330225 18.816214 291.394451
115.330089 19.659944 291.380580
115.336675 20.417910 291.461596
115.343279 21.182558 291.597874
115.335236 21.950659 291.773446
115.325666 22.524855 291.921444
115.319328 23.005733 292.081442
115.309259 23.697956 292.375976
115.301724 24.287312 292.681495
115.288181 24.674437 292.870687
115.257839 25.385447 293.301639
115.248045 25.777941 293.598664
115.231910 26.111762 293.878273
115.216121 26.503108 294.202479
115.896459 93.804378 313.789216
115.808213 93.860177 314.538547
115.769278 93.863799 315.284659
115.758353 93.902024 316.152757
115.708271 93.927336 317.168437
115.647519 93.857532 317.954983
115.551992 93.784018 319.300117
115.496947 93.830838 320.162345
115.422007 93.895408 320.990656
115.347021 93.966637 322.049480
115.250006 94.008207 323.434313
117.218192 7.945846 298.458311
117.201273 8.083336 298.056418
117.178169 9.257917 295.661893
117.181262 10.303668 294.379620
117.177305 9.827413 294.916633
117.183450 10.752662 293.941828
117.189213 11.591658 293.166935
117.189244 12.327904 292.567346
117.213411 13.450458 291.929857
117.211514 13.084124 292.127150
117.211333 14.013928 291.622623
117.229574 15.132515 291.187586
117.222765 14.761680 291.318533
117.240393 15.605402 291.031584
117.250413 16.358482 290.808114
117.257106 17.202139 290.620329
117.265502 18.053517 290.531855
117.282164 18.846928 290.502771
117.296447 19.579290 290.520205
117.301122 20.313678 290.559290
117.311460 21.118376 290.689039
117.320248 21.986788 290.833484
117.333327 22.861104 291.065093
117.343044 23.660630 291.414170
117.349703 24.450313 291.755482
117.359545 24.942461 291.983748
117.364760 25.358679 292.264179
117.372825 25.964095 292.646807
117.378470 26.361727 292.914220
117.381919 26.797189 293.283001
117.381398 27.192911 293.624068
117.379578 27.639612 294.084184
117.382811 28.289934 294.788850
117.385949 28.752520 295.397658
117.389007 28.946956 295.659861
117.383293 29.311375 296.233220
117.389776 29.773030 297.121201
117.368979 30.086497 297.887982
119.044575 7.814581 298.024142
119.078167 9.565948 294.698925
119.076223 8.849678 295.710216
119.076971 10.128322 294.040144
119.079187 9.782355 294.419140
119.074711 10.869098 293.288204
119.080333 10.516897 293.627867
119.081978 11.704797 292.591541
119.073241 11.223139 292.975551
119.087890 12.634874 291.933970
119.083235 12.258478 292.181090
119.099113 13.193532 291.626291
119.107082 14.211989 291.116227
119.105171 13.753030 291.327104
119.113212 14.869103 290.826970
119.123512 15.616749 290.606727
119.135359 16.642748 290.360012
119.134149 16.270249 290.459308
119.148953 17.211001 290.235097
119.166324 18.057157 290.109714
119.166593 18.811320 290.045960
119.170798 19.570223 290.044967
119.180729 20.334235 290.112990
119.193517 21.100886 290.218520
119.201891 21.581729 290.305011
119.207684 21.870773 290.363307
119.211935 22.261386 290.453201
119.216509 22.848702 290.616289
119.220769 23.625636 290.862065
119.231824 24.212649 291.106666
119.231806 24.626644 291.314575
119.237709 25.216088 291.602169
119.251396 25.710884 291.889183
119.253761 26.137466 292.178942
119.253911 26.729160 292.556528
119.258791 27.169342 292.947639
119.259792 27.465597 293.196434
119.256800 28.208121 293.913998
119.245375 28.704831 294.474136
119.299174 29.153456 294.974676
119.268076 29.417855 295.369883
119.262187 29.785166 295.964237
119.248184 30.101639 296.492525
121.613408 8.452090 296.245417
121.652007 9.262600 294.853003
121.633629 8.895513 295.474284
121.670317 10.005850 293.907439
121.681777 11.192312 292.776711
121.675721 10.714808 293.197045
121.691651 11.638372 292.459322
121.704470 12.476709 291.874851
121.706092 12.116680 292.117500
121.705833 13.216991 291.430596
121.708382 14.049619 291.023935
121.724045 14.895426 290.682815
121.731577 15.542812 290.482558
121.745336 16.383746 290.269076
121.757935 17.228683 290.085051
121.770424 17.979115 290.005746
121.784026 18.735583 289.999704
121.794423 19.586159 289.981238
121.799062 20.438942 289.986469
121.806704 21.203914 290.095436
121.816739 21.972593 290.253414
121.825673 22.454668 290.373344
121.824695 22.850049 290.488430
121.837768 23.535085 290.748168
121.855350 24.315278 291.057927
121.858996 25.114261 291.435455
121.871636 25.810274 291.851465
121.871937 26.237809 292.148614
121.875858 26.731302 292.494060
121.879764 27.564275 293.179155
121.893672 28.310012 293.919261
121.898560 28.765433 294.451470
121.901479 29.060467 294.775536
121.902901 29.421915 295.249728
121.908614 29.616894 295.524107
121.895561 30.063915 296.297947
121.885042 30.335985 296.836455
121.849862 30.589032 297.434898
124.933442 8.377071 298.284052
124.986556 9.260646 296.253691
124.932085 8.932748 297.110080
125.022750 10.170297 294.889878
124.969953 9.675574 295.789458
125.052736 10.898106 294.029978
125.064079 11.627490 293.368330
125.071785 12.552039 292.670293
125.071880 12.193326 292.919629
125.082403 13.300965 292.200931
125.084521 14.034208 291.814790
125.092926 14.782572 291.486177
125.116821 15.996724 291.101179
125.104270 15.428860 291.276126
125.117916 16.461250 290.980290
125.119835 17.205496 290.808170
125.133096 17.954610 290.710309
125.144097 18.802627 290.656182
125.154662 19.655055 290.652713
125.162496 20.430231 290.722151
125.174686 21.183261 290.844798
125.182371 21.949045 290.964218
125.190910 22.622810 291.134135
125.190356 23.007810 291.242182
125.192258 23.607026 291.471893
125.218632 24.389520 291.820746
125.220269 24.778716 292.003468
125.217357 25.289040 292.300414
125.231295 25.888440 292.695527
125.233120 26.218885 292.942140
125.247608 26.715450 293.315813
125.254257 27.549468 294.063611
125.252097 28.194505 294.772307
125.255086 28.650490 295.347654
125.258319 28.940844 295.724193
125.251807 29.297629 296.270855
125.232489 29.652463 296.895512
125.248472 30.143034 297.940424
128.216207 9.540875 299.030577
128.229175 10.300078 297.362335
128.206426 9.982123 298.001611
128.243750 10.871036 296.441655
128.243303 10.512381 296.978820
128.265648 11.688289 295.450295
128.245981 11.223914 296.023476
128.282564 12.422932 294.750746
128.294733 13.163954 294.134715
128.308106 14.181297 293.477995
128.307088 13.714695 293.756241
128.312887 14.827861 293.173583
128.333959 15.855441 292.781216
128.327901 15.485822 292.902024
128.331602 16.398753 292.613685
128.337581 17.279415 292.323535
128.352696 18.008765 292.242477
128.365169 18.766449 292.231237
128.374957 19.526454 292.243254
128.383808 20.383666 292.290148
128.403335 21.249185 292.463006
128.410760 22.027995 292.654069
128.411696 22.517588 292.786711
128.410744 22.904836 292.909283
128.424812 23.589550 293.224705
128.429470 24.105387 293.521407
128.432950 24.498508 293.741989
128.441984 25.102051 294.154726
128.449386 25.521066 294.478700
128.449000 25.930124 294.811323
128.450745 26.354384 295.200646
128.446831 26.772445 295.645626
128.445449 27.190197 296.137603
128.431052 27.542240 296.630436
128.445287 28.076721 297.456176
130.937945 12.526467 298.181355
130.908034 12.172555 298.834343
130.952106 13.243472 297.234229
130.972650 13.974950 296.523366
130.989870 14.898185 295.822817
130.985203 14.440938 296.129841
131.009240 15.645204 295.411732
131.013478 16.481462 295.108069
131.014044 16.108694 295.233468
131.014621 17.144426 294.841382
131.035665 17.992419 294.702257
131.045139 18.848892 294.653317
131.054843 19.613845 294.654530
131.071865 20.387284 294.774493
131.083834 21.162910 294.947469
131.085400 21.745784 295.135405
131.082431 22.156599 295.312072
131.084665 22.744520 295.564514
131.097114 23.236466 295.833783
131.094264 23.664848 296.176479
131.100287 24.059557 296.462104
131.086863 24.594622 297.009991
131.074377 25.011463 297.447686
132.962478 18.373718 298.097445
132.965516 18.755798 298.051084
132.970880 19.335952 298.080052
